timestamp,frame,fps,latency_ms,yolo_inference_ms,face_mesh_ms,cpu_usage_percent
2026-08-20 19:51:52,1,2.33,429.88,0.0,8.0,5.0
2026-08-20 19:51:52,2,3.23,41.64,0.0,21.06,16.1
2026-08-20 19:51:55,3,2.93,3227.05,3193.51,15.59,14.1
2026-08-20 19:51:55,4,6.51,12.7,0.0,9.37,73.2
2026-08-20 19:51:55,5,10.95,14.69,0.0,8.01,86.4
2026-08-20 19:51:55,6,11.06,78.03,27.17,4.03,74.0
2026-08-20 19:51:55,7,13.47,10.05,0.0,6.11,68.3
2026-08-20 19:51:55,8,18.46,9.8,0.0,5.12,68.4
2026-08-20 19:51:56,9,18.83,38.92,26.94,7.37,80.6
2026-08-20 19:51:56,10,21.6,12.37,0.0,7.68,75.0
2026-08-20 19:51:56,11,22.33,15.54,0.0,9.38,92.5
2026-08-20 19:51:56,12,21.73,45.39,26.94,3.57,89.3
2026-08-20 19:51:56,13,23.49,8.27,0.0,5.22,82.5
2026-08-20 19:51:56,14,26.96,9.66,0.0,6.25,100.0
2026-08-20 19:51:56,15,26.97,31.49,23.53,5.04,78.0
2026-08-20 19:51:56,16,28.34,8.17,0.0,4.89,80.5
2026-08-20 19:51:56,17,34.19,8.56,0.0,4.93,100.0
2026-08-20 19:51:56,18,32.11,63.01,23.29,5.95,71.7
2026-08-20 19:51:56,19,32.85,8.78,0.0,4.78,71.4
2026-08-20 19:51:56,20,35.86,8.62,0.0,5.22,90.0
2026-08-20 19:51:56,21,34.4,39.77,18.34,13.54,78.3
2026-08-20 19:51:56,22,34.71,18.45,0.0,13.26,76.2
2026-08-20 19:51:56,23,36.23,8.02,0.0,3.56,70.0
2026-08-20 19:51:56,24,34.02,62.32,22.5,4.03,74.7
2026-08-20 19:51:56,25,34.7,8.45,0.0,5.44,59.1
2026-08-20 19:51:56,26,36.2,13.53,0.0,6.2,82.1
2026-08-20 19:51:56,27,34.62,30.63,21.72,5.85,70.5
2026-08-20 19:51:56,28,34.98,10.28,0.0,6.57,65.0
2026-08-20 19:51:56,29,38.65,8.21,0.0,5.17,85.0
2026-08-20 19:51:56,30,36.47,51.72,21.67,4.23,72.5
2026-08-20 19:51:56,31,38.05,8.22,0.0,5.3,65.0
2026-08-20 19:51:56,32,38.72,14.69,0.0,5.67,80.0
2026-08-20 19:51:56,33,37.08,28.57,19.38,6.17,78.0
2026-08-20 19:51:56,34,37.51,6.67,0.0,3.37,63.6
2026-08-20 19:51:56,35,39.88,7.43,0.0,4.41,65.0
2026-08-20 19:51:56,36,37.08,76.37,24.71,4.22,77.1
2026-08-20 19:51:56,37,37.16,8.21,0.0,5.09,60.9
2026-08-20 19:51:56,38,40.23,8.0,0.0,4.08,71.4
2026-08-20 19:51:57,39,38.92,28.88,21.03,4.79,77.6
2026-08-20 19:51:57,40,38.79,8.45,0.0,5.39,63.6
2026-08-20 19:51:57,41,40.7,10.24,0.0,5.07,75.0
2026-08-20 19:51:57,42,38.2,57.88,21.38,4.48,70.0
2026-08-20 19:51:57,43,37.83,8.37,0.0,5.09,70.0
2026-08-20 19:51:57,44,39.08,12.19,0.0,6.28,80.0
2026-08-20 19:51:57,45,37.53,36.73,28.47,4.51,90.0
2026-08-20 19:51:57,46,38.94,12.07,0.0,5.03,73.7
2026-08-20 19:51:57,47,38.74,7.65,0.0,4.55,60.9
2026-08-20 19:51:57,48,36.27,63.67,19.34,5.65,72.0
2026-08-20 19:51:57,49,36.94,8.3,0.0,4.6,70.0
2026-08-20 19:51:57,50,38.16,13.88,0.0,5.39,75.0
2026-08-20 19:51:57,51,36.38,30.93,23.57,3.84,77.2
2026-08-20 19:51:57,52,37.05,7.59,0.0,4.61,56.5
2026-08-20 19:51:57,53,41.57,9.21,0.0,5.34,65.0
2026-08-20 19:51:57,54,38.93,63.04,22.34,5.24,75.3
2026-08-20 19:51:57,55,40.13,11.23,0.0,6.57,65.0
2026-08-20 19:51:57,56,39.51,10.26,0.0,6.27,67.5
2026-08-20 19:51:57,57,38.22,31.74,21.91,5.04,79.7
2026-08-20 19:51:57,58,38.53,7.94,0.0,4.94,63.6
2026-08-20 19:51:57,59,39.71,12.22,0.0,5.88,84.6
2026-08-20 19:51:57,60,36.84,86.86,33.19,5.51,90.4
2026-08-20 19:51:57,61,39.9,8.06,0.0,5.1,75.0
2026-08-20 19:51:57,62,41.8,9.17,0.0,4.48,75.0
2026-08-20 19:51:57,63,40.22,31.43,24.07,4.63,76.7
2026-08-20 19:51:57,64,39.11,18.01,0.0,13.82,65.9
2026-08-20 19:51:57,65,39.92,7.66,0.0,4.47,65.0
2026-08-20 19:51:57,66,37.68,48.62,25.0,3.82,73.8
2026-08-20 19:51:57,67,38.74,7.91,0.0,4.68,70.0
2026-08-20 19:51:57,68,40.45,10.84,0.0,5.47,85.3
2026-08-20 19:51:58,69,39.19,30.76,21.6,5.87,66.0
2026-08-20 19:51:58,70,39.06,9.08,0.0,3.49,79.4
2026-08-20 19:51:58,71,39.07,19.13,0.0,13.39,57.7
2026-08-20 19:51:58,72,36.23,80.91,37.91,4.12,72.5
2026-08-20 19:51:58,73,36.89,9.65,0.0,5.0,80.5
2026-08-20 19:51:58,74,37.32,17.94,0.0,14.48,80.0
2026-08-20 19:51:58,75,35.77,31.84,22.29,5.1,78.3
2026-08-20 19:51:58,76,36.19,9.3,0.0,5.41,72.5
2026-08-20 19:51:58,77,38.62,10.84,0.0,5.94,85.7
2026-08-20 19:51:58,78,37.14,36.85,22.1,4.43,86.5
2026-08-20 19:51:58,79,38.86,7.73,0.0,4.78,64.3
2026-08-20 19:51:58,80,39.07,16.11,0.0,6.09,85.0
2026-08-20 19:51:58,81,37.23,32.56,24.64,4.83,75.0
2026-08-20 19:51:58,82,37.69,8.36,0.0,4.63,82.1
2026-08-20 19:51:58,83,39.54,10.71,0.0,5.24,65.0
2026-08-20 19:51:58,84,36.88,72.56,26.88,3.9,78.4
2026-08-20 19:51:58,85,39.73,8.38,0.0,5.32,70.0
2026-08-20 19:51:58,86,39.46,19.3,0.0,5.48,70.7
2026-08-20 19:51:58,87,37.69,33.22,25.41,4.83,70.0
2026-08-20 19:51:58,88,40.88,7.33,0.0,3.48,100.0
2026-08-20 19:51:58,89,41.11,8.03,0.0,4.03,80.5
2026-08-20 19:51:58,90,38.54,57.25,23.45,6.07,82.5
2026-08-20 19:51:58,91,40.79,9.63,0.0,5.81,65.0
2026-08-20 19:51:58,92,40.24,22.27,0.0,7.29,75.0
2026-08-20 19:51:58,93,38.56,33.13,23.95,4.82,78.0
2026-08-20 19:51:58,94,38.86,9.16,0.0,4.04,71.4
2026-08-20 19:51:58,95,41.86,8.22,0.0,4.93,65.0
2026-08-20 19:51:58,96,38.89,74.63,26.2,3.71,75.5
2026-08-20 19:51:58,97,37.94,15.12,0.0,11.84,71.0
2026-08-20 19:51:59,98,38.4,7.72,0.0,4.65,85.7
2026-08-20 19:51:59,99,36.99,32.79,22.67,5.19,76.7
2026-08-20 19:51:59,100,37.87,7.2,0.0,3.43,65.0
2026-08-20 19:51:59,101,40.15,7.69,0.0,4.59,75.0
2026-08-20 19:51:59,102,37.89,48.63,25.1,3.82,75.0
2026-08-20 19:51:59,103,38.64,8.11,0.0,5.16,65.0
2026-08-20 19:51:59,104,40.85,9.6,0.0,5.1,75.0
2026-08-20 19:51:59,105,39.45,30.88,21.99,5.14,78.0
2026-08-20 19:51:59,106,39.52,21.02,0.0,4.51,61.9
2026-08-20 19:51:59,107,41.01,10.6,0.0,5.58,88.9
2026-08-20 19:51:59,108,37.92,93.79,25.97,13.6,70.4
2026-08-20 19:51:59,109,38.38,7.81,0.0,3.8,81.0
2026-08-20 19:51:59,110,39.74,10.86,0.0,7.79,77.5
2026-08-20 19:51:59,111,38.11,37.55,26.97,5.65,80.0
2026-08-20 19:51:59,112,40.12,7.24,0.0,3.45,65.0
2026-08-20 19:51:59,113,42.18,7.81,0.0,4.73,75.0
2026-08-20 19:51:59,114,39.66,50.38,22.72,4.72,75.3
2026-08-20 19:51:59,115,40.33,8.46,0.0,4.09,79.5
2026-08-20 19:51:59,116,40.62,15.64,0.0,5.3,81.0
2026-08-20 19:51:59,117,38.64,31.58,23.9,4.14,75.4
2026-08-20 19:51:59,118,38.81,8.33,0.0,5.24,79.5
2026-08-20 19:51:59,119,40.67,10.29,0.0,4.57,85.7
2026-08-20 19:51:59,120,37.94,69.08,23.59,5.32,73.3
2026-08-20 19:51:59,121,39.36,8.71,0.0,3.82,83.3
2026-08-20 19:51:59,122,40.14,13.91,0.0,4.95,75.0
2026-08-20 19:51:59,123,38.26,28.81,21.95,3.52,72.1
2026-08-20 19:51:59,124,38.35,7.84,0.0,4.87,70.7
2026-08-20 19:51:59,125,39.94,10.27,0.0,5.3,80.0
2026-08-20 19:51:59,126,37.58,55.43,24.81,5.81,81.2
2026-08-20 19:51:59,127,39.97,8.82,0.0,5.31,76.2
2026-08-20 19:51:59,128,40.47,15.65,0.0,3.34,66.7
2026-08-20 19:52:00,129,38.26,37.83,25.3,6.2,90.2
2026-08-20 19:52:00,130,40.19,8.46,0.0,4.21,70.0
2026-08-20 19:52:00,131,41.97,10.19,0.0,4.4,70.0
2026-08-20 19:52:00,132,39.02,75.47,24.88,4.26,81.4
2026-08-20 19:52:00,133,42.58,9.39,0.0,5.97,65.0
2026-08-20 19:52:00,134,42.21,19.0,0.0,5.0,77.5
2026-08-20 19:52:00,135,40.34,29.6,20.81,4.38,75.0
2026-08-20 19:52:00,136,40.76,19.48,0.0,5.02,73.2
2026-08-20 19:52:00,137,41.7,9.38,0.0,6.46,65.0
2026-08-20 19:52:00,138,38.94,64.53,23.75,7.78,80.0
2026-08-20 19:52:00,139,39.49,7.49,0.0,3.49,65.0
2026-08-20 19:52:00,140,41.55,7.98,0.0,5.12,80.0
2026-08-20 19:52:00,141,39.94,31.4,22.06,6.06,72.1
2026-08-20 19:52:00,142,40.07,7.5,0.0,4.15,75.0
2026-08-20 19:52:00,143,42.11,8.73,0.0,4.53,65.0
2026-08-20 19:52:00,144,38.96,87.37,22.57,13.49,73.6
2026-08-20 19:52:00,145,40.91,8.85,0.0,5.69,80.6
2026-08-20 19:52:00,146,42.84,9.56,0.0,4.18,72.7
2026-08-20 19:52:00,147,41.14,32.26,24.69,4.57,71.4
2026-08-20 19:52:00,148,41.48,7.5,0.0,4.16,77.8
2026-08-20 19:52:00,149,43.31,9.24,0.0,5.55,73.9
2026-08-20 19:52:00,150,40.4,63.68,23.1,3.74,74.7
2026-08-20 19:52:00,151,40.45,9.53,0.0,6.55,71.1
2026-08-20 19:52:00,152,41.24,14.32,0.0,3.56,83.3
2026-08-20 19:52:00,153,39.27,29.66,21.66,3.66,73.8
2026-08-20 19:52:00,154,38.91,9.14,0.0,6.09,72.5
2026-08-20 19:52:00,155,41.19,9.4,0.0,5.71,90.5
2026-08-20 19:52:00,156,38.47,64.89,20.86,4.96,72.5
2026-08-20 19:52:00,157,38.92,8.73,0.0,5.66,78.0
2026-08-20 19:52:00,158,39.66,14.36,0.0,4.72,75.0
2026-08-20 19:52:01,159,37.86,29.37,21.36,4.95,73.3
2026-08-20 19:52:01,160,38.04,7.14,0.0,3.43,72.5
2026-08-20 19:52:01,161,40.13,8.1,0.0,5.02,80.0
2026-08-20 19:52:01,162,37.95,46.49,19.95,4.56,69.5
2026-08-20 19:52:01,163,38.29,7.26,0.0,3.84,70.7
2026-08-20 19:52:01,164,39.37,11.64,0.0,3.37,78.9
2026-08-20 19:52:01,165,37.36,33.55,24.09,5.34,78.9
2026-08-20 19:52:01,166,38.58,7.66,0.0,3.63,62.5
2026-08-20 19:52:01,167,41.07,7.92,0.0,4.91,71.4
2026-08-20 19:52:01,168,38.25,69.8,22.04,3.42,73.0
2026-08-20 19:52:01,169,40.79,8.06,0.0,3.74,89.5
2026-08-20 19:52:01,170,40.22,20.47,0.0,5.35,73.8
2026-08-20 19:52:01,171,38.35,35.84,28.05,4.62,82.5
2026-08-20 19:52:01,172,38.97,10.35,0.0,5.63,56.5
2026-08-20 19:52:01,173,41.43,10.42,0.0,5.57,80.0
2026-08-20 19:52:01,174,38.72,64.18,23.85,6.17,78.8
2026-08-20 19:52:01,175,39.64,7.51,0.0,4.5,66.7
2026-08-20 19:52:01,176,41.52,9.69,0.0,5.28,80.0
2026-08-20 19:52:01,177,40.14,29.82,21.85,4.95,75.0
2026-08-20 19:52:01,178,39.98,8.75,0.0,4.51,72.5
2026-08-20 19:52:01,179,40.67,14.58,0.0,6.73,71.4
2026-08-20 19:52:01,180,37.75,80.65,25.11,6.5,85.5
2026-08-20 19:52:01,181,39.61,7.59,0.0,4.54,80.0
2026-08-20 19:52:01,182,40.59,12.89,0.0,3.83,75.0
2026-08-20 19:52:01,183,38.54,31.65,22.39,5.97,74.2
2026-08-20 19:52:01,184,38.96,7.54,0.0,3.82,76.3
2026-08-20 19:52:01,185,40.92,8.58,0.0,5.62,91.3
2026-08-20 19:52:01,186,38.55,50.39,21.22,5.31,77.5
2026-08-20 19:52:01,187,39.56,7.62,0.0,4.63,70.0
2026-08-20 19:52:01,188,39.72,15.82,0.0,5.59,68.3
2026-08-20 19:52:02,189,38.02,27.74,19.99,3.88,70.0
2026-08-20 19:52:02,190,38.13,6.47,0.0,3.47,67.5
2026-08-20 19:52:02,191,40.78,6.47,0.0,3.52,76.2
2026-08-20 19:52:02,192,38.0,67.57,21.07,4.49,69.0
2026-08-20 19:52:02,193,39.24,8.94,0.0,5.96,65.0
2026-08-20 19:52:02,194,39.35,17.74,0.0,4.68,67.5
2026-08-20 19:52:02,195,37.81,27.38,20.93,3.43,76.4
2026-08-20 19:52:02,196,39.18,14.78,0.0,3.69,58.3
2026-08-20 19:52:02,197,39.34,7.82,0.0,3.75,61.9
2026-08-20 19:52:02,198,37.07,52.01,20.06,3.89,71.2
2026-08-20 19:52:02,199,38.21,8.6,0.0,5.24,78.4
2026-08-20 19:52:02,200,38.86,15.38,0.0,3.47,77.3
2026-08-20 19:52:02,201,37.1,30.35,22.27,5.01,73.8
2026-08-20 19:52:02,202,37.15,8.94,0.0,4.31,82.1
2026-08-20 19:52:02,203,40.49,7.69,0.0,4.15,78.9
2026-08-20 19:52:02,204,37.69,71.89,21.75,5.86,70.6
2026-08-20 19:52:02,205,40.09,8.54,0.0,5.53,76.2
2026-08-20 19:52:02,206,39.99,18.19,0.0,4.15,68.4
2026-08-20 19:52:02,207,38.12,33.22,26.85,3.33,70.8
2026-08-20 19:52:02,208,39.39,6.89,0.0,3.42,74.4
2026-08-20 19:52:02,209,41.53,7.7,0.0,3.78,94.7
2026-08-20 19:52:02,210,38.9,57.57,22.85,4.63,69.1
2026-08-20 19:52:02,211,42.39,7.13,0.0,3.67,75.0
2026-08-20 19:52:02,212,41.68,19.97,0.0,3.86,79.5
2026-08-20 19:52:02,213,39.89,29.97,22.45,3.93,69.0
2026-08-20 19:52:02,214,40.22,19.88,0.0,5.05,70.0
2026-08-20 19:52:02,215,41.65,7.99,0.0,4.06,68.4
2026-08-20 19:52:02,216,38.65,77.63,22.71,5.7,76.9
2026-08-20 19:52:02,217,38.91,6.42,0.0,3.37,67.5
2026-08-20 19:52:02,218,40.77,7.73,0.0,4.08,80.0
2026-08-20 19:52:03,219,39.58,26.39,17.94,3.46,72.5
2026-08-20 19:52:03,220,38.17,33.73,0.0,13.42,78.3
2026-08-20 19:52:03,221,38.74,9.0,0.0,5.88,70.0
2026-08-20 19:52:03,222,36.92,41.65,21.12,3.55,67.2
2026-08-20 19:52:03,223,39.19,10.46,0.0,6.37,80.0
2026-08-20 19:52:03,224,38.68,24.34,0.0,5.06,70.0
2026-08-20 19:52:03,225,37.59,29.32,21.08,5.18,80.0
2026-08-20 19:52:03,226,37.87,7.08,0.0,3.43,66.7
2026-08-20 19:52:03,227,40.01,8.46,0.0,3.41,65.0
2026-08-20 19:52:03,228,37.11,83.3,25.62,5.62,69.4
2026-08-20 19:52:03,229,38.75,7.33,0.0,3.9,70.0
2026-08-20 19:52:03,230,39.74,12.09,0.0,3.86,76.9
2026-08-20 19:52:03,231,37.88,27.42,21.03,3.4,71.9
2026-08-20 19:52:03,232,40.03,12.31,0.0,5.02,60.0
2026-08-20 19:52:03,233,44.84,8.11,0.0,5.14,0.0
2026-08-20 19:52:03,234,41.75,63.94,20.26,3.67,71.4
2026-08-20 19:52:03,235,42.15,6.26,0.0,3.28,77.3
2026-08-20 19:52:03,236,42.83,10.69,0.0,3.67,76.9
2026-08-20 19:52:03,237,41.59,27.51,21.29,3.3,80.5
2026-08-20 19:52:03,238,40.48,28.39,0.0,5.06,67.5
2026-08-20 19:52:03,239,40.5,6.48,0.0,3.42,73.7
2026-08-20 19:52:03,240,37.73,68.72,22.62,3.3,72.3
2026-08-20 19:52:03,241,39.42,7.54,0.0,4.46,66.7
2026-08-20 19:52:03,242,39.72,15.15,0.0,4.97,66.7
2026-08-20 19:52:03,243,37.92,30.38,22.34,5.05,70.0
2026-08-20 19:52:03,244,38.4,6.27,0.0,3.22,70.0
2026-08-20 19:52:03,245,40.49,7.13,0.0,3.8,73.7
2026-08-20 19:52:03,246,37.9,59.51,23.54,6.01,69.5
2026-08-20 19:52:03,247,38.6,16.03,0.0,13.06,76.9
2026-08-20 19:52:03,248,39.96,7.54,0.0,4.06,63.6
2026-08-20 19:52:04,249,38.71,27.86,20.31,4.59,76.9
2026-08-20 19:52:04,250,38.89,6.61,0.0,3.44,68.3
2026-08-20 19:52:04,251,40.74,8.57,0.0,4.55,75.0
2026-08-20 19:52:04,252,37.87,75.47,20.3,5.54,82.2
2026-08-20 19:52:04,253,37.85,6.54,0.0,3.53,65.0
2026-08-20 19:52:04,254,40.36,6.41,0.0,3.39,71.4
2026-08-20 19:52:04,255,38.87,29.37,21.2,3.56,81.6
2026-08-20 19:52:04,256,39.17,6.65,0.0,3.54,76.2
2026-08-20 19:52:04,257,41.07,8.29,0.0,3.18,70.0
2026-08-20 19:52:04,258,38.45,59.12,21.26,4.88,83.3
2026-08-20 19:52:04,259,38.31,7.79,0.0,4.8,70.0
2026-08-20 19:52:04,260,40.0,9.93,0.0,3.65,90.0
2026-08-20 19:52:04,261,38.7,31.02,21.81,6.0,75.9
2026-08-20 19:52:04,262,38.95,8.25,0.0,4.63,50.0
2026-08-20 19:52:04,263,42.03,7.13,0.0,3.74,65.0
2026-08-20 19:52:04,264,38.94,80.86,22.8,5.05,69.4
2026-08-20 19:52:04,265,39.02,10.49,0.0,6.99,65.0
2026-08-20 19:52:04,266,40.96,11.71,0.0,3.54,75.0
2026-08-20 19:52:04,267,40.0,27.43,19.2,5.21,78.6
2026-08-20 19:52:04,268,39.46,24.76,0.0,3.4,54.2
2026-08-20 19:52:04,269,42.19,8.9,0.0,5.77,70.0
2026-08-20 19:52:04,270,39.31,67.73,24.51,4.98,74.3
2026-08-20 19:52:04,271,40.71,6.97,0.0,3.92,65.0
2026-08-20 19:52:04,272,41.37,12.12,0.0,6.07,82.1
2026-08-20 19:52:04,273,40.02,32.01,21.95,3.74,68.3
2026-08-20 19:52:04,274,38.15,31.87,0.0,6.36,68.3
2026-08-20 19:52:04,275,38.79,7.84,0.0,4.86,65.0
2026-08-20 19:52:04,276,36.62,50.27,20.66,4.57,71.2
2026-08-20 19:52:04,277,37.75,7.59,0.0,4.28,65.0
2026-08-20 19:52:04,278,38.4,14.24,0.0,4.52,79.5
2026-08-20 19:52:05,279,36.78,28.24,21.95,3.18,71.7
2026-08-20 19:52:05,280,37.71,17.83,0.0,5.71,63.6
2026-08-20 19:52:05,281,38.91,6.49,0.0,3.51,65.0
2026-08-20 19:52:05,282,36.52,62.54,22.33,4.79,78.4
2026-08-20 19:52:05,283,36.04,10.17,0.0,4.85,62.8
2026-08-20 19:52:05,284,39.92,7.54,0.0,3.86,70.0
2026-08-20 19:52:05,285,38.63,27.97,20.67,4.12,82.5
2026-08-20 19:52:05,286,37.36,19.07,0.0,5.41,83.3
2026-08-20 19:52:05,287,38.57,8.84,0.0,5.11,76.3
2026-08-20 19:52:05,288,36.2,60.07,23.67,4.68,74.4
2026-08-20 19:52:05,289,36.45,6.47,0.0,3.51,72.5
2026-08-20 19:52:05,290,39.15,6.25,0.0,3.23,75.0
2026-08-20 19:52:05,291,37.65,31.54,24.18,3.98,75.0
2026-08-20 19:52:05,292,38.45,6.5,0.0,3.57,76.9
2026-08-20 19:52:05,293,38.49,16.73,0.0,12.45,71.4
2026-08-20 19:52:05,294,36.48,39.31,19.93,3.37,74.7
2026-08-20 19:52:05,295,38.38,9.29,0.0,4.31,63.6
2026-08-20 19:52:05,296,38.1,21.95,0.0,3.96,67.5
2026-08-20 19:52:05,297,36.89,28.38,18.8,4.91,85.0
2026-08-20 19:52:05,298,35.59,38.08,0.0,4.04,70.0
2026-08-20 19:52:05,299,37.99,7.54,0.0,3.53,75.0
2026-08-20 19:52:05,300,35.63,61.18,23.56,4.46,75.3
2026-08-20 19:52:05,301,35.94,7.46,0.0,3.39,56.5
2026-08-20 19:52:05,302,38.32,8.01,0.0,5.23,80.0
2026-08-20 19:52:05,303,37.11,30.29,22.28,4.85,74.6
2026-08-20 19:52:05,304,36.53,15.21,0.0,7.52,95.2
2026-08-20 19:52:05,305,38.3,10.12,0.0,6.43,100.0
2026-08-20 19:52:05,306,36.06,59.11,23.0,4.44,85.0
2026-08-20 19:52:05,307,37.24,7.32,0.0,4.53,70.0
2026-08-20 19:52:05,308,39.04,9.64,0.0,3.59,66.7
2026-08-20 19:52:06,309,37.92,29.45,22.5,4.04,72.1
2026-08-20 19:52:06,310,36.16,31.56,0.0,5.74,73.8
2026-08-20 19:52:06,311,36.3,10.81,0.0,6.73,80.0
2026-08-20 19:52:06,312,34.49,35.81,24.27,3.51,69.2
2026-08-20 19:52:06,313,34.73,17.39,0.0,14.17,75.0
2026-08-20 19:52:06,314,35.71,8.8,0.0,4.72,75.0
2026-08-20 19:52:06,315,34.7,31.88,24.05,4.65,80.0
2026-08-20 19:52:06,316,35.15,9.72,0.0,4.5,75.0
2026-08-20 19:52:06,317,38.66,8.17,0.0,4.75,85.7
2026-08-20 19:52:06,318,36.27,60.09,24.95,4.3,80.4
2026-08-20 19:52:06,319,36.45,7.82,0.0,4.59,75.0
2026-08-20 19:52:06,320,38.62,9.08,0.0,5.8,85.0
2026-08-20 19:52:06,321,37.44,30.38,22.83,4.63,78.0
2026-08-20 19:52:06,322,36.31,21.67,0.0,5.84,66.7
2026-08-20 19:52:06,323,38.54,7.09,0.0,3.95,70.0
2026-08-20 19:52:06,324,35.79,88.47,37.84,7.07,83.6
2026-08-20 19:52:06,325,37.29,12.4,0.0,5.6,100.0
2026-08-20 19:52:06,326,40.28,6.34,0.0,3.5,70.0
2026-08-20 19:52:06,327,38.96,27.56,20.96,3.58,74.6
2026-08-20 19:52:06,328,43.73,7.09,0.0,3.99,83.3
2026-08-20 19:52:06,329,45.28,8.46,0.0,3.43,72.7
2026-08-20 19:52:06,330,42.19,61.54,24.61,5.06,73.8
2026-08-20 19:52:06,331,41.93,8.46,0.0,5.35,75.0
2026-08-20 19:52:06,332,43.81,8.91,0.0,4.23,76.2
2026-08-20 19:52:06,333,42.02,31.46,22.61,5.7,75.0
2026-08-20 19:52:06,334,40.2,34.37,0.0,4.43,76.7
2026-08-20 19:52:06,335,43.12,8.41,0.0,5.3,78.9
2026-08-20 19:52:06,336,40.24,62.2,21.51,4.94,72.8
2026-08-20 19:52:06,337,40.48,8.43,0.0,5.25,85.4
2026-08-20 19:52:06,338,41.03,14.21,0.0,3.73,75.0
2026-08-20 19:52:07,339,38.93,32.13,24.09,4.96,80.0
2026-08-20 19:52:07,340,39.25,8.3,0.0,5.16,85.0
2026-08-20 19:52:07,341,40.91,10.25,0.0,7.09,80.0
2026-08-20 19:52:07,342,38.67,48.23,21.34,4.89,75.4
2026-08-20 19:52:07,343,39.09,8.09,0.0,5.04,78.1
2026-08-20 19:52:07,344,40.55,10.73,0.0,4.36,100.0
2026-08-20 19:52:07,345,39.24,31.06,20.37,5.33,77.6
2026-08-20 19:52:07,346,37.46,30.86,0.0,5.27,72.9
2026-08-20 19:52:07,347,37.65,8.82,0.0,4.46,73.9
2026-08-20 19:52:07,348,35.5,54.45,24.82,4.28,72.5
2026-08-20 19:52:07,349,37.55,8.76,0.0,5.66,70.0
2026-08-20 19:52:07,350,38.73,13.03,0.0,5.7,88.2
2026-08-20 19:52:07,351,36.89,31.28,22.77,4.42,72.6
2026-08-20 19:52:07,352,37.4,7.54,0.0,3.72,58.3
2026-08-20 19:52:07,353,39.89,7.63,0.0,3.66,65.0
2026-08-20 19:52:07,354,37.49,54.65,22.24,5.09,72.5
2026-08-20 19:52:07,355,40.41,6.65,0.0,3.68,61.9
2026-08-20 19:52:07,356,40.35,16.1,0.0,5.06,67.5
2026-08-20 19:52:07,357,38.42,31.67,23.8,3.85,79.7
2026-08-20 19:52:07,358,37.31,29.68,0.0,7.52,73.8
2026-08-20 19:52:07,359,39.25,8.41,0.0,5.37,75.0
2026-08-20 19:52:07,360,36.88,57.01,22.24,5.57,77.5
2026-08-20 19:52:07,361,41.83,6.6,0.0,3.87,75.0
2026-08-20 19:52:07,362,40.93,21.49,0.0,3.41,73.8
2026-08-20 19:52:07,363,39.41,28.45,19.34,4.02,70.5
2026-08-20 19:52:07,364,39.23,7.01,0.0,3.74,75.0
2026-08-20 19:52:07,365,39.27,16.68,0.0,12.67,70.0
2026-08-20 19:52:07,366,37.08,42.26,20.08,6.2,72.8
2026-08-20 19:52:07,367,40.87,7.6,0.0,4.01,100.0
2026-08-20 19:52:07,368,39.8,25.32,0.0,4.63,73.2
2026-08-20 19:52:08,369,38.37,33.2,20.01,8.05,75.0
2026-08-20 19:52:08,370,37.1,23.38,0.0,4.62,78.2
2026-08-20 19:52:08,371,40.2,6.58,0.0,3.57,65.2
2026-08-20 19:52:08,372,37.67,57.83,19.47,4.71,71.6
2026-08-20 19:52:08,373,41.48,7.0,0.0,3.99,78.9
2026-08-20 19:52:08,374,40.48,23.2,0.0,4.01,64.3
2026-08-20 19:52:08,375,38.97,30.77,22.23,5.32,76.9
2026-08-20 19:52:08,376,39.06,7.81,0.0,4.11,71.4
2026-08-20 19:52:08,377,42.27,6.09,0.0,3.37,70.0
2026-08-20 19:52:08,378,39.47,60.42,21.88,3.51,66.7
2026-08-20 19:52:08,379,39.54,6.77,0.0,3.63,71.8
2026-08-20 19:52:08,380,40.63,10.64,0.0,5.44,85.0
2026-08-20 19:52:08,381,39.59,27.76,19.09,5.5,69.2
2026-08-20 19:52:08,382,37.74,43.17,0.0,5.37,68.2
2026-08-20 19:52:08,383,40.95,9.0,0.0,4.86,65.0
2026-08-20 19:52:08,384,38.28,62.97,20.81,4.3,72.5
2026-08-20 19:52:08,385,37.44,18.13,0.0,13.66,70.0
2026-08-20 19:52:08,386,38.31,7.85,0.0,4.73,70.0
2026-08-20 19:52:08,387,37.06,31.26,22.65,4.71,72.9
2026-08-20 19:52:08,388,37.49,8.15,0.0,5.11,61.9
2026-08-20 19:52:08,389,39.8,8.67,0.0,5.32,85.0
2026-08-20 19:52:08,390,37.61,48.49,18.95,3.51,73.8
2026-08-20 19:52:08,391,38.42,7.39,0.0,4.84,65.0
2026-08-20 19:52:08,392,38.97,14.62,0.0,3.89,78.4
2026-08-20 19:52:08,393,38.76,24.24,18.45,3.37,65.2
2026-08-20 19:52:08,394,36.8,45.9,0.0,5.27,72.5
2026-08-20 19:52:08,395,37.22,6.8,0.0,3.74,61.9
2026-08-20 19:52:08,396,35.01,56.7,22.61,5.38,80.0
2026-08-20 19:52:08,397,38.08,8.51,0.0,5.17,62.5
2026-08-20 19:52:08,398,38.44,16.52,0.0,6.35,63.6
2026-08-20 19:52:09,399,36.69,32.27,23.89,5.36,78.7
2026-08-20 19:52:09,400,37.61,6.6,0.0,3.56,80.6
2026-08-20 19:52:09,401,39.27,9.06,0.0,4.03,68.2
2026-08-20 19:52:09,402,36.99,53.71,23.23,4.47,72.5
2026-08-20 19:52:09,403,39.24,7.41,0.0,4.35,60.9
2026-08-20 19:52:09,404,39.29,17.12,0.0,4.35,65.0
2026-08-20 19:52:09,405,37.69,28.12,20.0,3.78,75.9
2026-08-20 19:52:09,406,36.78,31.06,0.0,3.41,61.9
2026-08-20 19:52:09,407,37.28,7.36,0.0,3.66,67.5
2026-08-20 19:52:09,408,35.13,54.99,24.25,3.67,72.2
2026-08-20 19:52:09,409,38.03,8.08,0.0,4.1,75.0
2026-08-20 19:52:09,410,37.87,19.49,0.0,5.42,81.0
2026-08-20 19:52:09,411,36.12,36.44,27.67,4.92,80.6
2026-08-20 19:52:09,412,37.39,8.97,0.0,5.71,81.0
2026-08-20 19:52:09,413,40.77,7.52,0.0,4.49,85.0
2026-08-20 19:52:09,414,38.26,59.83,21.13,3.89,79.8
2026-08-20 19:52:09,415,41.04,8.26,0.0,3.82,78.9
2026-08-20 19:52:09,416,40.61,20.0,0.0,3.95,73.2
2026-08-20 19:52:09,417,38.84,31.57,22.2,5.18,72.9
2026-08-20 19:52:09,418,37.4,25.5,0.0,6.76,65.9
2026-08-20 19:52:09,419,41.38,6.97,0.0,3.99,80.0
2026-08-20 19:52:09,420,38.74,57.69,19.55,5.07,74.7
2026-08-20 19:52:09,421,42.66,6.56,0.0,3.61,65.0
2026-08-20 19:52:09,422,41.46,23.67,0.0,4.71,72.5
2026-08-20 19:52:09,423,39.84,31.33,20.9,5.2,71.2
2026-08-20 19:52:09,424,39.92,8.9,0.0,3.97,72.7
2026-08-20 19:52:09,425,42.44,8.79,0.0,3.83,65.0
2026-08-20 19:52:09,426,39.63,63.57,21.14,4.18,74.5
2026-08-20 19:52:09,427,40.0,7.15,0.0,4.12,59.1
2026-08-20 19:52:09,428,41.8,8.41,0.0,3.41,66.7
2026-08-20 19:52:10,429,40.46,27.65,20.64,3.28,81.8
2026-08-20 19:52:10,430,38.62,40.97,0.0,3.44,60.0
2026-08-20 19:52:10,431,40.87,9.78,0.0,5.72,78.9
2026-08-20 19:52:10,432,38.15,66.9,24.96,3.8,69.9
2026-08-20 19:52:10,433,39.36,7.42,0.0,4.41,65.0
2026-08-20 19:52:10,434,41.0,9.41,0.0,4.32,81.6
2026-08-20 19:52:10,435,39.48,32.21,23.31,5.74,71.4
2026-08-20 19:52:10,436,39.08,12.46,0.0,4.18,66.7
2026-08-20 19:52:10,437,42.67,10.67,0.0,6.18,75.0
2026-08-20 19:52:10,438,39.71,70.83,24.57,4.74,72.7
2026-08-20 19:52:10,439,42.34,6.97,0.0,4.47,71.4
2026-08-20 19:52:10,440,42.54,14.03,0.0,3.87,66.7
2026-08-20 19:52:10,441,40.38,29.75,21.09,4.53,78.3
2026-08-20 19:52:10,442,39.45,14.8,0.0,5.2,67.5
2026-08-20 19:52:10,443,39.66,7.44,0.0,4.42,70.7
2026-08-20 19:52:10,444,37.37,51.91,20.95,3.58,75.9
2026-08-20 19:52:10,445,38.89,7.4,0.0,4.42,63.6
2026-08-20 19:52:10,446,38.9,18.13,0.0,6.02,61.9
2026-08-20 19:52:10,447,37.19,32.97,22.0,5.97,80.0
2026-08-20 19:52:10,448,37.88,7.67,0.0,4.81,74.4
2026-08-20 19:52:10,449,40.59,7.57,0.0,4.41,84.2
2026-08-20 19:52:10,450,38.07,56.46,21.13,5.35,75.6
2026-08-20 19:52:10,451,40.47,8.59,0.0,4.66,71.4
2026-08-20 19:52:10,452,40.63,16.89,0.0,3.61,73.9
2026-08-20 19:52:10,453,39.03,25.44,17.39,4.77,75.9
2026-08-20 19:52:10,454,37.45,36.51,0.0,3.96,80.0
2026-08-20 19:52:10,455,39.71,6.64,0.0,3.54,75.0
2026-08-20 19:52:10,456,37.18,60.05,22.82,5.14,71.6
2026-08-20 19:52:10,457,37.35,8.24,0.0,5.28,70.7
2026-08-20 19:52:10,458,40.22,7.34,0.0,3.22,100.0
2026-08-20 19:52:11,459,38.73,30.85,21.22,4.58,75.6
2026-08-20 19:52:11,460,38.86,8.88,0.0,4.8,74.4
2026-08-20 19:52:11,461,41.08,9.63,0.0,3.73,61.9
2026-08-20 19:52:11,462,38.42,62.34,19.25,5.09,71.4
2026-08-20 19:52:11,463,38.44,8.87,0.0,4.04,59.1
2026-08-20 19:52:11,464,40.95,8.57,0.0,3.54,65.0
2026-08-20 19:52:11,465,39.57,29.44,21.89,3.84,71.2
2026-08-20 19:52:11,466,37.94,24.38,0.0,4.85,63.4
2026-08-20 19:52:11,467,40.55,7.48,0.0,4.42,75.0
2026-08-20 19:52:11,468,37.91,61.92,20.59,5.43,68.0
2026-08-20 19:52:11,469,38.33,7.49,0.0,4.45,65.0
2026-08-20 19:52:11,470,39.6,11.09,0.0,4.97,74.4
2026-08-20 19:52:11,471,38.41,31.15,21.54,5.66,70.0
2026-08-20 19:52:11,472,38.21,10.5,0.0,3.87,70.0
2026-08-20 19:52:11,473,42.44,7.55,0.0,4.58,0.0
2026-08-20 19:52:11,474,39.57,64.28,22.72,3.71,70.0
2026-08-20 19:52:11,475,39.98,7.63,0.0,4.74,79.5
2026-08-20 19:52:11,476,41.09,11.29,0.0,5.29,81.0
2026-08-20 19:52:11,477,40.0,28.31,19.07,3.51,76.3
2026-08-20 19:52:11,478,38.07,44.84,0.0,6.15,64.5
2026-08-20 19:52:11,479,38.37,6.7,0.0,3.65,82.1
2026-08-20 19:52:11,480,36.13,53.38,24.19,5.22,70.4
2026-08-20 19:52:11,481,38.06,7.9,0.0,4.98,84.2
2026-08-20 19:52:11,482,39.08,12.65,0.0,3.54,63.6
2026-08-20 19:52:11,483,38.22,29.37,20.18,6.11,73.2
2026-08-20 19:52:11,484,37.23,17.73,0.0,5.17,80.5
2026-08-20 19:52:11,485,38.46,6.41,0.0,3.43,74.4
2026-08-20 19:52:11,486,36.25,51.57,21.74,3.73,75.6
2026-08-20 19:52:11,487,37.6,7.66,0.0,4.79,66.7
2026-08-20 19:52:11,488,38.0,16.18,0.0,5.36,85.7
2026-08-20 19:52:12,489,36.33,31.21,23.04,4.83,76.8
2026-08-20 19:52:12,490,35.68,17.77,0.0,3.6,63.6
2026-08-20 19:52:12,491,36.3,10.06,0.0,5.64,70.0
2026-08-20 19:52:12,492,34.04,67.09,32.76,4.41,80.8
2026-08-20 19:52:12,493,36.23,7.45,0.0,4.52,75.0
2026-08-20 19:52:12,494,36.15,20.14,0.0,14.45,80.0
2026-08-20 19:52:12,495,34.83,36.59,24.23,8.36,80.7
2026-08-20 19:52:12,496,36.49,13.28,0.0,10.32,60.9
2026-08-20 19:52:12,497,37.91,7.28,0.0,4.32,70.0
2026-08-20 19:52:12,498,36.03,43.55,22.98,4.36,80.3
2026-08-20 19:52:12,499,36.03,7.81,0.0,4.93,67.5
2026-08-20 19:52:12,500,38.93,7.16,0.0,4.13,81.0
2026-08-20 19:52:12,501,37.86,26.5,18.81,3.93,67.5
2026-08-20 19:52:12,502,35.96,47.76,0.0,13.41,66.2
2026-08-20 19:52:12,503,36.5,8.43,0.0,4.85,70.0
2026-08-20 19:52:12,504,34.82,43.17,20.87,3.6,72.5
2026-08-20 19:52:12,505,35.86,18.97,0.0,13.95,66.7
2026-08-20 19:52:12,506,36.91,6.49,0.0,3.53,65.0
2026-08-20 19:52:12,507,36.04,30.25,20.02,5.49,79.3
2026-08-20 19:52:12,508,36.41,20.05,0.0,3.56,68.2
2026-08-20 19:52:12,509,38.15,7.41,0.0,3.6,83.8
2026-08-20 19:52:12,510,35.75,62.12,22.71,5.37,68.3
2026-08-20 19:52:12,511,36.27,6.99,0.0,4.05,71.4
2026-08-20 19:52:12,512,37.94,16.09,0.0,5.04,84.2
2026-08-20 19:52:12,513,36.7,33.0,22.42,5.32,73.2
2026-08-20 19:52:12,514,35.59,25.07,0.0,5.75,70.0
2026-08-20 19:52:12,515,38.39,9.3,0.0,3.94,73.7
2026-08-20 19:52:12,516,35.99,62.85,21.14,5.58,67.9
2026-08-20 19:52:12,517,36.44,9.1,0.0,5.27,75.0
2026-08-20 19:52:12,518,38.35,11.08,0.0,5.27,73.7
2026-08-20 19:52:13,519,37.19,32.54,22.5,6.42,73.8
2026-08-20 19:52:13,520,37.11,12.04,0.0,4.8,77.5
2026-08-20 19:52:13,521,36.95,8.7,0.0,4.87,75.0
2026-08-20 19:52:13,522,35.0,49.98,24.98,4.12,78.8
2026-08-20 19:52:13,523,35.93,8.97,0.0,4.25,61.9
2026-08-20 19:52:13,524,38.26,9.94,0.0,3.89,65.0
2026-08-20 19:52:13,525,37.38,27.82,19.81,4.71,70.0
2026-08-20 19:52:13,526,35.58,31.26,0.0,4.54,72.8
2026-08-20 19:52:13,527,35.89,9.71,0.0,4.83,65.0
2026-08-20 19:52:13,528,34.16,47.37,21.77,3.73,71.2
2026-08-20 19:52:13,529,35.1,7.82,0.0,3.95,65.0
2026-08-20 19:52:13,530,36.49,12.22,0.0,4.3,88.9
2026-08-20 19:52:13,531,35.12,26.03,19.73,3.53,63.6
2026-08-20 19:52:13,532,36.8,13.35,0.0,3.45,73.0
2026-08-20 19:52:13,533,37.24,6.17,0.0,3.2,56.5
2026-08-20 19:52:13,534,35.16,51.13,19.56,3.54,71.2
2026-08-20 19:52:13,535,37.1,7.42,0.0,4.59,70.0
2026-08-20 19:52:13,536,37.43,16.73,0.0,3.52,67.5
2026-08-20 19:52:13,537,36.03,27.31,20.11,4.33,74.5
2026-08-20 19:52:13,538,35.14,32.21,0.0,3.6,61.1
2026-08-20 19:52:13,539,35.9,8.1,0.0,4.56,73.7
2026-08-20 19:52:13,540,33.81,59.68,22.37,3.87,71.0
2026-08-20 19:52:13,541,39.75,7.35,0.0,4.83,0.0
2026-08-20 19:52:13,542,39.3,20.25,0.0,4.55,70.0
2026-08-20 19:52:13,543,37.66,31.82,23.09,5.7,70.5
2026-08-20 19:52:13,544,38.27,7.7,0.0,4.82,70.0
2026-08-20 19:52:13,545,41.58,6.22,0.0,3.38,65.0
2026-08-20 19:52:13,546,38.81,62.17,22.67,4.99,69.7
2026-08-20 19:52:13,547,38.72,9.11,0.0,6.21,71.4
2026-08-20 19:52:13,548,41.48,8.2,0.0,4.4,93.3
2026-08-20 19:52:14,549,40.03,30.22,20.85,4.71,66.7
2026-08-20 19:52:14,550,37.98,33.61,0.0,13.02,71.7
2026-08-20 19:52:14,551,38.82,7.5,0.0,4.46,80.0
2026-08-20 19:52:14,552,36.84,44.23,20.84,4.34,68.3
2026-08-20 19:52:14,553,36.91,8.26,0.0,3.4,67.5
2026-08-20 19:52:14,554,38.79,10.28,0.0,3.41,65.0
2026-08-20 19:52:14,555,38.0,26.49,18.03,4.67,75.0
2026-08-20 19:52:14,556,37.37,26.14,0.0,5.09,64.3
2026-08-20 19:52:14,557,40.75,8.74,0.0,4.14,73.7
2026-08-20 19:52:14,558,38.13,61.52,20.05,4.68,68.4
2026-08-20 19:52:14,559,38.09,8.63,0.0,4.68,69.0
2026-08-20 19:52:14,560,40.27,9.34,0.0,3.44,78.9
2026-08-20 19:52:14,561,39.12,27.89,21.15,3.67,68.3
2026-08-20 19:52:14,562,37.26,44.67,0.0,6.15,65.6
2026-08-20 19:52:14,563,42.91,6.99,0.0,4.1,78.9
2026-08-20 19:52:14,564,40.0,66.36,20.88,3.98,73.5
2026-08-20 19:52:14,565,40.56,8.75,0.0,5.9,54.2
2026-08-20 19:52:14,566,41.74,11.84,0.0,4.3,66.7
2026-08-20 19:52:14,567,40.48,30.25,20.56,4.51,85.4
2026-08-20 19:52:14,568,39.53,14.45,0.0,4.59,75.5
2026-08-20 19:52:14,569,39.78,6.7,0.0,3.87,66.7
2026-08-20 19:52:14,570,37.43,52.07,23.56,3.56,72.5
2026-08-20 19:52:14,571,41.19,8.45,0.0,5.27,70.0
2026-08-20 19:52:14,572,40.8,14.51,0.0,3.59,82.4
2026-08-20 19:52:14,573,38.92,29.14,21.4,4.66,60.9
2026-08-20 19:52:14,574,37.88,16.17,0.0,3.61,70.0
2026-08-20 19:52:14,575,38.37,8.03,0.0,4.96,68.4
2026-08-20 19:52:14,576,36.15,53.88,18.53,5.32,69.1
2026-08-20 19:52:14,577,38.82,7.26,0.0,4.0,70.0
2026-08-20 19:52:14,578,38.59,18.67,0.0,3.69,65.9
2026-08-20 19:52:15,579,37.32,26.13,19.84,3.56,70.0
2026-08-20 19:52:15,580,37.05,8.15,0.0,5.23,75.0
2026-08-20 19:52:15,581,39.48,9.01,0.0,3.9,70.0
2026-08-20 19:52:15,582,37.15,54.39,18.21,4.16,68.8
2026-08-20 19:52:15,583,38.73,9.41,0.0,5.54,71.4
2026-08-20 19:52:15,584,38.11,24.87,0.0,4.74,67.5
2026-08-20 19:52:15,585,37.02,29.76,21.91,4.38,73.7
2026-08-20 19:52:15,586,35.81,22.8,0.0,3.47,59.1
2026-08-20 19:52:15,587,38.85,6.52,0.0,3.68,75.0
2026-08-20 19:52:15,588,36.35,62.48,23.02,4.5,68.4
2026-08-20 19:52:15,589,36.74,8.84,0.0,4.44,59.1
2026-08-20 19:52:15,590,38.72,10.52,0.0,3.57,81.1
2026-08-20 19:52:15,591,37.68,29.79,21.29,5.55,66.7
2026-08-20 19:52:15,592,37.26,24.2,0.0,5.53,67.4
2026-08-20 19:52:15,593,37.35,7.74,0.0,4.81,70.0
2026-08-20 19:52:15,594,35.29,51.43,22.65,4.85,71.2
2026-08-20 19:52:15,595,35.42,15.89,0.0,13.0,75.6
2026-08-20 19:52:15,596,36.38,6.72,0.0,3.8,70.0
2026-08-20 19:52:15,597,35.76,28.79,19.61,6.19,80.0
2026-08-20 19:52:15,598,34.51,35.71,0.0,8.74,71.1
2026-08-20 19:52:15,599,36.17,7.86,0.0,4.91,80.6
2026-08-20 19:52:15,600,34.18,53.16,21.94,4.98,68.8
2026-08-20 19:52:15,601,34.39,17.2,0.0,13.47,75.0
2026-08-20 19:52:15,602,35.17,8.85,0.0,5.65,70.0
2026-08-20 19:52:15,603,34.39,29.45,23.11,3.37,76.3
2026-08-20 19:52:15,604,34.54,9.74,0.0,6.16,66.7
2026-08-20 19:52:15,605,38.59,7.12,0.0,3.78,66.7
2026-08-20 19:52:15,606,36.34,53.2,19.86,4.23,70.0
2026-08-20 19:52:15,607,38.78,7.81,0.0,4.68,73.7
2026-08-20 19:52:15,608,39.06,16.34,0.0,3.21,68.2
2026-08-20 19:52:16,609,37.44,27.93,21.41,3.34,74.1
2026-08-20 19:52:16,610,36.42,16.77,0.0,3.56,64.3
2026-08-20 19:52:16,611,37.17,8.01,0.0,4.92,67.5
2026-08-20 19:52:16,612,34.93,59.85,23.44,4.26,72.5
2026-08-20 19:52:16,613,40.53,7.35,0.0,3.91,65.0
2026-08-20 19:52:16,614,40.17,18.45,0.0,4.7,67.5
2026-08-20 19:52:16,615,38.62,26.79,19.38,3.61,70.0
2026-08-20 19:52:16,616,38.5,6.63,0.0,3.59,72.5
2026-08-20 19:52:16,617,41.06,6.69,0.0,3.71,65.0
2026-08-20 19:52:16,618,38.48,56.1,20.32,3.88,68.8
2026-08-20 19:52:16,619,41.61,6.49,0.0,3.44,65.0
2026-08-20 19:52:16,620,40.76,21.19,0.0,3.98,72.5
2026-08-20 19:52:16,621,39.21,28.86,21.38,4.48,70.0
2026-08-20 19:52:16,622,37.67,22.84,0.0,6.06,63.4
2026-08-20 19:52:16,623,40.55,6.27,0.0,3.41,65.0
2026-08-20 19:52:16,624,37.92,60.41,23.4,4.97,72.4
2026-08-20 19:52:16,625,36.84,18.72,0.0,12.73,62.8
2026-08-20 19:52:16,626,36.37,17.93,0.0,12.63,72.5
2026-08-20 19:52:16,627,34.97,30.61,23.62,3.89,71.2
2026-08-20 19:52:16,628,35.41,9.56,0.0,5.74,80.6
2026-08-20 19:52:16,629,39.28,7.07,0.0,4.03,0.0
2026-08-20 19:52:16,630,38.13,27.05,19.13,4.93,76.7
2026-08-20 19:52:16,631,42.22,7.55,0.0,4.62,88.9
2026-08-20 19:52:16,632,41.3,22.35,0.0,3.48,56.5
2026-08-20 19:52:16,633,39.92,26.86,19.54,3.72,74.6
2026-08-20 19:52:16,634,38.03,42.47,0.0,5.61,66.1
2026-08-20 19:52:16,635,42.53,6.98,0.0,3.96,70.0
2026-08-20 19:52:16,636,39.71,60.94,19.43,4.45,72.2
2026-08-20 19:52:16,637,39.58,8.5,0.0,5.52,70.7
2026-08-20 19:52:16,638,41.5,9.45,0.0,3.39,65.0
2026-08-20 19:52:17,639,40.09,29.77,20.88,5.0,74.4
2026-08-20 19:52:17,640,39.69,11.76,0.0,3.78,70.0
2026-08-20 19:52:17,641,39.26,8.5,0.0,4.63,73.2
2026-08-20 19:52:17,642,37.04,50.91,21.15,3.73,68.7
2026-08-20 19:52:17,643,38.48,6.33,0.0,3.32,71.4
2026-08-20 19:52:17,644,39.21,12.65,0.0,3.97,65.0
2026-08-20 19:52:17,645,37.44,28.17,20.84,3.83,72.9
2026-08-20 19:52:17,646,36.63,30.31,0.0,3.73,63.4
2026-08-20 19:52:17,647,37.11,8.83,0.0,5.26,72.5
2026-08-20 19:52:17,648,34.93,58.13,22.24,5.68,68.4
2026-08-20 19:52:17,649,40.59,6.66,0.0,3.35,71.4
2026-08-20 19:52:17,650,40.03,19.28,0.0,6.23,77.1
2026-08-20 19:52:17,651,38.65,25.38,18.92,3.39,63.0
2026-08-20 19:52:17,652,38.72,18.77,0.0,3.81,67.5
2026-08-20 19:52:17,653,38.85,12.24,0.0,8.02,70.0
2026-08-20 19:52:17,654,36.54,43.81,23.24,5.43,76.9
2026-08-20 19:52:17,655,36.56,8.53,0.0,5.54,70.7
2026-08-20 19:52:17,656,39.47,7.72,0.0,3.75,96.0
2026-08-20 19:52:17,657,38.36,27.0,19.2,4.74,75.0
2026-08-20 19:52:17,658,36.81,38.71,0.0,5.72,68.3
2026-08-20 19:52:17,659,39.76,6.23,0.0,3.4,75.0
2026-08-20 19:52:17,660,37.29,56.98,20.34,4.58,71.6
2026-08-20 19:52:17,661,40.49,7.42,0.0,4.41,70.0
2026-08-20 19:52:17,662,39.89,20.9,0.0,4.11,70.0
2026-08-20 19:52:17,663,38.38,30.2,22.85,3.48,70.0
2026-08-20 19:52:17,664,38.3,9.82,0.0,3.83,71.4
2026-08-20 19:52:17,665,40.85,9.99,0.0,5.01,65.0
2026-08-20 19:52:17,666,38.05,71.47,21.99,11.65,69.7
2026-08-20 19:52:17,667,40.48,9.05,0.0,4.86,61.9
2026-08-20 19:52:17,668,43.24,7.73,0.0,3.71,66.7
2026-08-20 19:52:18,669,41.38,32.37,23.6,4.88,73.3
2026-08-20 19:52:18,670,39.61,26.58,0.0,4.23,75.4
2026-08-20 19:52:18,671,44.25,6.77,0.0,3.83,0.0
2026-08-20 19:52:18,672,41.25,60.92,19.89,3.97,71.7
2026-08-20 19:52:18,673,45.99,8.08,0.0,4.95,70.0
2026-08-20 19:52:18,674,44.32,26.63,0.0,3.97,67.5
2026-08-20 19:52:18,675,42.54,32.33,21.47,6.18,68.3
2026-08-20 19:52:18,676,42.29,10.41,0.0,3.47,71.8
2026-08-20 19:52:18,677,45.17,9.13,0.0,6.12,70.0
2026-08-20 19:52:18,678,42.08,63.05,19.44,3.66,68.3
2026-08-20 19:52:18,679,42.32,6.58,0.0,3.53,85.3
2026-08-20 19:52:18,680,43.02,11.32,0.0,3.25,53.8
2026-08-20 19:52:18,681,42.02,25.59,18.89,3.79,84.2
2026-08-20 19:52:18,682,39.8,44.92,0.0,3.39,65.1
2026-08-20 19:52:18,683,39.86,8.13,0.0,5.16,71.8
2026-08-20 19:52:18,684,37.45,55.45,20.3,4.27,71.2
2026-08-20 19:52:18,685,39.67,9.76,0.0,3.95,72.7
2026-08-20 19:52:18,686,39.64,19.24,0.0,5.06,65.0
2026-08-20 19:52:18,687,37.78,34.61,20.57,10.77,73.3
2026-08-20 19:52:18,688,38.4,9.24,0.0,5.72,77.5
2026-08-20 19:52:18,689,42.41,6.51,0.0,3.48,84.2
2026-08-20 19:52:18,690,39.7,56.08,20.36,4.75,71.6
2026-08-20 19:52:18,691,42.93,6.98,0.0,3.58,73.7
2026-08-20 19:52:18,692,41.63,24.88,0.0,6.36,71.4
2026-08-20 19:52:18,693,39.95,33.16,23.25,4.55,67.5
2026-08-20 19:52:18,694,38.76,20.8,0.0,4.05,72.9
2026-08-20 19:52:18,695,39.83,9.47,0.0,5.73,61.9
2026-08-20 19:52:18,696,37.34,60.51,23.53,4.94,77.5
2026-08-20 19:52:18,697,43.2,6.94,0.0,3.89,65.0
2026-08-20 19:52:18,698,42.02,23.3,0.0,5.01,68.3
2026-08-20 19:52:19,699,40.5,28.5,19.95,3.57,72.5
2026-08-20 19:52:19,700,40.39,21.32,0.0,3.78,75.0
2026-08-20 19:52:19,701,42.61,6.36,0.0,3.37,73.7
2026-08-20 19:52:19,702,39.91,54.38,17.54,3.81,66.7
2026-08-20 19:52:19,703,41.53,8.24,0.0,4.65,70.0
2026-08-20 19:52:19,704,40.74,22.44,0.0,3.96,65.0
2026-08-20 19:52:19,705,39.1,31.49,22.62,5.75,71.2
2026-08-20 19:52:19,706,37.63,37.36,0.0,4.96,63.4
2026-08-20 19:52:19,707,41.19,6.65,0.0,3.5,70.0
2026-08-20 19:52:19,708,38.46,68.84,22.52,5.94,69.0
2026-08-20 19:52:19,709,38.64,7.78,0.0,4.79,73.7
2026-08-20 19:52:19,710,41.15,7.5,0.0,3.53,86.7
2026-08-20 19:52:19,711,39.7,29.07,21.03,4.98,69.6
2026-08-20 19:52:19,712,39.41,9.16,0.0,5.04,73.2
2026-08-20 19:52:19,713,42.24,8.43,0.0,3.4,73.7
2026-08-20 19:52:19,714,39.49,61.25,19.78,3.53,68.8
2026-08-20 19:52:19,715,38.66,15.36,0.0,12.48,66.7
2026-08-20 19:52:19,716,39.05,7.39,0.0,4.33,73.3
2026-08-20 19:52:19,717,37.57,32.41,23.97,4.77,72.0
2026-08-20 19:52:19,718,37.42,13.27,0.0,3.74,69.2
2026-08-20 19:52:19,719,37.51,7.9,0.0,3.89,83.3
2026-08-20 19:52:19,720,35.39,54.38,20.71,4.57,72.0
2026-08-20 19:52:19,721,38.71,6.4,0.0,3.43,0.0
2026-08-20 19:52:19,722,38.49,17.81,0.0,3.76,70.0
2026-08-20 19:52:19,723,36.85,31.11,22.97,5.14,70.5
2026-08-20 19:52:19,724,36.15,16.56,0.0,12.72,72.5
2026-08-20 19:52:19,725,37.12,6.89,0.0,3.45,71.8
2026-08-20 19:52:19,726,35.56,37.44,23.05,3.34,71.2
2026-08-20 19:52:19,727,37.25,8.44,0.0,4.1,66.7
2026-08-20 19:52:19,728,37.22,20.01,0.0,5.53,78.4
2026-08-20 19:52:20,729,36.19,25.06,17.57,4.72,65.9
2026-08-20 19:52:20,730,35.12,32.29,0.0,3.64,68.3
2026-08-20 19:52:20,731,35.94,7.93,0.0,4.89,70.0
2026-08-20 19:52:20,732,33.91,56.08,21.83,5.09,70.4
2026-08-20 19:52:20,733,37.96,6.5,0.0,3.91,65.0
2026-08-20 19:52:20,734,37.77,18.68,0.0,3.5,70.7
2026-08-20 19:52:20,735,36.39,28.33,20.66,4.72,70.0
2026-08-20 19:52:20,736,35.57,16.85,0.0,13.61,89.1
2026-08-20 19:52:20,737,36.49,7.69,0.0,4.62,65.0
2026-08-20 19:52:20,738,34.85,41.58,20.96,3.44,71.7
2026-08-20 19:52:20,739,34.57,9.32,0.0,6.23,70.0
2026-08-20 19:52:20,740,37.08,10.07,0.0,6.21,75.0
2026-08-20 19:52:20,741,36.2,29.47,19.72,5.82,73.2
2026-08-20 19:52:20,742,35.05,36.27,0.0,3.53,60.0
2026-08-20 19:52:20,743,37.68,6.81,0.0,3.66,65.0
2026-08-20 19:52:20,744,35.33,61.15,22.61,4.53,71.0
2026-08-20 19:52:20,745,35.77,6.87,0.0,3.39,61.9
2026-08-20 19:52:20,746,37.99,7.91,0.0,5.07,65.0
2026-08-20 19:52:20,747,36.96,29.2,20.53,3.35,79.7
2026-08-20 19:52:20,748,36.99,9.02,0.0,3.79,56.5
2026-08-20 19:52:20,749,39.78,8.92,0.0,3.94,75.0
2026-08-20 19:52:20,750,37.22,65.07,20.61,3.48,73.3
2026-08-20 19:52:20,751,37.99,6.83,0.0,3.81,65.0
2026-08-20 19:52:20,752,39.03,11.57,0.0,6.33,80.0
2026-08-20 19:52:20,753,38.03,29.91,19.49,5.13,77.8
2026-08-20 19:52:20,754,36.57,24.75,0.0,3.28,66.7
2026-08-20 19:52:20,755,43.01,6.79,0.0,3.93,0.0
2026-08-20 19:52:20,756,39.89,72.18,18.46,11.02,74.2
2026-08-20 19:52:20,757,42.06,9.86,0.0,5.61,71.4
2026-08-20 19:52:20,758,43.58,11.35,0.0,3.31,65.0
2026-08-20 19:52:21,759,42.22,28.62,20.28,3.46,72.5
2026-08-20 19:52:21,760,41.12,28.69,0.0,4.68,70.7
2026-08-20 19:52:21,761,40.78,7.71,0.0,3.8,71.8
2026-08-20 19:52:21,762,38.59,44.84,18.43,3.38,71.2
2026-08-20 19:52:21,763,37.56,16.11,0.0,12.77,69.0
2026-08-20 19:52:21,764,36.8,17.98,0.0,13.56,75.0
2026-08-20 19:52:21,765,35.42,29.53,22.49,3.9,65.9
2026-08-20 19:52:21,766,35.97,6.4,0.0,3.51,65.9
2026-08-20 19:52:21,767,37.65,9.39,0.0,4.4,73.7
2026-08-20 19:52:21,768,35.59,52.1,22.28,4.89,69.1
2026-08-20 19:52:21,769,37.3,7.63,0.0,4.41,65.0
2026-08-20 19:52:21,770,38.28,12.87,0.0,3.35,75.0
2026-08-20 19:52:21,771,36.38,32.69,23.36,4.0,68.8
2026-08-20 19:52:21,772,35.81,17.72,0.0,13.55,67.5
2026-08-20 19:52:21,773,35.47,16.54,0.0,13.14,70.0
2026-08-20 19:52:21,774,34.25,27.63,19.68,4.25,75.4
2026-08-20 19:52:21,775,38.83,8.03,0.0,4.05,0.0
2026-08-20 19:52:21,776,39.78,13.26,0.0,3.42,69.2
2026-08-20 19:52:21,777,37.85,29.92,22.6,4.4,75.9
2026-08-20 19:52:21,778,36.92,17.06,0.0,4.16,69.8
2026-08-20 19:52:21,779,37.91,7.87,0.0,4.7,75.0
2026-08-20 19:52:21,780,35.69,55.45,20.51,5.89,72.8
2026-08-20 19:52:21,781,38.73,8.1,0.0,4.97,70.0
2026-08-20 19:52:21,782,38.57,19.07,0.0,3.5,70.0
2026-08-20 19:52:21,783,36.92,32.26,24.51,4.68,68.9
2026-08-20 19:52:21,784,36.23,17.6,0.0,13.42,70.0
2026-08-20 19:52:21,785,37.18,8.03,0.0,5.01,72.5
2026-08-20 19:52:21,786,35.53,40.44,19.87,4.3,70.0
2026-08-20 19:52:21,787,38.88,7.9,0.0,4.58,71.4
2026-08-20 19:52:21,788,38.21,23.4,0.0,5.58,67.5
2026-08-20 19:52:22,789,35.82,61.36,47.38,6.85,89.2
2026-08-20 19:52:22,790,36.15,7.44,0.0,4.48,87.5
2026-08-20 19:52:22,791,38.0,9.74,0.0,4.54,60.0
2026-08-20 19:52:22,792,36.21,28.09,20.22,4.06,78.0
2026-08-20 19:52:22,793,36.57,6.85,0.0,3.82,70.0
2026-08-20 19:52:22,794,38.82,7.62,0.0,3.8,71.4
2026-08-20 19:52:22,795,37.7,28.02,20.53,4.57,74.4
2026-08-20 19:52:22,796,37.52,23.79,0.0,3.67,63.4
2026-08-20 19:52:22,797,40.44,8.34,0.0,3.4,68.4
2026-08-20 19:52:22,798,37.81,63.04,23.25,3.74,68.8
2026-08-20 19:52:22,799,38.31,6.87,0.0,3.86,68.3
2026-08-20 19:52:22,800,39.15,12.34,0.0,5.23,81.0
2026-08-20 19:52:22,801,37.42,26.03,19.67,3.28,77.4
2026-08-20 19:52:22,802,36.79,26.14,0.0,5.04,65.0
2026-08-20 19:52:22,803,40.98,7.39,0.0,4.51,65.0
2026-08-20 19:52:22,804,38.24,64.96,24.82,3.92,70.6
2026-08-20 19:52:22,805,39.51,7.11,0.0,3.5,65.0
2026-08-20 19:52:22,806,40.37,11.93,0.0,4.96,70.0
2026-08-20 19:52:22,807,39.13,31.41,23.07,5.58,76.7
2026-08-20 19:52:22,808,38.61,15.14,0.0,4.82,65.0
2026-08-20 19:52:22,809,39.06,6.73,0.0,3.8,79.1
2026-08-20 19:52:22,810,36.84,50.77,20.07,4.72,70.0
2026-08-20 19:52:22,811,38.0,7.39,0.0,4.49,65.0
2026-08-20 19:52:22,812,38.32,16.38,0.0,5.08,70.7
2026-08-20 19:52:22,813,36.85,27.68,20.24,3.88,71.8
2026-08-20 19:52:22,814,35.78,33.93,0.0,4.26,72.6
2026-08-20 19:52:22,815,37.18,6.51,0.0,3.52,70.0
2026-08-20 19:52:22,816,34.89,60.49,22.83,6.59,77.3
2026-08-20 19:52:22,817,35.27,7.93,0.0,4.94,56.5
2026-08-20 19:52:22,818,37.75,8.53,0.0,4.57,65.0
2026-08-20 19:52:23,819,36.62,30.46,21.1,5.39,79.7
2026-08-20 19:52:23,820,36.9,7.79,0.0,3.87,71.4
2026-08-20 19:52:23,821,39.82,7.39,0.0,4.09,66.7
2026-08-20 19:52:23,822,37.33,58.4,21.33,3.42,72.4
2026-08-20 19:52:23,823,40.58,8.55,0.0,5.68,75.0
2026-08-20 19:52:23,824,40.14,20.91,0.0,4.78,61.8
2026-08-20 19:52:23,825,38.49,33.13,23.56,4.68,73.3
2026-08-20 19:52:23,826,37.29,22.88,0.0,5.22,67.4
2026-08-20 19:52:23,827,39.46,8.3,0.0,3.21,70.0
2026-08-20 19:52:23,828,36.9,64.65,22.38,5.26,70.0
2026-08-20 19:52:23,829,37.93,6.36,0.0,3.42,70.0
2026-08-20 19:52:23,830,39.69,8.29,0.0,3.47,76.9
2026-08-20 19:52:23,831,38.47,29.82,22.07,4.42,72.5
2026-08-20 19:52:23,832,38.73,6.2,0.0,3.22,76.5
2026-08-20 19:52:23,833,40.12,9.63,0.0,3.7,60.0
2026-08-20 19:52:23,834,37.59,61.12,21.95,4.03,68.8
2026-08-20 19:52:23,835,39.02,14.78,0.0,12.17,77.3
2026-08-20 19:52:23,836,39.07,11.22,0.0,4.58,80.5
2026-08-20 19:52:23,837,37.2,28.28,21.35,3.71,72.9
2026-08-20 19:52:23,838,36.94,25.07,0.0,3.64,66.7
2026-08-20 19:52:23,839,40.58,7.29,0.0,4.35,83.3
2026-08-20 19:52:23,840,37.97,60.38,18.45,4.92,68.3
2026-08-20 19:52:23,841,38.01,6.88,0.0,3.61,65.0
2026-08-20 19:52:23,842,39.71,9.12,0.0,3.55,75.0
2026-08-20 19:52:23,843,38.43,30.01,19.85,5.25,71.8
2026-08-20 19:52:23,844,37.73,15.99,0.0,5.16,72.1
2026-08-20 19:52:23,845,38.41,7.02,0.0,3.86,74.4
2026-08-20 19:52:23,846,36.31,48.21,20.66,3.6,72.0
2026-08-20 19:52:23,847,36.92,7.79,0.0,3.76,65.0
2026-08-20 19:52:23,848,37.41,16.24,0.0,5.26,68.3
2026-08-20 19:52:24,849,35.82,30.85,21.39,5.32,80.0
2026-08-20 19:52:24,850,34.95,21.6,0.0,6.75,62.2
2026-08-20 19:52:24,851,36.52,9.87,0.0,6.15,70.0
2026-08-20 19:52:24,852,34.56,53.06,19.56,5.29,70.0
2026-08-20 19:52:24,853,36.67,7.48,0.0,3.93,65.0
2026-08-20 19:52:24,854,36.95,16.86,0.0,3.63,67.5
2026-08-20 19:52:24,855,35.45,30.33,23.12,4.14,68.3
2026-08-20 19:52:24,856,34.76,17.34,0.0,13.18,72.5
2026-08-20 19:52:24,857,35.95,7.35,0.0,3.76,65.0
2026-08-20 19:52:24,858,34.42,39.67,22.42,4.63,77.4
2026-08-20 19:52:24,859,36.73,9.04,0.0,5.64,75.0
2026-08-20 19:52:24,860,37.2,17.66,0.0,4.07,80.5
2026-08-20 19:52:24,861,35.68,31.09,22.39,5.61,68.3
2026-08-20 19:52:24,862,34.66,23.29,0.0,7.78,65.0
2026-08-20 19:52:24,863,37.29,8.25,0.0,5.2,80.0
2026-08-20 19:52:24,864,35.05,59.25,21.55,4.38,72.0
2026-08-20 19:52:24,865,39.6,7.78,0.0,4.29,77.8
2026-08-20 19:52:24,866,39.03,21.95,0.0,5.78,60.9
2026-08-20 19:52:24,867,37.72,28.5,20.11,4.41,71.7
2026-08-20 19:52:24,868,37.71,7.14,0.0,3.98,67.5
2026-08-20 19:52:24,869,39.52,9.52,0.0,4.43,85.0
2026-08-20 19:52:24,870,37.12,58.0,22.81,4.09,73.1
2026-08-20 19:52:24,871,40.64,7.83,0.0,4.29,66.7
2026-08-20 19:52:24,872,39.84,22.96,0.0,5.45,70.7
2026-08-20 19:52:24,873,38.24,32.91,23.09,5.87,75.0
2026-08-20 19:52:24,874,37.16,21.33,0.0,4.84,73.3
2026-08-20 19:52:24,875,38.43,9.87,0.0,6.58,72.2
2026-08-20 19:52:24,876,36.04,62.69,24.44,6.15,72.8
2026-08-20 19:52:24,877,36.69,7.74,0.0,4.54,67.4
2026-08-20 19:52:24,878,39.13,7.99,0.0,3.91,90.0
2026-08-20 19:52:25,879,37.82,30.46,22.34,4.86,80.5
2026-08-20 19:52:25,880,37.87,9.61,0.0,4.29,75.6
2026-08-20 19:52:25,881,40.18,10.51,0.0,4.43,90.5
2026-08-20 19:52:25,882,37.58,49.96,25.76,4.11,72.8
2026-08-20 19:52:25,883,38.6,7.42,0.0,4.1,65.0
2026-08-20 19:52:25,884,40.32,9.36,0.0,4.17,65.0
2026-08-20 19:52:25,885,38.92,31.23,24.12,4.11,71.9
2026-08-20 19:52:25,886,37.3,38.11,0.0,4.48,60.5
2026-08-20 19:52:25,887,37.17,8.65,0.0,5.42,70.0
2026-08-20 19:52:25,888,35.2,49.95,21.58,4.35,68.8
2026-08-20 19:52:25,889,36.23,9.29,0.0,5.98,68.4
2026-08-20 19:52:25,890,37.46,14.03,0.0,3.77,74.4
2026-08-20 19:52:25,891,35.73,32.59,23.74,5.66,68.3
2026-08-20 19:52:25,892,38.99,11.35,0.0,4.81,77.8
2026-08-20 19:52:25,893,39.37,7.09,0.0,3.94,59.1
2026-08-20 19:52:25,894,36.91,58.89,28.03,4.64,71.4
2026-08-20 19:52:25,895,40.39,8.81,0.0,5.68,0.0
2026-08-20 19:52:25,896,41.16,14.13,0.0,3.95,72.5
2026-08-20 19:52:25,897,39.9,30.76,22.5,5.14,75.0
2026-08-20 19:52:25,898,37.92,35.84,0.0,8.05,70.0
2026-08-20 19:52:25,899,39.27,8.79,0.0,5.6,75.0
2026-08-20 19:52:25,900,36.86,58.74,24.59,5.94,72.0
2026-08-20 19:52:25,901,36.75,8.3,0.0,5.14,65.0
2026-08-20 19:52:25,902,39.82,7.08,0.0,3.88,80.0
2026-08-20 19:52:25,903,38.48,29.92,21.71,5.17,73.8
2026-08-20 19:52:25,904,38.9,19.33,0.0,4.97,80.0
2026-08-20 19:52:25,905,40.69,7.51,0.0,4.46,75.0
2026-08-20 19:52:25,906,38.11,58.45,22.29,4.09,71.7
2026-08-20 19:52:25,907,41.2,8.85,0.0,4.45,83.3
2026-08-20 19:52:25,908,40.36,23.98,0.0,5.46,75.0
2026-08-20 19:52:26,909,38.96,29.95,21.62,4.83,69.8
2026-08-20 19:52:26,910,37.53,22.36,0.0,3.95,72.1
2026-08-20 19:52:26,911,39.55,8.11,0.0,5.05,68.2
2026-08-20 19:52:26,912,37.08,59.84,22.32,5.42,69.2
2026-08-20 19:52:26,913,37.26,6.98,0.0,3.82,64.3
2026-08-20 19:52:26,914,39.31,8.4,0.0,5.27,83.3
2026-08-20 19:52:26,915,37.97,30.87,22.56,4.58,69.0
2026-08-20 19:52:26,916,37.97,11.26,0.0,4.1,89.6
2026-08-20 19:52:26,917,37.9,7.47,0.0,4.29,70.0
2026-08-20 19:52:26,918,35.75,52.71,24.34,5.35,68.8
2026-08-20 19:52:26,919,37.69,6.78,0.0,4.14,70.0
2026-08-20 19:52:26,920,39.26,10.1,0.0,3.92,87.0
2026-08-20 19:52:26,921,38.29,27.93,20.6,4.24,71.8
2026-08-20 19:52:26,922,36.44,30.27,0.0,6.5,62.9
2026-08-20 19:52:26,923,36.51,9.75,0.0,5.77,73.2
2026-08-20 19:52:26,924,34.52,53.92,25.17,5.55,74.7
2026-08-20 19:52:26,925,36.54,8.63,0.0,5.5,65.0
2026-08-20 19:52:26,926,37.99,13.26,0.0,4.16,85.0
2026-08-20 19:52:26,927,36.19,32.33,23.8,5.0,72.5
2026-08-20 19:52:26,928,36.57,8.84,0.0,5.67,61.9
2026-08-20 19:52:26,929,39.56,7.83,0.0,3.94,75.0
2026-08-20 19:52:26,930,37.09,58.92,26.51,5.14,70.0
2026-08-20 19:52:26,931,41.13,7.84,0.0,4.75,70.0
2026-08-20 19:52:26,932,40.74,19.15,0.0,10.93,75.0
2026-08-20 19:52:26,933,38.98,31.42,22.13,5.23,72.1
2026-08-20 19:52:26,934,38.04,18.21,0.0,5.88,65.9
2026-08-20 19:52:26,935,39.07,8.46,0.0,5.32,65.0
2026-08-20 19:52:26,936,36.66,59.11,23.87,5.85,74.1
2026-08-20 19:52:26,937,41.99,7.31,0.0,4.08,65.0
2026-08-20 19:52:26,938,41.39,23.7,0.0,5.55,70.7
2026-08-20 19:52:27,939,39.2,39.91,23.93,12.46,71.7
2026-08-20 19:52:27,940,41.89,7.08,0.0,3.98,80.0
2026-08-20 19:52:27,941,44.03,7.32,0.0,4.22,75.0
2026-08-20 19:52:27,942,41.12,58.33,23.62,4.55,76.8
2026-08-20 19:52:27,943,44.9,8.05,0.0,4.13,0.0
2026-08-20 19:52:27,944,42.24,47.12,0.0,11.53,66.7
2026-08-20 19:52:27,945,40.07,31.94,24.78,3.97,71.7
2026-08-20 19:52:27,946,40.66,7.18,0.0,3.89,65.0
2026-08-20 19:52:27,947,42.15,9.07,0.0,5.05,76.0
2026-08-20 19:52:27,948,39.62,52.55,27.15,5.52,69.7
2026-08-20 19:52:27,949,41.17,7.14,0.0,4.06,66.7
2026-08-20 19:52:27,950,43.01,8.04,0.0,3.94,88.2
2026-08-20 19:52:27,951,41.38,29.51,20.89,5.31,66.7
2026-08-20 19:52:27,952,40.49,13.23,0.0,4.76,75.0
2026-08-20 19:52:27,953,40.39,8.14,0.0,5.0,75.0
2026-08-20 19:52:27,954,38.02,52.61,25.95,3.73,65.6
2026-08-20 19:52:27,955,41.63,7.9,0.0,4.98,80.0
2026-08-20 19:52:27,956,39.95,28.1,0.0,4.85,71.9
2026-08-20 19:52:27,957,38.77,31.37,22.96,4.59,68.3
2026-08-20 19:52:27,958,38.12,14.59,0.0,4.76,69.0
2026-08-20 19:52:27,959,38.21,8.64,0.0,5.53,78.9
2026-08-20 19:52:27,960,35.92,59.03,22.3,9.11,70.4
2026-08-20 19:52:27,961,35.83,8.06,0.0,4.07,70.0
2026-08-20 19:52:27,962,38.49,8.08,0.0,5.01,66.7
2026-08-20 19:52:27,963,37.07,33.22,24.92,5.18,75.0
2026-08-20 19:52:27,964,37.68,8.32,0.0,5.59,73.8
2026-08-20 19:52:27,965,40.65,7.71,0.0,4.46,73.7
2026-08-20 19:52:27,966,38.14,55.87,23.34,5.2,71.2
2026-08-20 19:52:27,967,40.81,7.31,0.0,4.05,66.7
2026-08-20 19:52:27,968,39.24,31.15,0.0,4.97,70.7
2026-08-20 19:52:28,969,37.42,30.65,22.06,5.36,75.0
2026-08-20 19:52:28,970,37.69,7.94,0.0,4.79,67.5
2026-08-20 19:52:28,971,40.17,9.07,0.0,5.03,70.0
2026-08-20 19:52:28,972,37.65,59.86,23.46,6.28,69.1
2026-08-20 19:52:28,973,41.7,9.15,0.0,5.36,70.0
2026-08-20 19:52:28,974,41.43,18.82,0.0,5.71,67.5
2026-08-20 19:52:28,975,39.56,30.9,23.7,3.95,73.7
2026-08-20 19:52:28,976,39.72,7.19,0.0,3.92,56.5
2026-08-20 19:52:28,977,41.75,8.36,0.0,5.26,65.0
2026-08-20 19:52:28,978,39.1,58.18,25.19,4.74,68.8
2026-08-20 19:52:28,979,42.56,7.74,0.0,4.26,70.0
2026-08-20 19:52:28,980,40.51,37.37,0.0,5.88,68.3
2026-08-20 19:52:28,981,38.9,30.39,23.09,4.13,69.5
2026-08-20 19:52:28,982,39.05,8.68,0.0,5.43,61.9
2026-08-20 19:52:28,983,41.47,8.5,0.0,5.4,70.0
2026-08-20 19:52:28,984,38.76,64.94,25.39,5.33,70.3
2026-08-20 19:52:28,985,38.94,7.05,0.0,3.84,65.0
2026-08-20 19:52:28,986,40.97,7.93,0.0,4.77,73.0
2026-08-20 19:52:28,987,39.35,32.15,23.88,4.84,70.5
2026-08-20 19:52:28,988,39.88,8.55,0.0,4.51,75.0
2026-08-20 19:52:28,989,42.33,8.72,0.0,4.58,68.2
2026-08-20 19:52:28,990,39.61,58.75,21.24,4.1,73.8
2026-08-20 19:52:28,991,39.24,8.12,0.0,4.01,73.0
2026-08-20 19:52:28,992,38.35,25.02,0.0,4.79,63.6
2026-08-20 19:52:28,993,37.08,32.12,23.38,5.61,68.3
2026-08-20 19:52:28,994,37.25,9.88,0.0,4.22,74.4
2026-08-20 19:52:28,995,41.0,7.75,0.0,4.23,70.0
2026-08-20 19:52:28,996,38.29,63.72,22.12,5.26,70.4
2026-08-20 19:52:28,997,38.87,7.97,0.0,4.2,70.0
2026-08-20 19:52:28,998,40.1,11.55,0.0,4.28,85.0
2026-08-20 19:52:29,999,38.71,33.53,24.62,5.82,75.6
2026-08-20 19:52:29,1000,38.9,10.09,0.0,4.03,74.4
2026-08-20 19:52:29,1001,41.57,9.93,0.0,4.25,78.9
2026-08-20 19:52:29,1002,38.73,70.16,25.89,5.11,74.5
2026-08-20 19:52:29,1003,40.96,6.57,0.0,3.81,61.9
2026-08-20 19:52:29,1004,39.62,27.25,0.0,6.09,73.2
2026-08-20 19:52:29,1005,37.63,29.98,21.85,4.18,73.6
2026-08-20 19:52:29,1006,37.75,8.29,0.0,5.09,55.2
2026-08-20 19:52:29,1007,40.29,8.1,0.0,4.85,65.0
2026-08-20 19:52:29,1008,37.91,53.95,21.48,5.34,68.8
2026-08-20 19:52:29,1009,39.47,9.13,0.0,5.9,65.0
2026-08-20 19:52:29,1010,39.66,17.33,0.0,4.84,78.0
2026-08-20 19:52:29,1011,37.26,57.55,44.65,6.19,71.2
2026-08-20 19:52:29,1012,37.78,9.16,0.0,5.77,65.0
2026-08-20 19:52:29,1013,40.02,9.83,0.0,6.18,75.0
2026-08-20 19:52:29,1014,38.4,35.68,22.62,4.09,71.7
2026-08-20 19:52:29,1015,40.04,6.94,0.0,3.93,70.0
2026-08-20 19:52:29,1016,38.47,32.73,0.0,5.3,73.3
2026-08-20 19:52:29,1017,36.61,35.97,26.1,5.76,70.0
2026-08-20 19:52:29,1018,36.69,16.12,0.0,12.24,72.5
2026-08-20 19:52:29,1019,37.15,9.47,0.0,4.24,70.0
2026-08-20 19:52:29,1020,35.22,35.43,26.69,5.27,73.2
2026-08-20 19:52:29,1021,36.53,8.54,0.0,5.31,70.0
2026-08-20 19:52:29,1022,38.98,8.98,0.0,5.25,75.0
2026-08-20 19:52:29,1023,37.7,30.96,21.88,5.17,71.7
2026-08-20 19:52:29,1024,38.09,7.2,0.0,3.98,61.9
2026-08-20 19:52:29,1025,40.51,7.75,0.0,4.34,70.0
2026-08-20 19:52:29,1026,37.92,60.18,20.78,5.24,70.3
2026-08-20 19:52:29,1027,37.71,8.47,0.0,5.24,69.2
2026-08-20 19:52:29,1028,37.12,24.06,0.0,4.86,78.0
2026-08-20 19:52:30,1029,35.82,33.46,24.63,5.28,69.0
2026-08-20 19:52:30,1030,36.33,9.84,0.0,5.98,69.2
2026-08-20 19:52:30,1031,40.67,6.89,0.0,3.69,89.5
2026-08-20 19:52:30,1032,37.99,63.2,21.98,6.13,75.6
2026-08-20 19:52:30,1033,38.62,8.24,0.0,5.14,69.2
2026-08-20 19:52:30,1034,39.9,11.74,0.0,4.36,61.9
2026-08-20 19:52:30,1035,38.04,26.76,18.85,3.88,73.3
2026-08-20 19:52:30,1036,39.62,13.31,0.0,8.13,73.7
2026-08-20 19:52:30,1037,39.17,10.68,0.0,6.33,67.5
2026-08-20 19:52:30,1038,37.02,51.0,23.66,4.09,78.9
2026-08-20 19:52:30,1039,38.45,6.59,0.0,3.87,60.0
2026-08-20 19:52:30,1040,37.46,26.07,0.0,4.91,78.0
2026-08-20 19:52:30,1041,36.33,32.29,22.41,6.33,73.2
2026-08-20 19:52:30,1042,36.17,13.07,0.0,6.33,67.5
2026-08-20 19:52:30,1043,36.34,8.0,0.0,4.82,70.0
2026-08-20 19:52:30,1044,34.45,49.51,22.24,4.02,77.1
2026-08-20 19:52:30,1045,35.6,8.71,0.0,5.57,65.0
2026-08-20 19:52:30,1046,36.99,12.96,0.0,4.73,65.0
2026-08-20 19:52:30,1047,35.3,31.69,22.23,5.37,72.7
2026-08-20 19:52:30,1048,35.56,9.64,0.0,6.39,60.9
2026-08-20 19:52:30,1049,38.98,7.99,0.0,4.74,80.0
2026-08-20 19:52:30,1050,36.76,51.81,22.14,5.5,71.2
2026-08-20 19:52:30,1051,37.87,8.63,0.0,5.44,66.7
2026-08-20 19:52:30,1052,36.56,33.56,0.0,5.3,68.3
2026-08-20 19:52:30,1053,34.96,34.24,26.04,5.09,71.7
2026-08-20 19:52:30,1054,36.32,7.38,0.0,4.02,65.0
2026-08-20 19:52:30,1055,38.11,10.69,0.0,5.4,75.7
2026-08-20 19:52:30,1056,36.05,38.01,20.85,4.67,71.9
2026-08-20 19:52:30,1057,38.63,7.16,0.0,4.03,65.0
2026-08-20 19:52:30,1058,38.32,19.73,0.0,4.61,69.0
2026-08-20 19:52:31,1059,36.89,29.4,21.97,3.99,75.9
2026-08-20 19:52:31,1060,36.07,17.26,0.0,13.67,66.7
2026-08-20 19:52:31,1061,36.87,8.47,0.0,5.23,70.0
2026-08-20 19:52:31,1062,35.14,43.55,24.26,5.12,74.1
2026-08-20 19:52:31,1063,39.72,7.79,0.0,4.36,0.0
2026-08-20 19:52:31,1064,37.93,38.14,0.0,5.98,67.2
2026-08-20 19:52:31,1065,36.56,32.39,24.85,4.44,72.1
2026-08-20 19:52:31,1066,37.24,8.35,0.0,4.52,65.0
2026-08-20 19:52:31,1067,39.23,10.46,0.0,4.7,80.6
2026-08-20 19:52:31,1068,36.71,65.73,26.27,5.04,64.3
2026-08-20 19:52:31,1069,37.11,10.23,0.0,4.16,71.8
2026-08-20 19:52:31,1070,40.37,9.6,0.0,4.38,73.7
2026-08-20 19:52:31,1071,38.31,30.02,23.1,3.73,67.2
2026-08-20 19:52:31,1072,38.52,8.22,0.0,5.03,61.9
2026-08-20 19:52:31,1073,40.7,8.81,0.0,5.52,85.7
2026-08-20 19:52:31,1074,38.29,53.17,24.46,4.66,66.2
2026-08-20 19:52:31,1075,40.35,7.18,0.0,4.0,85.0
2026-08-20 19:52:31,1076,38.88,30.71,0.0,5.47,71.2
2026-08-20 19:52:31,1077,37.08,31.61,21.28,5.81,71.7
2026-08-20 19:52:31,1078,37.77,7.59,0.0,4.23,64.0
2026-08-20 19:52:31,1079,39.74,9.0,0.0,5.04,81.2
2026-08-20 19:52:31,1080,37.37,55.51,22.12,6.08,74.7
2026-08-20 19:52:31,1081,39.78,8.26,0.0,4.89,66.7
2026-08-20 19:52:31,1082,39.67,18.15,0.0,5.72,66.7
2026-08-20 19:52:31,1083,38.47,33.14,24.1,5.89,75.0
2026-08-20 19:52:31,1084,38.42,17.54,0.0,4.27,63.6
2026-08-20 19:52:31,1085,39.06,8.3,0.0,4.21,70.0
2026-08-20 19:52:31,1086,36.67,59.23,24.4,4.59,70.9
2026-08-20 19:52:31,1087,41.2,7.8,0.0,5.27,70.0
2026-08-20 19:52:31,1088,39.29,38.25,0.0,5.76,74.2
2026-08-20 19:52:32,1089,38.11,32.6,23.9,4.44,70.7
2026-08-20 19:52:32,1090,37.94,8.06,0.0,4.89,72.5
2026-08-20 19:52:32,1091,41.03,7.07,0.0,3.92,75.0
2026-08-20 19:52:32,1092,38.18,70.62,23.14,12.53,70.7
2026-08-20 19:52:32,1093,40.59,7.15,0.0,3.89,77.8
2026-08-20 19:52:32,1094,42.38,8.11,0.0,4.14,63.6
2026-08-20 19:52:32,1095,41.02,30.77,20.64,6.04,72.5
2026-08-20 19:52:32,1096,40.41,9.66,0.0,4.39,75.6
2026-08-20 19:52:32,1097,43.1,8.98,0.0,3.87,72.2
2026-08-20 19:52:32,1098,40.16,66.05,22.39,5.64,73.7
2026-08-20 19:52:32,1099,40.65,7.63,0.0,4.05,56.5
2026-08-20 19:52:32,1100,39.58,25.14,0.0,5.68,83.3
2026-08-20 19:52:32,1101,38.27,30.74,21.98,5.33,75.5
2026-08-20 19:52:32,1102,37.76,12.87,0.0,6.67,59.4
2026-08-20 19:52:32,1103,37.78,8.17,0.0,4.35,72.5
2026-08-20 19:52:32,1104,35.75,49.26,20.55,6.2,69.1
2026-08-20 19:52:32,1105,36.71,7.8,0.0,4.3,65.0
2026-08-20 19:52:32,1106,37.97,12.11,0.0,4.91,65.0
2026-08-20 19:52:32,1107,37.11,29.98,20.92,5.9,72.9
2026-08-20 19:52:32,1108,37.15,8.66,0.0,3.91,71.4
2026-08-20 19:52:32,1109,40.15,8.14,0.0,4.98,70.0
2026-08-20 19:52:32,1110,37.5,66.3,22.17,3.96,71.0
2026-08-20 19:52:32,1111,40.23,11.17,0.0,5.55,70.0
2026-08-20 19:52:32,1112,38.66,27.08,0.0,4.75,76.4
2026-08-20 19:52:32,1113,37.26,35.58,26.97,5.39,63.0
2026-08-20 19:52:32,1114,37.68,11.64,0.0,3.78,70.0
2026-08-20 19:52:32,1115,42.85,7.35,0.0,4.04,0.0
2026-08-20 19:52:32,1116,39.85,69.24,25.04,4.81,72.0
2026-08-20 19:52:32,1117,41.07,8.93,0.0,4.74,84.6
2026-08-20 19:52:32,1118,41.29,16.06,0.0,5.63,65.2
2026-08-20 19:52:33,1119,39.36,29.4,22.24,3.97,74.6
2026-08-20 19:52:33,1120,39.43,7.41,0.0,4.43,77.5
2026-08-20 19:52:33,1121,42.08,7.05,0.0,3.9,71.4
2026-08-20 19:52:33,1122,39.52,53.0,22.97,3.86,71.8
2026-08-20 19:52:33,1123,41.35,7.28,0.0,4.05,63.6
2026-08-20 19:52:33,1124,39.46,36.33,0.0,5.42,65.0
2026-08-20 19:52:33,1125,37.79,32.27,24.09,4.12,70.0
2026-08-20 19:52:33,1126,38.62,7.5,0.0,3.98,70.0
2026-08-20 19:52:33,1127,40.79,8.06,0.0,4.62,70.0
2026-08-20 19:52:33,1128,38.16,60.74,24.18,5.72,69.2
2026-08-20 19:52:33,1129,38.06,9.4,0.0,4.74,66.7
2026-08-20 19:52:33,1130,41.11,8.03,0.0,4.6,73.7
2026-08-20 19:52:33,1131,39.73,28.58,20.72,4.24,73.2
2026-08-20 19:52:33,1132,39.55,8.01,0.0,4.6,72.5
2026-08-20 19:52:33,1133,41.79,8.59,0.0,4.38,75.0
2026-08-20 19:52:33,1134,39.12,58.83,21.47,4.16,69.1
2026-08-20 19:52:33,1135,38.8,8.24,0.0,5.15,72.5
2026-08-20 19:52:33,1136,38.17,22.96,0.0,5.71,72.5
2026-08-20 19:52:33,1137,37.16,32.25,22.68,4.73,71.8
2026-08-20 19:52:33,1138,36.88,23.5,0.0,5.01,72.1
2026-08-20 19:52:33,1139,39.03,10.3,0.0,5.76,90.0
2026-08-20 19:52:33,1140,36.35,61.11,25.49,13.22,78.2
2026-08-20 19:52:33,1141,36.29,9.35,0.0,5.35,87.8
2026-08-20 19:52:33,1142,38.95,9.45,0.0,4.9,65.0
2026-08-20 19:52:33,1143,37.53,33.93,25.67,5.21,72.1
2026-08-20 19:52:33,1144,38.28,8.64,0.0,4.18,65.0
2026-08-20 19:52:33,1145,41.46,7.9,0.0,4.84,65.0
2026-08-20 19:52:33,1146,38.96,52.48,24.92,4.47,72.5
2026-08-20 19:52:33,1147,40.78,6.99,0.0,3.82,65.0
2026-08-20 19:52:33,1148,39.39,28.46,0.0,5.35,65.9
2026-08-20 19:52:34,1149,37.51,29.25,21.19,4.22,73.1
2026-08-20 19:52:34,1150,37.67,7.3,0.0,3.96,59.1
2026-08-20 19:52:34,1151,39.91,7.85,0.0,4.76,70.0
2026-08-20 19:52:34,1152,37.53,53.86,23.53,5.49,72.8
2026-08-20 19:52:34,1153,39.41,8.31,0.0,5.08,65.0
2026-08-20 19:52:34,1154,40.17,13.55,0.0,4.42,81.0
2026-08-20 19:52:34,1155,38.02,35.16,27.03,4.61,68.3
2026-08-20 19:52:34,1156,39.06,7.76,0.0,4.98,65.0
2026-08-20 19:52:34,1157,40.89,9.64,0.0,4.55,69.2
2026-08-20 19:52:34,1158,38.35,58.09,27.3,4.94,72.5
2026-08-20 19:52:34,1159,40.99,9.72,0.0,4.72,73.7
2026-08-20 19:52:34,1160,39.52,32.34,0.0,5.98,71.4
2026-08-20 19:52:34,1161,37.58,34.14,24.78,5.34,75.0
2026-08-20 19:52:34,1162,38.94,8.11,0.0,4.65,77.8
2026-08-20 19:52:34,1163,41.33,8.05,0.0,4.39,73.9
2026-08-20 19:52:34,1164,38.72,57.76,22.21,5.46,69.5
2026-08-20 19:52:34,1165,41.61,8.53,0.0,4.85,70.0
2026-08-20 19:52:34,1166,41.29,19.06,0.0,5.93,65.0
2026-08-20 19:52:34,1167,39.81,34.7,26.42,5.01,76.7
2026-08-20 19:52:34,1168,39.42,20.69,0.0,5.67,65.9
2026-08-20 19:52:34,1169,40.29,9.86,0.0,6.77,90.0
2026-08-20 19:52:34,1170,37.8,58.97,23.09,5.59,73.8
2026-08-20 19:52:34,1171,37.58,7.5,0.0,3.79,65.9
2026-08-20 19:52:34,1172,37.25,21.72,0.0,6.8,75.0
2026-08-20 19:52:34,1173,35.97,32.57,22.98,5.51,72.5
2026-08-20 19:52:34,1174,36.64,7.97,0.0,5.36,78.6
2026-08-20 19:52:34,1175,38.45,10.66,0.0,4.77,78.9
2026-08-20 19:52:34,1176,36.03,65.06,26.22,4.45,74.8
2026-08-20 19:52:34,1177,36.53,9.89,0.0,6.76,78.9
2026-08-20 19:52:34,1178,39.5,9.02,0.0,5.83,61.9
2026-08-20 19:52:35,1179,37.96,34.36,24.5,4.64,76.7
2026-08-20 19:52:35,1180,38.64,8.65,0.0,4.54,65.0
2026-08-20 19:52:35,1181,41.72,7.44,0.0,4.5,70.0
2026-08-20 19:52:35,1182,38.88,66.65,25.27,5.29,70.3
2026-08-20 19:52:35,1183,38.43,16.2,0.0,12.83,67.5
2026-08-20 19:52:35,1184,38.85,7.73,0.0,4.64,65.0
2026-08-20 19:52:35,1185,37.64,29.09,21.85,4.02,70.0
2026-08-20 19:52:35,1186,37.58,8.06,0.0,3.99,65.0
2026-08-20 19:52:35,1187,37.87,17.24,0.0,12.99,77.5
2026-08-20 19:52:35,1188,35.68,49.14,23.46,5.57,67.5
2026-08-20 19:52:35,1189,36.54,8.11,0.0,4.17,65.0
2026-08-20 19:52:35,1190,37.94,13.01,0.0,3.89,78.9
2026-08-20 19:52:35,1191,36.87,32.53,23.09,5.7,66.7
2026-08-20 19:52:35,1192,37.14,12.03,0.0,3.93,67.5
2026-08-20 19:52:35,1193,41.15,9.47,0.0,6.14,100.0
2026-08-20 19:52:35,1194,38.4,66.44,23.31,3.77,67.7
2026-08-20 19:52:35,1195,39.19,7.99,0.0,4.1,78.4
2026-08-20 19:52:35,1196,37.76,32.74,0.0,4.69,76.7
2026-08-20 19:52:35,1197,36.18,30.39,23.19,4.05,72.9
2026-08-20 19:52:35,1198,36.07,11.32,0.0,7.19,86.0
2026-08-20 19:52:35,1199,38.07,10.97,0.0,5.69,70.0
2026-08-20 19:52:35,1200,36.04,37.29,24.53,4.03,75.6
2026-08-20 19:52:35,1201,37.96,7.83,0.0,4.26,75.0
2026-08-20 19:52:35,1202,38.49,14.9,0.0,4.8,73.7
2026-08-20 19:52:35,1203,36.83,28.62,20.36,5.11,71.0
2026-08-20 19:52:35,1204,36.75,9.38,0.0,5.71,70.0
2026-08-20 19:52:35,1205,39.89,8.59,0.0,5.18,75.0
2026-08-20 19:52:35,1206,37.57,52.68,21.62,3.87,71.2
2026-08-20 19:52:35,1207,39.18,7.24,0.0,4.19,61.9
2026-08-20 19:52:35,1208,37.82,31.04,0.0,4.94,71.8
2026-08-20 19:52:36,1209,36.11,31.35,24.18,4.13,83.8
2026-08-20 19:52:36,1210,36.52,8.68,0.0,5.41,57.1
2026-08-20 19:52:36,1211,39.03,9.86,0.0,6.26,100.0
2026-08-20 19:52:36,1212,36.73,59.02,21.23,5.76,68.8
2026-08-20 19:52:36,1213,40.07,6.53,0.0,3.99,65.0
2026-08-20 19:52:36,1214,39.57,19.57,0.0,6.26,72.5
2026-08-20 19:52:36,1215,37.72,34.66,25.06,4.64,70.0
2026-08-20 19:52:36,1216,38.57,8.49,0.0,5.3,71.4
2026-08-20 19:52:36,1217,41.32,8.13,0.0,5.06,65.0
2026-08-20 19:52:36,1218,38.62,61.91,25.06,4.55,71.4
2026-08-20 19:52:36,1219,38.64,8.28,0.0,5.18,59.1
2026-08-20 19:52:36,1220,38.42,19.74,0.0,5.89,72.5
2026-08-20 19:52:36,1221,36.76,33.53,25.93,4.51,73.3
2026-08-20 19:52:36,1222,37.6,8.28,0.0,5.04,65.0
2026-08-20 19:52:36,1223,40.47,7.38,0.0,4.37,70.0
2026-08-20 19:52:36,1224,37.83,62.32,25.3,5.32,74.7
2026-08-20 19:52:36,1225,37.78,9.61,0.0,6.34,71.4
2026-08-20 19:52:36,1226,40.36,10.31,0.0,6.41,80.0
2026-08-20 19:52:36,1227,38.95,32.35,21.07,7.83,77.5
2026-08-20 19:52:36,1228,39.26,8.13,0.0,4.99,67.5
2026-08-20 19:52:36,1229,42.23,7.17,0.0,3.89,84.2
2026-08-20 19:52:36,1230,39.43,61.1,24.03,5.0,71.2
2026-08-20 19:52:36,1231,39.57,8.16,0.0,5.06,69.2
2026-08-20 19:52:36,1232,38.58,25.95,0.0,5.75,70.7
2026-08-20 19:52:36,1233,37.41,31.09,23.81,4.19,75.0
2026-08-20 19:52:36,1234,37.45,9.48,0.0,6.15,70.7
2026-08-20 19:52:36,1235,40.38,8.98,0.0,5.8,70.0
2026-08-20 19:52:36,1236,37.77,63.09,21.92,5.04,71.2
2026-08-20 19:52:36,1237,38.1,8.89,0.0,5.75,75.0
2026-08-20 19:52:36,1238,39.51,12.08,0.0,4.95,71.4
2026-08-20 19:52:37,1239,38.4,32.3,22.98,6.24,76.9
2026-08-20 19:52:37,1240,38.07,11.74,0.0,5.4,68.3
2026-08-20 19:52:37,1241,37.49,12.29,0.0,7.99,77.5
2026-08-20 19:52:37,1242,35.56,36.18,23.1,4.91,71.2
2026-08-20 19:52:37,1243,37.26,8.04,0.0,5.18,66.7
2026-08-20 19:52:37,1244,36.15,30.78,0.0,4.39,70.0
2026-08-20 19:52:37,1245,34.67,29.9,21.34,5.45,71.2
2026-08-20 19:52:37,1246,34.87,9.6,0.0,5.99,73.2
2026-08-20 19:52:37,1247,37.93,8.86,0.0,5.81,100.0
2026-08-20 19:52:37,1248,35.72,56.87,25.5,3.72,76.5
2026-08-20 19:52:37,1249,37.81,11.56,0.0,4.64,90.0
2026-08-20 19:52:37,1250,38.18,20.17,0.0,6.84,78.0
2026-08-20 19:52:37,1251,36.83,34.82,20.97,8.2,72.5
2026-08-20 19:52:37,1252,36.86,8.56,0.0,4.93,77.5
2026-08-20 19:52:37,1253,39.36,9.21,0.0,5.11,70.0
2026-08-20 19:52:37,1254,36.97,58.02,21.05,5.4,72.5
2026-08-20 19:52:37,1255,36.62,8.45,0.0,5.0,72.5
2026-08-20 19:52:37,1256,36.55,20.27,0.0,4.28,70.0
2026-08-20 19:52:37,1257,35.27,30.43,22.63,4.56,70.0
2026-08-20 19:52:37,1258,35.95,7.68,0.0,3.94,78.9
2026-08-20 19:52:37,1259,38.46,8.07,0.0,5.03,79.2
2026-08-20 19:52:37,1260,36.11,59.25,21.15,4.3,75.8
2026-08-20 19:52:37,1261,35.98,10.43,0.0,5.23,59.1
2026-08-20 19:52:37,1262,38.43,11.02,0.0,7.3,85.0
2026-08-20 19:52:37,1263,36.34,37.02,26.8,6.18,74.1
2026-08-20 19:52:37,1264,38.9,6.68,0.0,4.46,65.0
2026-08-20 19:52:37,1265,39.85,11.35,0.0,8.05,70.0
2026-08-20 19:52:37,1266,37.89,29.73,20.58,3.77,77.5
2026-08-20 19:52:37,1267,41.57,9.53,0.0,6.69,50.0
2026-08-20 19:52:38,1268,39.25,49.48,0.0,5.9,78.0
2026-08-20 19:52:38,1269,36.9,54.8,39.19,8.2,93.8
2026-08-20 19:52:38,1270,38.67,10.05,0.0,6.28,80.0
2026-08-20 19:52:38,1271,39.65,10.14,0.0,6.22,79.5
2026-08-20 19:52:38,1272,37.91,38.94,26.13,4.3,71.4
2026-08-20 19:52:38,1273,40.5,9.32,0.0,5.49,75.0
2026-08-20 19:52:38,1274,41.03,15.15,0.0,4.98,80.0
2026-08-20 19:52:38,1275,38.74,38.06,28.43,5.95,72.1
2026-08-20 19:52:38,1276,39.64,11.94,0.0,7.75,82.9
2026-08-20 19:52:38,1277,39.01,11.52,0.0,6.96,70.0
2026-08-20 19:52:38,1278,37.17,44.16,25.84,5.05,73.7
2026-08-20 19:52:38,1279,37.16,8.53,0.0,5.35,65.2
2026-08-20 19:52:38,1280,37.08,24.56,0.0,4.38,82.5
2026-08-20 19:52:38,1281,35.72,31.38,23.65,4.66,74.1
2026-08-20 19:52:38,1282,36.01,9.96,0.0,6.79,75.0
2026-08-20 19:52:38,1283,39.29,8.27,0.0,5.49,25.0
2026-08-20 19:52:38,1284,36.79,63.19,24.36,5.64,72.5
2026-08-20 19:52:38,1285,37.01,9.33,0.0,6.25,77.1
2026-08-20 19:52:38,1286,39.37,9.92,0.0,6.04,66.7
2026-08-20 19:52:38,1287,37.97,33.29,22.57,6.2,75.6
2026-08-20 19:52:38,1288,38.59,7.93,0.0,4.8,72.5
2026-08-20 19:52:38,1289,40.66,9.31,0.0,5.04,94.7
2026-08-20 19:52:38,1290,37.86,72.31,23.75,8.09,73.3
2026-08-20 19:52:38,1291,41.36,9.2,0.0,6.43,85.0
2026-08-20 19:52:38,1292,40.22,24.06,0.0,4.07,74.4
2026-08-20 19:52:38,1293,38.72,32.81,23.41,6.34,78.0
2026-08-20 19:52:38,1294,38.85,9.76,0.0,6.4,75.6
2026-08-20 19:52:38,1295,38.25,8.68,0.0,5.46,76.3
2026-08-20 19:52:38,1296,36.27,47.07,24.41,3.41,66.1
2026-08-20 19:52:38,1297,36.03,13.0,0.0,7.95,81.0
2026-08-20 19:52:39,1298,35.89,10.95,0.0,7.56,95.9
2026-08-20 19:52:39,1299,34.57,38.92,25.61,9.49,71.7
2026-08-20 19:52:39,1300,36.55,9.83,0.0,6.63,75.0
2026-08-20 19:52:39,1301,38.98,10.36,0.0,4.94,81.0
2026-08-20 19:52:39,1302,36.69,41.53,21.58,10.64,79.0
2026-08-20 19:52:39,1303,36.61,6.9,0.0,4.69,65.0
2026-08-20 19:52:39,1304,36.97,16.54,0.0,9.4,81.0
2026-08-20 19:52:39,1305,35.35,33.79,23.96,7.06,78.7
2026-08-20 19:52:39,1306,34.8,20.83,0.0,17.27,62.2
2026-08-20 19:52:39,1307,36.13,9.71,0.0,6.37,75.0
2026-08-20 19:52:39,1308,34.62,41.21,25.9,4.9,74.6
2026-08-20 19:52:39,1309,38.23,8.31,0.0,5.17,76.2
2026-08-20 19:52:39,1310,38.24,18.92,0.0,5.84,78.9
2026-08-20 19:52:39,1311,36.53,35.25,26.21,4.17,74.2
2026-08-20 19:52:39,1312,37.37,10.47,0.0,6.96,59.1
2026-08-20 19:52:39,1313,40.79,8.98,0.0,5.55,65.0
2026-08-20 19:52:39,1314,38.11,67.79,23.78,6.45,76.3
2026-08-20 19:52:39,1315,42.73,7.44,0.0,5.07,0.0
2026-08-20 19:52:39,1316,40.85,24.98,0.0,6.99,71.7
2026-08-20 19:52:39,1317,39.11,36.59,24.84,9.56,72.1
2026-08-20 19:52:39,1318,39.23,13.61,0.0,7.21,95.0
2026-08-20 19:52:39,1319,41.9,10.2,0.0,7.87,95.0
2026-08-20 19:52:39,1320,39.05,56.48,26.86,7.07,82.5
2026-08-20 19:52:39,1321,41.04,9.87,0.0,5.68,71.4
2026-08-20 19:52:39,1322,42.81,10.91,0.0,5.88,75.0
2026-08-20 19:52:39,1323,41.12,33.6,22.41,6.73,77.8
2026-08-20 19:52:39,1324,41.0,11.57,0.0,4.04,65.0
2026-08-20 19:52:39,1325,44.03,9.26,0.0,6.49,65.0
2026-08-20 19:52:39,1326,40.9,75.64,24.99,9.12,75.0
2026-08-20 19:52:39,1327,40.14,8.67,0.0,5.55,77.5
2026-08-20 19:52:39,1328,40.57,16.17,0.0,6.23,73.2
2026-08-20 19:52:40,1329,38.5,35.5,23.89,6.88,73.8
2026-08-20 19:52:40,1330,39.83,8.28,0.0,5.26,65.0
2026-08-20 19:52:40,1331,41.25,11.78,0.0,6.44,100.0
2026-08-20 19:52:40,1332,38.72,42.42,26.31,3.6,78.0
2026-08-20 19:52:40,1333,38.12,11.39,0.0,6.72,71.8
2026-08-20 19:52:40,1334,41.13,9.61,0.0,5.5,85.7
2026-08-20 19:52:40,1335,39.71,33.45,26.18,4.86,78.2
2026-08-20 19:52:40,1336,40.01,8.68,0.0,6.39,57.7
2026-08-20 19:52:40,1337,42.39,12.14,0.0,9.63,85.7
2026-08-20 19:52:40,1338,39.57,63.09,22.75,7.38,76.2
2026-08-20 19:52:40,1339,39.87,7.72,0.0,6.03,65.0
2026-08-20 19:52:40,1340,38.94,24.95,0.0,7.57,72.5
2026-08-20 19:52:40,1341,37.49,33.86,24.46,7.17,71.7
2026-08-20 19:52:40,1342,38.02,10.06,0.0,6.07,65.0
2026-08-20 19:52:40,1343,40.64,10.33,0.0,8.17,70.0
2026-08-20 19:52:40,1344,37.95,67.2,20.83,7.16,71.8
2026-08-20 19:52:40,1345,39.24,8.27,0.0,5.02,65.0
2026-08-20 19:52:40,1346,40.31,12.32,0.0,5.22,65.0
2026-08-20 19:52:40,1347,38.19,33.58,23.71,6.39,74.1
2026-08-20 19:52:40,1348,38.47,9.5,0.0,6.21,75.0
2026-08-20 19:52:40,1349,40.49,10.54,0.0,5.47,85.0
2026-08-20 19:52:40,1350,38.18,51.91,22.19,5.76,73.8
2026-08-20 19:52:40,1351,38.62,11.39,0.0,6.63,77.8
2026-08-20 19:52:40,1352,37.75,27.14,0.0,4.4,66.7
2026-08-20 19:52:40,1353,36.01,32.43,24.41,3.77,74.2
2026-08-20 19:52:40,1354,36.45,9.76,0.0,6.12,82.6
2026-08-20 19:52:40,1355,39.42,8.85,0.0,5.7,65.0
2026-08-20 19:52:40,1356,37.02,58.62,24.57,6.73,73.7
2026-08-20 19:52:40,1357,40.89,8.89,0.0,6.15,0.0
2026-08-20 19:52:40,1358,40.53,20.17,0.0,6.11,75.6
2026-08-20 19:52:41,1359,38.66,34.83,25.86,6.1,75.0
2026-08-20 19:52:41,1360,39.6,8.74,0.0,4.16,75.0
2026-08-20 19:52:41,1361,41.95,9.17,0.0,5.14,75.0
2026-08-20 19:52:41,1362,39.24,60.45,21.54,7.65,75.8
2026-08-20 19:52:41,1363,38.08,18.17,0.0,13.55,65.9
2026-08-20 19:52:41,1364,38.88,7.8,0.0,4.84,75.0
2026-08-20 19:52:41,1365,37.34,34.4,24.08,5.3,73.8
2026-08-20 19:52:41,1366,38.09,8.7,0.0,4.13,74.4
2026-08-20 19:52:41,1367,41.03,8.02,0.0,4.84,93.3
2026-08-20 19:52:41,1368,38.4,60.79,21.43,6.08,68.6
2026-08-20 19:52:41,1369,38.15,9.06,0.0,5.3,75.0
2026-08-20 19:52:41,1370,40.38,9.57,0.0,5.92,84.2
2026-08-20 19:52:41,1371,38.78,34.64,25.92,4.89,75.6
2026-08-20 19:52:41,1372,39.33,10.22,0.0,5.22,82.5
2026-08-20 19:52:41,1373,42.48,8.85,0.0,5.83,84.2
2026-08-20 19:52:41,1374,39.64,65.2,22.83,5.14,72.8
2026-08-20 19:52:41,1375,41.85,9.88,0.0,6.18,80.0
2026-08-20 19:52:41,1376,40.09,29.16,0.0,6.16,82.8
2026-08-20 19:52:41,1377,38.04,32.06,23.18,5.89,71.7
2026-08-20 19:52:41,1378,38.41,9.37,0.0,6.33,92.5
2026-08-20 19:52:41,1379,40.58,10.17,0.0,5.3,76.2
2026-08-20 19:52:41,1380,38.18,54.28,23.72,5.85,76.5
2026-08-20 19:52:41,1381,39.67,9.6,0.0,5.84,70.0
2026-08-20 19:52:41,1382,40.55,14.21,0.0,5.1,75.0
2026-08-20 19:52:41,1383,38.93,37.94,25.78,6.27,72.6
2026-08-20 19:52:41,1384,38.78,20.07,0.0,6.19,74.4
2026-08-20 19:52:41,1385,40.46,11.41,0.0,8.32,65.2
2026-08-20 19:52:41,1386,37.47,85.51,51.39,4.98,84.4
2026-08-20 19:52:41,1387,38.74,12.45,0.0,9.22,100.0
2026-08-20 19:52:42,1388,38.72,7.97,0.0,4.17,75.0
2026-08-20 19:52:42,1389,37.2,34.35,25.8,5.44,78.0
2026-08-20 19:52:42,1390,38.2,7.91,0.0,4.97,80.0
2026-08-20 19:52:42,1391,40.25,9.08,0.0,4.29,78.9
2026-08-20 19:52:42,1392,37.99,49.76,25.48,4.69,78.7
2026-08-20 19:52:42,1393,38.61,9.86,0.0,6.32,72.5
2026-08-20 19:52:42,1394,41.82,7.83,0.0,5.02,81.0
2026-08-20 19:52:42,1395,40.0,34.08,23.46,6.58,75.6
2026-08-20 19:52:42,1396,40.18,10.1,0.0,5.06,73.7
2026-08-20 19:52:42,1397,43.19,8.91,0.0,5.83,71.4
2026-08-20 19:52:42,1398,40.2,69.57,24.84,5.44,74.3
2026-08-20 19:52:42,1399,43.54,8.85,0.0,6.13,81.0
2026-08-20 19:52:42,1400,41.71,29.2,0.0,5.65,75.0
2026-08-20 19:52:42,1401,39.53,31.61,23.74,4.8,75.8
2026-08-20 19:52:42,1402,39.94,7.71,0.0,4.65,73.2
2026-08-20 19:52:42,1403,42.13,8.12,0.0,4.09,84.2
2026-08-20 19:52:42,1404,39.45,57.57,25.28,5.2,71.1
2026-08-20 19:52:42,1405,38.89,9.41,0.0,5.65,67.5
2026-08-20 19:52:42,1406,42.92,8.87,0.0,6.1,90.0
2026-08-20 19:52:42,1407,40.84,36.31,25.63,6.54,72.1
2026-08-20 19:52:42,1408,41.75,8.28,0.0,5.11,65.0
2026-08-20 19:52:42,1409,44.78,9.52,0.0,6.69,90.0
2026-08-20 19:52:42,1410,41.79,58.86,22.54,5.06,74.4
2026-08-20 19:52:42,1411,43.44,12.14,0.0,7.11,65.0
2026-08-20 19:52:42,1412,41.58,37.01,0.0,5.19,71.2
2026-08-20 19:52:42,1413,39.74,33.99,22.65,6.21,78.0
2026-08-20 19:52:42,1414,39.95,9.89,0.0,6.64,59.1
2026-08-20 19:52:42,1415,43.42,7.77,0.0,4.68,78.9
2026-08-20 19:52:42,1416,40.56,59.02,23.86,3.5,84.9
2026-08-20 19:52:42,1417,39.98,9.32,0.0,6.83,64.3
2026-08-20 19:52:43,1418,39.39,8.66,0.0,6.37,85.0
2026-08-20 19:52:43,1419,37.85,34.26,23.38,8.67,83.9
2026-08-20 19:52:43,1420,39.42,5.46,0.0,3.16,85.0
2026-08-20 19:52:43,1421,41.66,6.6,0.0,2.35,81.0
2026-08-20 19:52:43,1422,39.06,54.2,27.86,6.31,83.8
2026-08-20 19:52:43,1423,42.1,10.15,0.0,7.59,70.0
2026-08-20 19:52:43,1424,40.49,27.71,0.0,6.04,70.0
2026-08-20 19:52:43,1425,38.45,31.49,22.7,6.51,75.0
2026-08-20 19:52:43,1426,39.47,15.26,0.0,7.63,58.3
2026-08-20 19:52:43,1427,40.99,6.76,0.0,3.82,70.0
2026-08-20 19:52:43,1428,38.32,60.89,30.78,6.52,77.2
2026-08-20 19:52:43,1429,37.79,11.63,0.0,9.39,73.3
2026-08-20 19:52:43,1430,37.25,11.58,0.0,7.65,72.5
2026-08-20 19:52:43,1431,35.45,33.38,25.05,5.06,68.8
2026-08-20 19:52:43,1432,36.16,9.12,0.0,6.16,75.0
2026-08-20 19:52:43,1433,38.11,12.35,0.0,5.98,65.0
2026-08-20 19:52:43,1434,36.21,32.74,24.15,5.23,75.0
2026-08-20 19:52:43,1435,37.03,8.84,0.0,3.95,65.0
2026-08-20 19:52:43,1436,39.86,7.95,0.0,5.0,90.0
2026-08-20 19:52:43,1437,38.22,34.59,24.19,6.78,71.7
2026-08-20 19:52:43,1438,39.28,8.15,0.0,4.03,80.0
2026-08-20 19:52:43,1439,41.73,8.36,0.0,5.19,85.0
2026-08-20 19:52:43,1440,38.99,62.11,24.18,4.22,74.3
2026-08-20 19:52:43,1441,39.21,7.85,0.0,3.83,59.1
2026-08-20 19:52:43,1442,40.6,10.65,0.0,5.15,75.0
2026-08-20 19:52:43,1443,39.1,33.73,23.58,4.98,78.7
2026-08-20 19:52:43,1444,39.59,8.28,0.0,5.21,75.0
2026-08-20 19:52:43,1445,41.74,9.32,0.0,4.62,80.0
2026-08-20 19:52:43,1446,39.01,62.43,22.54,5.24,73.3
2026-08-20 19:52:43,1447,39.06,9.76,0.0,5.54,70.0
2026-08-20 19:52:43,1448,38.0,29.45,0.0,5.23,76.7
2026-08-20 19:52:44,1449,36.99,32.53,23.8,5.24,73.8
2026-08-20 19:52:44,1450,37.32,9.94,0.0,4.82,70.0
2026-08-20 19:52:44,1451,40.67,8.66,0.0,5.48,88.9
2026-08-20 19:52:44,1452,37.76,79.18,26.62,13.97,69.6
2026-08-20 19:52:44,1453,37.6,11.29,0.0,5.23,75.0
2026-08-20 19:52:44,1454,40.31,10.8,0.0,7.4,77.8
2026-08-20 19:52:44,1455,38.81,34.2,21.86,5.87,73.8
2026-08-20 19:52:44,1456,39.31,9.21,0.0,6.37,85.4
2026-08-20 19:52:44,1457,41.89,8.96,0.0,4.42,80.0
2026-08-20 19:52:44,1458,39.44,50.63,22.89,5.58,73.3
2026-08-20 19:52:44,1459,43.19,10.05,0.0,6.17,70.0
2026-08-20 19:52:44,1460,41.09,30.16,0.0,6.05,80.0
2026-08-20 19:52:44,1461,38.97,32.48,24.51,4.78,76.7
2026-08-20 19:52:44,1462,39.13,10.54,0.0,6.84,74.4
2026-08-20 19:52:44,1463,41.29,11.05,0.0,7.5,85.0
2026-08-20 19:52:44,1464,38.79,56.59,22.88,8.11,77.8
2026-08-20 19:52:44,1465,41.38,10.1,0.0,6.98,75.0
2026-08-20 19:52:44,1466,41.46,18.31,0.0,6.0,72.0
2026-08-20 19:52:44,1467,39.58,30.28,22.2,4.91,73.7
2026-08-20 19:52:44,1468,39.14,10.81,0.0,7.5,65.0
2026-08-20 19:52:44,1469,42.24,9.56,0.0,4.68,90.0
2026-08-20 19:52:44,1470,39.5,60.81,24.65,4.63,74.7
2026-08-20 19:52:44,1471,39.19,8.9,0.0,5.61,65.0
2026-08-20 19:52:44,1472,39.32,17.56,0.0,3.85,72.5
2026-08-20 19:52:44,1473,37.38,35.69,26.69,5.9,71.7
2026-08-20 19:52:44,1474,38.44,8.99,0.0,5.55,65.0
2026-08-20 19:52:44,1475,37.91,8.25,0.0,4.9,80.0
2026-08-20 19:52:44,1476,35.82,51.94,28.65,6.39,70.0
2026-08-20 19:52:44,1477,36.89,9.91,0.0,5.62,70.0
2026-08-20 19:52:44,1478,39.11,10.78,0.0,5.35,80.0
2026-08-20 19:52:45,1479,37.59,36.77,27.97,4.39,75.0
2026-08-20 19:52:45,1480,38.23,11.4,0.0,8.06,81.1
2026-08-20 19:52:45,1481,42.11,8.81,0.0,5.77,0.0
2026-08-20 19:52:45,1482,39.27,65.94,26.52,4.31,75.0
2026-08-20 19:52:45,1483,39.76,9.06,0.0,5.21,66.7
2026-08-20 19:52:45,1484,38.82,25.96,0.0,7.14,75.0
2026-08-20 19:52:45,1485,36.98,43.0,31.28,6.92,75.4
2026-08-20 19:52:45,1486,36.7,9.51,0.0,6.58,75.7
2026-08-20 19:52:45,1487,41.37,9.01,0.0,5.48,0.0
2026-08-20 19:52:45,1488,38.65,60.22,26.75,14.04,75.0
2026-08-20 19:52:45,1489,38.53,8.43,0.0,5.24,78.4
2026-08-20 19:52:45,1490,41.09,11.58,0.0,6.0,77.3
2026-08-20 19:52:45,1491,39.41,34.1,25.98,5.01,70.7
2026-08-20 19:52:45,1492,40.06,9.59,0.0,6.23,74.4
2026-08-20 19:52:45,1493,42.34,10.25,0.0,6.18,76.2
2026-08-20 19:52:45,1494,39.72,56.29,25.88,4.45,76.0
2026-08-20 19:52:45,1495,41.62,9.35,0.0,4.32,56.0
2026-08-20 19:52:45,1496,40.17,30.73,0.0,6.31,71.8
2026-08-20 19:52:45,1497,38.17,32.16,22.93,6.19,72.1
2026-08-20 19:52:45,1498,38.42,10.2,0.0,5.13,87.2
2026-08-20 19:52:45,1499,41.69,8.36,0.0,5.15,75.0
2026-08-20 19:52:45,1500,39.11,56.2,26.49,4.01,77.8
2026-08-20 19:52:45,1501,41.36,8.06,0.0,4.1,66.7
2026-08-20 19:52:45,1502,41.55,15.18,0.0,5.03,75.0
2026-08-20 19:52:45,1503,39.55,30.45,21.55,5.82,71.7
2026-08-20 19:52:45,1504,39.51,8.02,0.0,4.9,73.2
2026-08-20 19:52:45,1505,39.97,19.8,0.0,13.71,95.0
2026-08-20 19:52:45,1506,37.67,44.15,21.97,6.43,73.8
2026-08-20 19:52:45,1507,37.68,8.13,0.0,4.88,70.7
2026-08-20 19:52:45,1508,37.47,20.26,0.0,4.19,72.5
2026-08-20 19:52:46,1509,36.05,31.08,24.32,4.7,75.0
2026-08-20 19:52:46,1510,36.52,8.76,0.0,6.45,69.2
2026-08-20 19:52:46,1511,39.55,8.21,0.0,6.03,80.0
2026-08-20 19:52:46,1512,37.04,61.37,23.71,6.45,73.4
2026-08-20 19:52:46,1513,37.24,8.41,0.0,6.35,68.3
2026-08-20 19:52:46,1514,38.55,12.51,0.0,8.33,92.6
2026-08-20 19:52:46,1515,36.54,35.63,25.84,7.04,75.3
2026-08-20 19:52:46,1516,37.98,8.66,0.0,6.58,70.0
2026-08-20 19:52:46,1517,39.92,10.11,0.0,7.62,70.0
2026-08-20 19:52:46,1518,37.5,57.99,30.22,8.61,76.2
2026-08-20 19:52:46,1519,40.37,9.11,0.0,6.4,73.9
2026-08-20 19:52:46,1520,39.27,27.66,0.0,6.71,77.5
2026-08-20 19:52:46,1521,37.78,36.57,27.11,6.89,75.0
2026-08-20 19:52:46,1522,38.37,11.27,0.0,6.37,65.0
2026-08-20 19:52:46,1523,38.01,8.85,0.0,6.59,75.0
2026-08-20 19:52:46,1524,35.83,57.74,26.03,6.92,69.1
2026-08-20 19:52:46,1525,37.59,10.62,0.0,7.03,65.0
2026-08-20 19:52:46,1526,39.58,12.07,0.0,4.98,70.0
2026-08-20 19:52:46,1527,37.49,33.57,25.19,5.01,75.0
2026-08-20 19:52:46,1528,38.56,12.84,0.0,7.65,70.0
2026-08-20 19:52:46,1529,40.39,8.4,0.0,5.13,80.0
2026-08-20 19:52:46,1530,37.95,54.9,26.77,4.99,72.8
2026-08-20 19:52:46,1531,40.7,6.19,0.0,3.59,65.0
2026-08-20 19:52:46,1532,38.98,33.2,0.0,8.41,75.0
2026-08-20 19:52:46,1533,37.24,31.6,23.36,5.09,72.1
2026-08-20 19:52:46,1534,37.28,10.38,0.0,6.57,82.1
2026-08-20 19:52:46,1535,39.69,10.92,0.0,6.72,95.2
2026-08-20 19:52:46,1536,37.4,54.45,25.4,4.31,78.7
2026-08-20 19:52:46,1537,39.17,9.13,0.0,5.6,71.4
2026-08-20 19:52:46,1538,40.62,11.69,0.0,4.49,68.4
2026-08-20 19:52:47,1539,38.88,38.63,27.15,7.58,77.0
2026-08-20 19:52:47,1540,39.56,14.66,0.0,4.39,66.7
2026-08-20 19:52:47,1541,39.07,12.02,0.0,7.19,75.0
2026-08-20 19:52:47,1542,36.71,44.78,24.11,7.17,74.7
2026-08-20 19:52:47,1543,36.43,12.73,0.0,8.78,65.9
2026-08-20 19:52:47,1544,36.94,6.83,0.0,4.56,75.0
2026-08-20 19:52:47,1545,35.52,35.88,25.3,6.35,75.0
2026-08-20 19:52:47,1546,36.35,11.51,0.0,9.35,78.0
2026-08-20 19:52:47,1547,40.16,9.45,0.0,7.3,70.0
2026-08-20 19:52:47,1548,37.51,69.99,24.07,9.61,76.5
2026-08-20 19:52:47,1549,38.42,8.85,0.0,6.35,84.6
2026-08-20 19:52:47,1550,39.33,13.64,0.0,9.1,63.6
2026-08-20 19:52:47,1551,37.48,31.05,24.46,3.98,75.0
2026-08-20 19:52:47,1552,37.89,8.57,0.0,6.32,67.5
2026-08-20 19:52:47,1553,41.97,9.04,0.0,7.01,0.0
2026-08-20 19:52:47,1554,39.32,54.01,23.1,9.31,78.1
2026-08-20 19:52:47,1555,42.18,6.73,0.0,4.2,65.2
2026-08-20 19:52:47,1556,40.28,34.27,0.0,7.65,81.0
2026-08-20 19:52:47,1557,37.61,59.94,50.04,7.6,92.2
2026-08-20 19:52:47,1558,38.83,15.18,0.0,9.01,100.0
2026-08-20 19:52:47,1559,39.85,6.61,0.0,4.02,77.5
2026-08-20 19:52:47,1560,38.0,37.39,25.15,8.65,80.0
2026-08-20 19:52:47,1561,39.52,7.61,0.0,5.43,80.0
2026-08-20 19:52:47,1562,43.13,10.31,0.0,7.43,71.4
2026-08-20 19:52:47,1563,41.0,34.59,26.69,4.68,87.1
2026-08-20 19:52:47,1564,41.65,8.63,0.0,6.45,72.7
2026-08-20 19:52:47,1565,43.07,11.09,0.0,7.79,70.0
2026-08-20 19:52:47,1566,40.29,45.57,24.33,9.65,75.0
2026-08-20 19:52:47,1567,40.18,8.59,0.0,6.36,73.2
2026-08-20 19:52:47,1568,39.73,20.41,0.0,7.82,73.2
2026-08-20 19:52:48,1569,37.73,39.27,24.28,12.57,71.7
2026-08-20 19:52:48,1570,39.14,11.45,0.0,7.33,65.0
2026-08-20 19:52:48,1571,38.99,6.68,0.0,4.44,72.5
2026-08-20 19:52:48,1572,36.93,46.11,23.08,8.45,76.3
2026-08-20 19:52:48,1573,37.41,7.42,0.0,5.29,68.3
2026-08-20 19:52:48,1574,39.22,9.54,0.0,6.67,78.9
2026-08-20 19:52:48,1575,37.63,36.53,28.24,6.07,72.6
2026-08-20 19:52:48,1576,38.89,8.43,0.0,6.21,90.0
2026-08-20 19:52:48,1577,42.19,10.49,0.0,8.65,81.8
2026-08-20 19:52:48,1578,39.32,64.78,22.52,7.35,72.3
2026-08-20 19:52:48,1579,39.91,7.89,0.0,6.21,65.0
2026-08-20 19:52:48,1580,39.03,24.41,0.0,7.2,80.0
2026-08-20 19:52:48,1581,37.46,35.39,24.24,9.0,75.0
2026-08-20 19:52:48,1582,38.1,10.21,0.0,7.97,65.0
2026-08-20 19:52:48,1583,40.01,12.21,0.0,7.89,70.0
2026-08-20 19:52:48,1584,37.43,50.37,25.2,6.63,73.3
2026-08-20 19:52:48,1585,36.7,20.19,0.0,17.13,67.5
2026-08-20 19:52:48,1586,37.97,8.48,0.0,6.22,85.0
2026-08-20 19:52:48,1587,36.54,34.68,25.23,7.25,73.8
2026-08-20 19:52:48,1588,36.9,12.04,0.0,7.71,80.0
2026-08-20 19:52:48,1589,40.32,10.18,0.0,5.6,75.0
2026-08-20 19:52:48,1590,37.96,56.12,23.57,8.82,72.1
2026-08-20 19:52:48,1591,40.0,7.0,0.0,4.78,77.3
2026-08-20 19:52:48,1592,38.73,28.22,0.0,6.63,72.9
2026-08-20 19:52:48,1593,37.43,34.84,24.47,7.11,75.6
2026-08-20 19:52:48,1594,37.97,10.3,0.0,6.19,72.5
2026-08-20 19:52:48,1595,37.32,10.56,0.0,8.2,72.5
2026-08-20 19:52:48,1596,35.17,42.77,26.35,12.18,78.5
2026-08-20 19:52:48,1597,38.22,11.48,0.0,6.95,68.2
2026-08-20 19:52:49,1598,37.71,9.69,0.0,7.42,72.5
2026-08-20 19:52:49,1599,36.46,34.46,23.01,8.55,73.2
2026-08-20 19:52:49,1600,37.03,11.13,0.0,8.93,72.5
2026-08-20 19:52:49,1601,40.02,10.46,0.0,6.38,85.0
2026-08-20 19:52:49,1602,37.63,56.41,26.11,6.12,73.8
2026-08-20 19:52:49,1603,39.99,9.73,0.0,7.46,66.7
2026-08-20 19:52:49,1604,38.35,39.17,0.0,8.94,72.1
2026-08-20 19:52:49,1605,36.81,40.24,30.38,7.55,75.0
2026-08-20 19:52:49,1606,37.44,8.32,0.0,6.6,72.5
2026-08-20 19:52:49,1607,41.49,9.44,0.0,7.48,70.0
2026-08-20 19:52:49,1608,38.81,57.51,21.91,7.82,72.5
2026-08-20 19:52:49,1609,41.76,9.27,0.0,6.73,88.2
2026-08-20 19:52:49,1610,41.36,20.21,0.0,7.03,69.0
2026-08-20 19:52:49,1611,39.53,31.56,21.92,6.81,73.2
2026-08-20 19:52:49,1612,39.67,9.06,0.0,6.85,72.5
2026-08-20 19:52:49,1613,41.72,10.06,0.0,6.71,75.0
2026-08-20 19:52:49,1614,38.72,79.63,23.65,7.45,72.3
2026-08-20 19:52:49,1615,38.96,8.4,0.0,6.22,72.5
2026-08-20 19:52:49,1616,41.12,8.83,0.0,6.69,75.0
2026-08-20 19:52:49,1617,39.31,36.3,25.77,7.69,72.1
2026-08-20 19:52:49,1618,40.42,8.91,0.0,6.91,71.4
2026-08-20 19:52:49,1619,41.97,11.39,0.0,7.32,80.0
2026-08-20 19:52:49,1620,39.31,45.5,21.16,5.13,77.5
2026-08-20 19:52:49,1621,39.1,8.87,0.0,6.65,70.0
2026-08-20 19:52:49,1622,40.49,15.38,0.0,6.38,70.0
2026-08-20 19:52:49,1623,38.32,33.99,26.4,5.39,69.1
2026-08-20 19:52:49,1624,37.52,19.01,0.0,17.15,67.5
2026-08-20 19:52:49,1625,38.32,9.5,0.0,7.28,73.7
2026-08-20 19:52:49,1626,36.21,51.56,26.13,5.25,70.4
2026-08-20 19:52:49,1627,37.3,9.3,0.0,6.95,65.0
2026-08-20 19:52:49,1628,38.16,15.11,0.0,7.87,75.0
2026-08-20 19:52:50,1629,36.44,30.72,22.05,6.52,74.1
2026-08-20 19:52:50,1630,36.92,7.57,0.0,5.31,59.1
2026-08-20 19:52:50,1631,38.43,10.76,0.0,6.55,76.9
2026-08-20 19:52:50,1632,36.4,49.73,22.4,5.13,71.4
2026-08-20 19:52:50,1633,37.74,7.29,0.0,5.1,65.0
2026-08-20 19:52:50,1634,38.68,13.34,0.0,5.31,78.4
2026-08-20 19:52:50,1635,36.83,31.91,23.19,6.45,68.9
2026-08-20 19:52:50,1636,37.54,7.71,0.0,5.33,91.7
2026-08-20 19:52:50,1637,40.25,7.7,0.0,5.23,75.0
2026-08-20 19:52:50,1638,37.54,68.08,21.59,5.3,69.0
2026-08-20 19:52:50,1639,38.72,8.85,0.0,6.66,81.1
2026-08-20 19:52:50,1640,39.46,14.58,0.0,5.34,59.1
2026-08-20 19:52:50,1641,37.57,31.13,22.14,6.75,70.5
2026-08-20 19:52:50,1642,38.13,7.28,0.0,5.56,67.5
2026-08-20 19:52:50,1643,39.48,11.2,0.0,8.66,78.9
2026-08-20 19:52:50,1644,37.19,55.6,21.78,5.62,71.8
2026-08-20 19:52:50,1645,39.41,10.41,0.0,8.1,60.9
2026-08-20 19:52:50,1646,39.25,21.32,0.0,5.07,61.9
2026-08-20 19:52:50,1647,37.57,34.93,26.4,5.32,70.0
2026-08-20 19:52:50,1648,37.11,18.25,0.0,15.74,72.5
2026-08-20 19:52:50,1649,37.4,11.73,0.0,7.52,72.5
2026-08-20 19:52:50,1650,35.16,62.39,21.08,7.66,70.5
2026-08-20 19:52:50,1651,35.3,10.17,0.0,7.5,69.0
2026-08-20 19:52:50,1652,37.63,11.23,0.0,8.78,80.0
2026-08-20 19:52:50,1653,36.83,29.04,21.24,5.6,79.5
2026-08-20 19:52:50,1654,36.94,7.18,0.0,5.21,69.2
2026-08-20 19:52:50,1655,38.95,9.5,0.0,6.91,66.7
2026-08-20 19:52:50,1656,36.55,60.31,20.82,5.19,69.1
2026-08-20 19:52:50,1657,40.89,8.78,0.0,6.61,73.7
2026-08-20 19:52:50,1658,39.76,27.13,0.0,6.88,73.8
2026-08-20 19:52:51,1659,38.65,29.91,21.06,6.34,72.5
2026-08-20 19:52:51,1660,38.56,9.41,0.0,5.62,81.0
2026-08-20 19:52:51,1661,42.57,7.16,0.0,3.48,66.7
2026-08-20 19:52:51,1662,39.42,82.04,20.99,6.45,71.3
2026-08-20 19:52:51,1663,40.08,8.24,0.0,5.89,65.0
2026-08-20 19:52:51,1664,40.53,14.63,0.0,6.07,70.0
2026-08-20 19:52:51,1665,38.74,26.88,21.2,3.43,71.7
2026-08-20 19:52:51,1666,39.78,15.25,0.0,7.44,71.1
2026-08-20 19:52:51,1667,39.89,8.29,0.0,4.77,59.1
2026-08-20 19:52:51,1668,37.56,52.3,23.02,5.64,68.8
2026-08-20 19:52:51,1669,39.68,5.77,0.0,3.59,65.0
2026-08-20 19:52:51,1670,39.55,16.78,0.0,7.0,70.0
2026-08-20 19:52:51,1671,37.46,39.56,24.32,12.75,72.9
2026-08-20 19:52:51,1672,39.07,9.92,0.0,6.84,66.7
2026-08-20 19:52:51,1673,44.38,5.58,0.0,3.42,80.0
2026-08-20 19:52:51,1674,41.13,73.37,24.43,6.9,70.9
2026-08-20 19:52:51,1675,44.34,7.53,0.0,4.81,75.0
2026-08-20 19:52:51,1676,43.53,19.1,0.0,8.38,82.9
2026-08-20 19:52:51,1677,41.56,28.94,22.04,4.66,71.9
2026-08-20 19:52:51,1678,41.41,7.43,0.0,5.18,69.6
2026-08-20 19:52:51,1679,42.45,10.75,0.0,6.54,77.5
2026-08-20 19:52:51,1680,39.77,58.51,23.07,5.89,74.0
2026-08-20 19:52:51,1681,43.35,7.57,0.0,5.04,66.7
2026-08-20 19:52:51,1682,42.76,18.7,0.0,5.88,75.0
2026-08-20 19:52:51,1683,41.12,30.13,23.2,5.37,83.3
2026-08-20 19:52:51,1684,40.72,19.63,0.0,6.12,59.1
2026-08-20 19:52:51,1685,42.75,5.69,0.0,3.53,70.0
2026-08-20 19:52:51,1686,39.58,79.65,23.81,9.65,67.5
2026-08-20 19:52:51,1687,39.74,8.46,0.0,6.26,68.3
2026-08-20 19:52:52,1688,41.94,8.21,0.0,6.48,80.0
2026-08-20 19:52:52,1689,40.32,31.41,23.42,5.78,82.1
2026-08-20 19:52:52,1690,40.46,7.32,0.0,5.19,73.8
2026-08-20 19:52:52,1691,42.01,9.77,0.0,7.49,84.2
2026-08-20 19:52:52,1692,39.4,56.29,21.53,5.77,70.9
2026-08-20 19:52:52,1693,41.98,8.79,0.0,6.66,59.1
2026-08-20 19:52:52,1694,41.22,22.15,0.0,5.18,67.5
2026-08-20 19:52:52,1695,39.59,30.45,23.19,5.17,84.2
2026-08-20 19:52:52,1696,39.25,10.28,0.0,7.98,71.4
2026-08-20 19:52:52,1697,43.2,7.4,0.0,5.09,65.0
2026-08-20 19:52:52,1698,40.04,77.52,22.61,6.86,70.7
2026-08-20 19:52:52,1699,43.99,7.21,0.0,5.62,0.0
2026-08-20 19:52:52,1700,42.94,23.57,0.0,5.36,80.5
2026-08-20 19:52:52,1701,41.3,29.35,21.97,5.21,74.6
2026-08-20 19:52:52,1702,40.96,7.73,0.0,5.19,61.9
2026-08-20 19:52:52,1703,43.0,8.41,0.0,6.32,65.0
2026-08-20 19:52:52,1704,40.15,61.62,24.22,6.19,72.5
2026-08-20 19:52:52,1705,39.81,9.28,0.0,7.04,74.4
2026-08-20 19:52:52,1706,43.13,7.74,0.0,5.82,0.0
2026-08-20 19:52:52,1707,41.18,33.36,25.89,5.28,73.3
2026-08-20 19:52:52,1708,41.34,8.61,0.0,6.45,70.0
2026-08-20 19:52:52,1709,43.38,9.4,0.0,6.93,80.0
2026-08-20 19:52:52,1710,40.16,82.58,25.74,7.73,66.3
2026-08-20 19:52:52,1711,40.77,8.72,0.0,6.5,74.4
2026-08-20 19:52:52,1712,42.77,9.23,0.0,6.47,75.0
2026-08-20 19:52:52,1713,41.13,31.11,23.78,5.26,71.4
2026-08-20 19:52:52,1714,41.14,7.34,0.0,5.31,68.3
2026-08-20 19:52:52,1715,42.63,9.81,0.0,7.13,84.2
2026-08-20 19:52:52,1716,39.77,64.92,22.7,6.76,77.4
2026-08-20 19:52:52,1717,40.79,7.38,0.0,5.17,67.5
2026-08-20 19:52:52,1718,41.95,10.51,0.0,5.32,75.0
2026-08-20 19:52:53,1719,40.51,30.75,21.56,7.01,80.0
2026-08-20 19:52:53,1720,39.79,13.74,0.0,5.8,70.0
2026-08-20 19:52:53,1721,39.81,7.34,0.0,5.06,68.3
2026-08-20 19:52:53,1722,37.05,73.31,24.36,7.44,71.0
2026-08-20 19:52:53,1723,42.47,5.85,0.0,3.67,61.9
2026-08-20 19:52:53,1724,42.31,14.31,0.0,6.9,65.0
2026-08-20 19:52:53,1725,40.14,31.93,23.77,4.99,73.8
2026-08-20 19:52:53,1726,40.26,8.62,0.0,4.4,74.4
2026-08-20 19:52:53,1727,42.19,9.15,0.0,4.97,95.2
2026-08-20 19:52:53,1728,39.54,58.07,25.54,5.3,74.1
2026-08-20 19:52:53,1729,38.89,9.77,0.0,5.54,70.7
2026-08-20 19:52:53,1730,42.34,7.41,0.0,4.39,80.0
2026-08-20 19:52:53,1731,40.69,30.16,23.28,3.8,72.5
2026-08-20 19:52:53,1732,40.5,7.95,0.0,3.97,75.0
2026-08-20 19:52:53,1733,43.39,6.88,0.0,3.74,65.0
2026-08-20 19:52:53,1734,40.24,75.12,26.58,4.23,69.3
2026-08-20 19:52:53,1735,39.85,8.11,0.0,4.9,67.5
2026-08-20 19:52:53,1736,41.32,10.47,0.0,6.6,75.0
2026-08-20 19:52:53,1737,39.88,31.57,24.2,4.26,71.2
2026-08-20 19:52:53,1738,40.15,7.07,0.0,3.89,66.7
2026-08-20 19:52:53,1739,42.15,8.12,0.0,5.02,75.0
2026-08-20 19:52:53,1740,39.49,56.54,20.18,5.7,71.2
2026-08-20 19:52:53,1741,41.98,9.01,0.0,5.76,70.0
2026-08-20 19:52:53,1742,41.23,22.41,0.0,5.22,72.5
2026-08-20 19:52:53,1743,39.57,30.95,22.48,5.51,68.9
2026-08-20 19:52:53,1744,39.06,12.91,0.0,7.49,100.0
2026-08-20 19:52:53,1745,41.29,9.51,0.0,6.31,80.0
2026-08-20 19:52:53,1746,38.36,79.53,26.91,4.46,74.0
2026-08-20 19:52:53,1747,39.02,9.41,0.0,4.23,77.1
2026-08-20 19:52:53,1748,41.7,8.61,0.0,5.34,73.7
2026-08-20 19:52:54,1749,40.07,31.97,25.05,3.77,63.8
2026-08-20 19:52:54,1750,40.16,9.39,0.0,6.11,73.7
2026-08-20 19:52:54,1751,43.73,7.39,0.0,4.23,0.0
2026-08-20 19:52:54,1752,40.59,72.02,26.7,5.84,71.4
2026-08-20 19:52:54,1753,43.52,7.85,0.0,4.41,87.5
2026-08-20 19:52:54,1754,44.67,10.03,0.0,4.28,58.3
2026-08-20 19:52:54,1755,42.9,31.14,23.44,4.56,70.7
2026-08-20 19:52:54,1756,42.41,9.47,0.0,4.22,69.2
2026-08-20 19:52:54,1757,44.74,8.63,0.0,5.03,66.7
2026-08-20 19:52:54,1758,41.37,83.8,21.66,5.9,72.4
2026-08-20 19:52:54,1759,42.57,6.99,0.0,3.81,62.5
2026-08-20 19:52:54,1760,43.1,17.75,0.0,3.75,75.0
2026-08-20 19:52:54,1761,41.84,28.58,20.47,4.99,74.4
2026-08-20 19:52:54,1762,40.81,12.35,0.0,3.97,69.0
2026-08-20 19:52:54,1763,40.67,7.28,0.0,4.03,74.4
2026-08-20 19:52:54,1764,38.27,51.0,22.8,4.2,69.5
2026-08-20 19:52:54,1765,39.71,7.04,0.0,3.85,70.0
2026-08-20 19:52:54,1766,39.62,16.66,0.0,5.37,73.1
2026-08-20 19:52:54,1767,37.76,32.49,24.23,5.02,66.7
2026-08-20 19:52:54,1768,38.35,7.33,0.0,3.83,70.0
2026-08-20 19:52:54,1769,39.99,10.11,0.0,4.08,80.0
2026-08-20 19:52:54,1770,37.34,68.42,22.07,3.84,68.0
2026-08-20 19:52:54,1771,37.26,16.22,0.0,11.94,75.0
2026-08-20 19:52:54,1772,38.14,6.98,0.0,3.73,65.0
2026-08-20 19:52:54,1773,36.91,30.67,21.65,5.48,75.0
2026-08-20 19:52:54,1774,37.39,6.59,0.0,3.87,54.2
2026-08-20 19:52:54,1775,38.97,9.92,0.0,5.47,66.7
2026-08-20 19:52:54,1776,36.74,54.1,19.95,3.92,67.9
2026-08-20 19:52:54,1777,38.75,8.7,0.0,5.19,65.0
2026-08-20 19:52:54,1778,38.36,21.92,0.0,5.28,78.0
2026-08-20 19:52:55,1779,36.86,33.37,24.33,3.92,73.3
2026-08-20 19:52:55,1780,37.53,8.48,0.0,5.38,65.0
2026-08-20 19:52:55,1781,39.86,9.48,0.0,5.4,70.0
2026-08-20 19:52:55,1782,37.09,75.88,24.58,4.09,72.0
2026-08-20 19:52:55,1783,37.08,8.36,0.0,4.05,59.1
2026-08-20 19:52:55,1784,39.53,8.65,0.0,5.43,70.0
2026-08-20 19:52:55,1785,38.12,31.91,23.74,5.04,72.9
2026-08-20 19:52:55,1786,38.62,17.4,0.0,3.95,61.9
2026-08-20 19:52:55,1787,41.24,6.99,0.0,3.74,70.0
2026-08-20 19:52:55,1788,38.48,64.4,23.81,4.38,70.0
2026-08-20 19:52:55,1789,39.15,7.05,0.0,3.86,78.6
2026-08-20 19:52:55,1790,41.43,6.98,0.0,4.01,76.9
2026-08-20 19:52:55,1791,39.9,30.53,21.15,6.01,63.0
2026-08-20 19:52:55,1792,39.86,21.68,0.0,5.44,76.3
2026-08-20 19:52:55,1793,44.28,8.61,0.0,5.34,0.0
2026-08-20 19:52:55,1794,40.95,80.22,20.46,5.34,70.8
2026-08-20 19:52:55,1795,41.26,8.38,0.0,4.95,75.0
2026-08-20 19:52:55,1796,42.4,11.37,0.0,5.07,66.7
2026-08-20 19:52:55,1797,41.2,28.32,20.96,4.17,73.7
2026-08-20 19:52:55,1798,40.36,10.78,0.0,3.93,63.4
2026-08-20 19:52:55,1799,44.08,8.16,0.0,5.02,84.2
2026-08-20 19:52:55,1800,40.97,69.36,25.1,5.1,68.0
2026-08-20 19:52:55,1801,42.65,7.16,0.0,3.92,69.6
2026-08-20 19:52:55,1802,42.93,13.09,0.0,3.88,85.0
2026-08-20 19:52:55,1803,40.55,33.42,24.99,5.13,70.0
2026-08-20 19:52:55,1804,41.03,7.46,0.0,4.15,61.9
2026-08-20 19:52:55,1805,43.1,8.13,0.0,3.99,75.0
2026-08-20 19:52:55,1806,40.16,65.44,22.34,3.65,71.0
2026-08-20 19:52:55,1807,41.06,7.22,0.0,3.84,66.7
2026-08-20 19:52:55,1808,40.69,22.64,0.0,5.97,70.0
2026-08-20 19:52:56,1809,38.84,32.08,24.35,4.55,75.0
2026-08-20 19:52:56,1810,39.31,8.04,0.0,4.39,65.0
2026-08-20 19:52:56,1811,41.02,10.3,0.0,4.45,70.0
2026-08-20 19:52:56,1812,38.65,52.04,20.06,3.83,70.9
2026-08-20 19:52:56,1813,39.97,7.3,0.0,3.77,61.9
2026-08-20 19:52:56,1814,39.72,18.52,0.0,5.32,67.5
2026-08-20 19:52:56,1815,37.99,31.07,22.93,4.1,71.7
2026-08-20 19:52:56,1816,38.19,9.04,0.0,5.86,63.6
2026-08-20 19:52:56,1817,41.85,6.96,0.0,3.86,65.0
2026-08-20 19:52:56,1818,38.88,73.07,24.44,4.05,68.3
2026-08-20 19:52:56,1819,42.76,7.47,0.0,3.92,76.2
2026-08-20 19:52:56,1820,42.18,19.21,0.0,4.33,78.0
2026-08-20 19:52:56,1821,40.16,33.95,24.58,5.29,72.1
2026-08-20 19:52:56,1822,40.61,8.15,0.0,4.22,65.0
2026-08-20 19:52:56,1823,43.75,6.77,0.0,3.66,65.0
2026-08-20 19:52:56,1824,40.8,61.07,19.74,5.22,74.0
2026-08-20 19:52:56,1825,40.58,7.48,0.0,4.32,52.0
2026-08-20 19:52:56,1826,42.42,8.41,0.0,4.2,76.2
2026-08-20 19:52:56,1827,40.99,29.04,20.59,4.05,80.0
2026-08-20 19:52:56,1828,40.31,11.21,0.0,5.12,68.3
2026-08-20 19:52:56,1829,44.68,7.14,0.0,4.47,0.0
2026-08-20 19:52:56,1830,41.33,81.39,21.23,4.87,71.7
2026-08-20 19:52:56,1831,41.58,9.66,0.0,6.21,75.7
2026-08-20 19:52:56,1832,43.4,10.39,0.0,4.11,71.4
2026-08-20 19:52:56,1833,41.82,30.52,23.13,4.19,68.3
2026-08-20 19:52:56,1834,41.04,12.97,0.0,3.81,65.9
2026-08-20 19:52:56,1835,40.61,9.74,0.0,5.59,77.1
2026-08-20 19:52:56,1836,38.29,50.91,20.95,4.68,63.1
2026-08-20 19:52:56,1837,39.11,9.37,0.0,4.78,70.3
2026-08-20 19:52:56,1838,39.47,17.41,0.0,5.04,69.6
2026-08-20 19:52:57,1839,37.86,28.21,21.12,3.95,75.0
2026-08-20 19:52:57,1840,37.83,7.83,0.0,4.06,82.9
2026-08-20 19:52:57,1841,40.68,7.38,0.0,4.32,14.3
2026-08-20 19:52:57,1842,37.86,75.82,21.91,4.13,69.7
2026-08-20 19:52:57,1843,43.24,8.0,0.0,4.49,0.0
2026-08-20 19:52:57,1844,42.22,17.85,0.0,4.51,67.5
2026-08-20 19:52:57,1845,40.1,33.4,24.87,4.24,71.7
2026-08-20 19:52:57,1846,40.51,8.08,0.0,4.73,67.5
2026-08-20 19:52:57,1847,42.81,8.28,0.0,4.97,70.0
2026-08-20 19:52:57,1848,40.09,56.31,23.28,3.68,73.1
2026-08-20 19:52:57,1849,42.21,9.59,0.0,6.37,75.0
2026-08-20 19:52:57,1850,41.74,20.72,0.0,4.52,83.3
2026-08-20 19:52:57,1851,40.09,29.14,22.46,3.7,64.4
2026-08-20 19:52:57,1852,39.6,9.77,0.0,6.58,73.8
2026-08-20 19:52:57,1853,42.7,8.47,0.0,5.15,70.0
2026-08-20 19:52:57,1854,39.61,77.1,22.7,4.28,71.6
2026-08-20 19:52:57,1855,39.78,8.06,0.0,4.88,72.5
2026-08-20 19:52:57,1856,42.34,7.36,0.0,4.15,71.4
2026-08-20 19:52:57,1857,40.64,30.86,24.02,3.72,73.7
2026-08-20 19:52:57,1858,40.54,9.09,0.0,5.82,71.4
2026-08-20 19:52:57,1859,43.42,8.21,0.0,4.83,85.0
2026-08-20 19:52:57,1860,40.42,66.58,23.54,4.0,70.0
2026-08-20 19:52:57,1861,41.43,6.97,0.0,3.87,71.4
2026-08-20 19:52:57,1862,42.26,11.12,0.0,3.93,75.0
2026-08-20 19:52:57,1863,40.95,29.46,21.61,4.73,81.0
2026-08-20 19:52:57,1864,40.33,10.21,0.0,4.05,75.6
2026-08-20 19:52:57,1865,43.54,8.05,0.0,4.19,65.0
2026-08-20 19:52:57,1866,40.28,83.57,20.45,6.13,66.7
2026-08-20 19:52:57,1867,41.46,7.21,0.0,4.07,65.0
2026-08-20 19:52:57,1868,42.37,10.98,0.0,3.86,65.0
2026-08-20 19:52:58,1869,40.23,27.78,20.23,3.97,72.1
2026-08-20 19:52:58,1870,39.92,7.19,0.0,4.01,66.7
2026-08-20 19:52:58,1871,41.73,8.4,0.0,5.21,70.0
2026-08-20 19:52:58,1872,39.39,47.12,19.04,3.84,74.1
2026-08-20 19:52:58,1873,38.94,13.7,0.0,10.28,71.1
2026-08-20 19:52:58,1874,38.85,8.48,0.0,5.29,72.7
2026-08-20 19:52:58,1875,37.74,28.66,21.36,4.19,73.3
2026-08-20 19:52:58,1876,37.76,7.03,0.0,3.8,65.0
2026-08-20 19:52:58,1877,40.3,7.32,0.0,4.17,65.0
2026-08-20 19:52:58,1878,37.56,68.62,22.58,3.98,70.0
2026-08-20 19:52:58,1879,39.67,7.24,0.0,3.78,80.0
2026-08-20 19:52:58,1880,39.21,19.72,0.0,6.2,75.0
2026-08-20 19:52:58,1881,37.64,30.29,21.79,5.41,72.9
2026-08-20 19:52:58,1882,37.79,7.77,0.0,4.13,75.0
2026-08-20 19:52:58,1883,39.36,11.03,0.0,7.22,60.0
2026-08-20 19:52:58,1884,37.04,57.12,22.33,5.52,70.4
2026-08-20 19:52:58,1885,39.62,10.98,0.0,7.54,70.0
2026-08-20 19:52:58,1886,39.39,7.32,0.0,4.06,61.9
2026-08-20 19:52:58,1887,37.8,33.83,24.02,4.57,68.3
2026-08-20 19:52:58,1888,38.59,18.58,0.0,4.73,73.0
2026-08-20 19:52:58,1889,41.97,8.03,0.0,4.97,25.0
2026-08-20 19:52:58,1890,38.86,83.36,18.97,13.03,71.9
2026-08-20 19:52:58,1891,39.35,10.77,0.0,6.64,71.8
2026-08-20 19:52:58,1892,42.93,8.0,0.0,4.86,73.7
2026-08-20 19:52:58,1893,41.06,33.32,24.64,5.56,66.7
2026-08-20 19:52:58,1894,40.88,10.84,0.0,5.53,70.0
2026-08-20 19:52:58,1895,44.33,8.61,0.0,5.37,73.7
2026-08-20 19:52:58,1896,41.27,65.31,22.76,5.36,67.9
2026-08-20 19:52:58,1897,42.12,7.11,0.0,3.96,75.0
2026-08-20 19:52:58,1898,43.19,10.04,0.0,3.94,61.9
2026-08-20 19:52:59,1899,41.81,28.09,20.3,4.49,76.9
2026-08-20 19:52:59,1900,40.74,28.26,0.0,5.35,68.3
2026-08-20 19:52:59,1901,45.33,7.81,0.0,3.94,68.4
2026-08-20 19:52:59,1902,41.87,85.32,24.08,5.11,73.0
2026-08-20 19:52:59,1903,41.18,18.35,0.0,14.2,77.5
2026-08-20 19:52:59,1904,41.9,7.09,0.0,3.95,65.0
2026-08-20 19:52:59,1905,40.17,31.5,23.48,3.96,77.9
2026-08-20 19:52:59,1906,40.7,7.08,0.0,3.88,65.0
2026-08-20 19:52:59,1907,42.45,8.3,0.0,5.11,65.0
2026-08-20 19:52:59,1908,39.92,50.48,23.69,3.7,71.8
2026-08-20 19:52:59,1909,40.95,7.34,0.0,4.25,77.8
2026-08-20 19:52:59,1910,40.34,20.55,0.0,7.04,63.6
2026-08-20 19:52:59,1911,38.69,30.54,22.83,4.49,73.7
2026-08-20 19:52:59,1912,38.67,8.57,0.0,5.11,62.5
2026-08-20 19:52:59,1913,40.74,9.88,0.0,3.92,65.0
2026-08-20 19:52:59,1914,37.95,71.34,25.55,3.76,71.0
2026-08-20 19:52:59,1915,40.4,7.93,0.0,4.3,70.0
2026-08-20 19:52:59,1916,40.88,13.75,0.0,4.97,72.5
2026-08-20 19:52:59,1917,38.53,41.72,24.87,13.23,70.0
2026-08-20 19:52:59,1918,38.0,8.32,0.0,5.24,77.5
2026-08-20 19:52:59,1919,40.03,9.45,0.0,6.45,84.8
2026-08-20 19:52:59,1920,38.05,42.9,22.94,5.77,66.7
2026-08-20 19:52:59,1921,41.37,8.93,0.0,5.82,81.2
2026-08-20 19:52:59,1922,41.25,18.34,0.0,5.35,61.5
2026-08-20 19:52:59,1923,39.28,32.57,24.82,3.72,70.5
2026-08-20 19:52:59,1924,39.57,8.34,0.0,5.24,67.5
2026-08-20 19:52:59,1925,41.92,8.71,0.0,4.77,75.0
2026-08-20 19:52:59,1926,39.0,73.61,21.14,3.84,70.1
2026-08-20 19:52:59,1927,43.03,7.25,0.0,4.55,0.0
2026-08-20 19:52:59,1928,42.01,19.98,0.0,4.68,70.7
2026-08-20 19:53:00,1929,40.16,31.53,20.24,5.61,81.4
2026-08-20 19:53:00,1930,40.13,18.43,0.0,4.22,75.6
2026-08-20 19:53:00,1931,42.91,8.79,0.0,4.4,100.0
2026-08-20 19:53:00,1932,40.07,61.95,21.58,4.25,68.8
2026-08-20 19:53:00,1933,40.18,6.72,0.0,3.72,67.5
2026-08-20 19:53:00,1934,39.97,16.81,0.0,12.33,70.0
2026-08-20 19:53:00,1935,38.12,32.72,23.79,5.56,75.0
2026-08-20 19:53:00,1936,38.59,7.97,0.0,5.52,70.0
2026-08-20 19:53:00,1937,40.71,9.29,0.0,4.07,78.9
2026-08-20 19:53:00,1938,37.97,67.96,24.65,6.44,72.0
2026-08-20 19:53:00,1939,39.43,8.46,0.0,5.14,85.0
2026-08-20 19:53:00,1940,41.12,10.32,0.0,3.85,66.7
2026-08-20 19:53:00,1941,39.87,29.2,21.63,3.93,77.5
2026-08-20 19:53:00,1942,39.18,11.47,0.0,4.08,72.5
2026-08-20 19:53:00,1943,38.77,8.47,0.0,5.2,69.0
2026-08-20 19:53:00,1944,36.57,53.26,23.71,4.19,75.3
2026-08-20 19:53:00,1945,38.16,7.85,0.0,4.44,65.0
2026-08-20 19:53:00,1946,39.03,13.16,0.0,4.55,65.0
2026-08-20 19:53:00,1947,37.05,33.22,25.95,3.84,68.8
2026-08-20 19:53:00,1948,37.89,7.2,0.0,3.78,65.0
2026-08-20 19:53:00,1949,39.16,11.51,0.0,6.8,75.0
2026-08-20 19:53:00,1950,36.59,69.4,25.18,4.16,70.0
2026-08-20 19:53:00,1951,38.42,8.07,0.0,4.02,65.0
2026-08-20 19:53:00,1952,38.79,15.85,0.0,4.68,80.0
2026-08-20 19:53:00,1953,36.68,40.35,21.62,13.76,72.4
2026-08-20 19:53:00,1954,40.31,7.58,0.0,3.81,20.0
2026-08-20 19:53:00,1955,42.3,8.03,0.0,4.78,75.0
2026-08-20 19:53:00,1956,39.77,51.02,21.12,3.82,67.5
2026-08-20 19:53:00,1957,40.3,9.23,0.0,5.55,73.2
2026-08-20 19:53:00,1958,41.06,14.62,0.0,4.27,66.7
2026-08-20 19:53:01,1959,39.13,28.42,20.18,4.97,74.6
2026-08-20 19:53:01,1960,38.83,8.16,0.0,5.06,66.7
2026-08-20 19:53:01,1961,40.43,10.87,0.0,5.63,84.2
2026-08-20 19:53:01,1962,37.72,53.77,23.81,3.85,71.1
2026-08-20 19:53:01,1963,39.83,7.25,0.0,4.03,63.6
2026-08-20 19:53:01,1964,39.77,16.54,0.0,5.68,59.1
2026-08-20 19:53:01,1965,37.85,34.36,24.82,6.6,75.4
2026-08-20 19:53:01,1966,38.98,7.7,0.0,4.35,73.7
2026-08-20 19:53:01,1967,40.71,9.48,0.0,5.16,68.2
2026-08-20 19:53:01,1968,38.21,57.0,22.53,4.06,70.0
2026-08-20 19:53:01,1969,41.6,8.84,0.0,5.42,70.0
2026-08-20 19:53:01,1970,41.16,20.29,0.0,4.93,77.1
2026-08-20 19:53:01,1971,39.35,31.59,24.44,3.86,73.9
2026-08-20 19:53:01,1972,39.45,8.28,0.0,5.01,72.5
2026-08-20 19:53:01,1973,42.5,7.13,0.0,3.72,66.7
2026-08-20 19:53:01,1974,39.43,76.4,23.25,4.0,73.3
2026-08-20 19:53:01,1975,39.16,9.1,0.0,5.8,67.5
2026-08-20 19:53:01,1976,42.13,8.7,0.0,5.24,76.2
2026-08-20 19:53:01,1977,40.63,29.46,21.23,4.93,71.8
2026-08-20 19:53:01,1978,40.2,8.85,0.0,4.52,73.2
2026-08-20 19:53:01,1979,42.29,9.76,0.0,5.2,85.0
2026-08-20 19:53:01,1980,39.6,59.03,20.26,4.29,72.5
2026-08-20 19:53:01,1981,43.62,8.53,0.0,4.95,65.0
2026-08-20 19:53:01,1982,42.27,26.26,0.0,3.91,67.5
2026-08-20 19:53:01,1983,40.69,32.03,22.78,6.08,68.9
2026-08-20 19:53:01,1984,40.91,7.32,0.0,3.97,65.0
2026-08-20 19:53:01,1985,43.41,6.51,0.0,3.72,65.0
2026-08-20 19:53:01,1986,40.18,81.54,22.98,4.01,66.9
2026-08-20 19:53:01,1987,40.8,8.52,0.0,5.22,70.0
2026-08-20 19:53:01,1988,42.12,10.98,0.0,5.61,79.2
2026-08-20 19:53:02,1989,39.71,34.48,27.1,4.01,71.4
2026-08-20 19:53:02,1990,40.95,7.26,0.0,3.98,65.0
2026-08-20 19:53:02,1991,42.66,8.53,0.0,5.12,70.0
2026-08-20 19:53:02,1992,40.19,47.97,20.78,4.34,71.2
2026-08-20 19:53:02,1993,40.7,7.22,0.0,3.81,65.0
2026-08-20 19:53:02,1994,41.56,11.83,0.0,3.79,71.8
2026-08-20 19:53:02,1995,39.46,30.69,23.39,3.98,71.7
2026-08-20 19:53:02,1996,39.58,8.27,0.0,4.27,61.9
2026-08-20 19:53:02,1997,42.12,8.18,0.0,4.88,70.0
2026-08-20 19:53:02,1998,39.09,76.56,25.09,5.95,73.1
2026-08-20 19:53:02,1999,42.87,9.18,0.0,5.67,83.3
2026-08-20 19:53:02,2000,42.86,18.61,0.0,5.3,60.9
2026-08-20 19:53:02,2001,40.89,29.63,21.96,4.02,74.6
2026-08-20 19:53:02,2002,40.56,8.28,0.0,4.2,77.1
2026-08-20 19:53:02,2003,42.36,9.78,0.0,6.78,64.0
2026-08-20 19:53:02,2004,39.64,59.69,22.19,5.18,69.5
2026-08-20 19:53:02,2005,39.34,8.55,0.0,4.29,71.1
2026-08-20 19:53:02,2006,41.77,8.24,0.0,5.16,71.4
2026-08-20 19:53:02,2007,40.2,30.38,22.58,4.01,71.8
2026-08-20 19:53:02,2008,40.26,8.04,0.0,4.03,73.7
2026-08-20 19:53:02,2009,43.0,7.36,0.0,4.04,76.2
2026-08-20 19:53:02,2010,39.88,75.57,19.66,4.71,67.3
2026-08-20 19:53:02,2011,39.2,11.47,0.0,6.68,68.3
2026-08-20 19:53:02,2012,43.78,7.18,0.0,4.23,70.0
2026-08-20 19:53:02,2013,41.88,31.58,23.11,3.82,70.0
2026-08-20 19:53:02,2014,40.75,17.22,0.0,12.81,65.9
2026-08-20 19:53:02,2015,41.15,8.07,0.0,4.67,69.2
2026-08-20 19:53:02,2016,38.84,47.37,23.36,3.9,69.5
2026-08-20 19:53:02,2017,39.09,8.11,0.0,5.0,70.7
2026-08-20 19:53:02,2018,39.96,13.02,0.0,5.43,68.2
2026-08-20 19:53:03,2019,38.04,29.31,21.02,4.24,72.9
2026-08-20 19:53:03,2020,37.8,9.33,0.0,5.55,90.2
2026-08-20 19:53:03,2021,40.59,9.05,0.0,5.63,80.0
2026-08-20 19:53:03,2022,37.95,63.11,19.42,5.57,72.6
2026-08-20 19:53:03,2023,38.16,8.61,0.0,5.31,52.0
2026-08-20 19:53:03,2024,39.27,12.75,0.0,6.47,65.0
2026-08-20 19:53:03,2025,37.35,30.92,21.52,5.96,75.0
2026-08-20 19:53:03,2026,37.63,8.23,0.0,5.04,54.2
2026-08-20 19:53:03,2027,40.05,8.45,0.0,4.69,65.0
2026-08-20 19:53:03,2028,37.82,48.97,22.41,4.15,70.4
2026-08-20 19:53:03,2029,38.85,6.73,0.0,3.78,70.0
2026-08-20 19:53:03,2030,39.69,12.34,0.0,4.27,80.6
2026-08-20 19:53:03,2031,37.87,27.96,20.93,3.96,70.5
2026-08-20 19:53:03,2032,37.66,7.86,0.0,4.41,56.5
2026-08-20 19:53:03,2033,39.78,9.42,0.0,5.21,65.0
2026-08-20 19:53:03,2034,37.1,70.46,24.42,4.02,73.0
2026-08-20 19:53:03,2035,38.89,9.12,0.0,5.49,77.3
2026-08-20 19:53:03,2036,39.81,13.92,0.0,3.75,73.0
2026-08-20 19:53:03,2037,37.91,29.89,21.43,5.22,67.2
2026-08-20 19:53:03,2038,38.17,7.05,0.0,3.95,61.9
2026-08-20 19:53:03,2039,40.24,7.85,0.0,3.87,83.8
2026-08-20 19:53:03,2040,37.87,53.5,20.04,5.28,65.1
2026-08-20 19:53:03,2041,39.83,7.95,0.0,4.12,80.0
2026-08-20 19:53:03,2042,39.56,19.33,0.0,4.58,56.0
2026-08-20 19:53:03,2043,38.01,28.87,21.61,4.11,74.2
2026-08-20 19:53:03,2044,38.05,8.93,0.0,5.58,73.0
2026-08-20 19:53:03,2045,41.59,7.07,0.0,3.96,0.0
2026-08-20 19:53:03,2046,38.58,78.17,25.36,4.84,70.8
2026-08-20 19:53:03,2047,38.4,10.69,0.0,5.64,65.9
2026-08-20 19:53:03,2048,43.15,7.52,0.0,4.18,88.2
2026-08-20 19:53:04,2049,41.59,27.75,20.87,3.76,69.0
2026-08-20 19:53:04,2050,40.98,8.8,0.0,5.56,65.9
2026-08-20 19:53:04,2051,43.67,8.11,0.0,4.67,84.2
2026-08-20 19:53:04,2052,40.74,61.44,21.48,4.6,81.7
2026-08-20 19:53:04,2053,40.83,7.03,0.0,3.88,77.8
2026-08-20 19:53:04,2054,41.6,11.66,0.0,5.32,84.0
2026-08-20 19:53:04,2055,40.26,31.19,22.7,5.09,79.5
2026-08-20 19:53:04,2056,40.09,9.14,0.0,3.92,67.5
2026-08-20 19:53:04,2057,43.04,7.49,0.0,3.82,70.0
2026-08-20 19:53:04,2058,39.85,81.42,23.51,4.06,67.6
2026-08-20 19:53:04,2059,40.19,9.05,0.0,5.5,74.4
2026-08-20 19:53:04,2060,41.36,12.22,0.0,5.16,71.4
2026-08-20 19:53:04,2061,39.15,32.06,21.61,5.79,74.2
2026-08-20 19:53:04,2062,39.62,8.37,0.0,5.18,65.8
2026-08-20 19:53:04,2063,42.03,8.08,0.0,4.9,70.0
2026-08-20 19:53:04,2064,39.53,50.84,22.74,4.05,75.3
2026-08-20 19:53:04,2065,40.63,6.77,0.0,4.1,65.0
2026-08-20 19:53:04,2066,40.91,14.19,0.0,5.05,65.0
2026-08-20 19:53:04,2067,38.85,31.57,23.71,4.69,72.8
2026-08-20 19:53:04,2068,39.19,7.18,0.0,3.98,70.0
2026-08-20 19:53:04,2069,41.48,7.76,0.0,3.83,75.0
2026-08-20 19:53:04,2070,38.64,68.38,22.53,4.25,68.0
2026-08-20 19:53:04,2071,39.12,11.88,0.0,8.68,75.0
2026-08-20 19:53:04,2072,39.04,7.05,0.0,3.81,58.3
2026-08-20 19:53:04,2073,37.66,30.7,21.9,5.68,71.7
2026-08-20 19:53:04,2074,38.08,6.99,0.0,3.91,61.9
2026-08-20 19:53:04,2075,39.55,10.02,0.0,4.82,65.0
2026-08-20 19:53:04,2076,37.22,55.26,24.25,4.55,71.6
2026-08-20 19:53:04,2077,39.69,7.32,0.0,4.22,76.2
2026-08-20 19:53:04,2078,39.81,16.38,0.0,5.1,70.7
2026-08-20 19:53:05,2079,37.97,31.2,24.15,3.88,72.9
2026-08-20 19:53:05,2080,38.03,9.08,0.0,5.77,77.5
2026-08-20 19:53:05,2081,39.86,11.3,0.0,6.14,68.2
2026-08-20 19:53:05,2082,37.18,71.78,22.43,3.95,70.1
2026-08-20 19:53:05,2083,40.68,7.07,0.0,4.02,70.0
2026-08-20 19:53:05,2084,40.61,16.14,0.0,3.82,56.5
2026-08-20 19:53:05,2085,38.72,30.23,22.11,4.67,71.2
2026-08-20 19:53:05,2086,38.66,8.51,0.0,4.31,65.9
2026-08-20 19:53:05,2087,40.72,9.91,0.0,5.45,76.2
2026-08-20 19:53:05,2088,38.23,57.11,22.96,4.01,70.9
2026-08-20 19:53:05,2089,40.98,9.29,0.0,5.82,76.2
2026-08-20 19:53:05,2090,40.43,22.04,0.0,5.73,70.0
2026-08-20 19:53:05,2091,39.37,30.1,21.45,5.83,73.7
2026-08-20 19:53:05,2092,39.16,19.37,0.0,4.1,71.8
2026-08-20 19:53:05,2093,40.35,7.4,0.0,3.92,69.6
2026-08-20 19:53:05,2094,37.54,72.68,21.64,3.94,72.4
2026-08-20 19:53:05,2095,40.73,7.08,0.0,3.82,92.0
2026-08-20 19:53:05,2096,39.86,22.72,0.0,4.62,92.7
2026-08-20 19:53:05,2097,38.24,33.99,25.82,5.13,82.0
2026-08-20 19:53:05,2098,39.19,6.77,0.0,3.76,75.0
2026-08-20 19:53:05,2099,40.92,9.15,0.0,5.0,80.0
2026-08-20 19:53:05,2100,38.18,67.23,26.36,5.29,74.0
2026-08-20 19:53:05,2101,40.77,10.78,0.0,6.51,75.0
2026-08-20 19:53:05,2102,41.22,9.4,0.0,6.21,81.0
2026-08-20 19:53:05,2103,39.5,34.81,23.42,5.34,83.6
2026-08-20 19:53:05,2104,40.01,9.32,0.0,4.39,75.0
2026-08-20 19:53:05,2105,42.38,8.55,0.0,5.15,95.0
2026-08-20 19:53:05,2106,39.33,76.65,21.75,4.41,69.2
2026-08-20 19:53:05,2107,44.46,7.19,0.0,4.83,0.0
2026-08-20 19:53:05,2108,43.38,23.08,0.0,3.82,65.9
2026-08-20 19:53:06,2109,41.39,33.71,25.95,4.33,80.3
2026-08-20 19:53:06,2110,41.52,9.12,0.0,3.97,65.9
2026-08-20 19:53:06,2111,44.35,7.99,0.0,4.77,84.2
2026-08-20 19:53:06,2112,41.15,72.87,27.94,5.83,78.2
2026-08-20 19:53:06,2113,45.01,7.47,0.0,4.81,85.0
2026-08-20 19:53:06,2114,45.87,10.72,0.0,4.14,85.0
2026-08-20 19:53:06,2115,43.79,33.46,25.29,5.07,80.0
2026-08-20 19:53:06,2116,43.43,19.99,0.0,4.31,71.8
2026-08-20 19:53:06,2117,46.84,7.14,0.0,4.07,70.0
2026-08-20 19:53:06,2118,43.19,90.44,24.11,7.12,70.2
2026-08-20 19:53:06,2119,46.15,8.68,0.0,4.4,75.0
2026-08-20 19:53:06,2120,46.29,13.73,0.0,5.27,70.0
2026-08-20 19:53:06,2121,43.73,29.99,20.47,5.32,75.0
2026-08-20 19:53:06,2122,42.43,14.96,0.0,11.74,68.3
2026-08-20 19:53:06,2123,42.1,8.52,0.0,4.07,81.0
2026-08-20 19:53:06,2124,40.15,36.89,23.79,3.79,71.7
2026-08-20 19:53:06,2125,40.88,8.89,0.0,5.04,71.4
2026-08-20 19:53:06,2126,41.46,15.83,0.0,4.44,65.0
2026-08-20 19:53:06,2127,39.33,33.44,24.86,5.43,72.7
2026-08-20 19:53:06,2128,39.84,8.95,0.0,3.97,69.6
2026-08-20 19:53:06,2129,43.56,7.29,0.0,4.3,75.0
2026-08-20 19:53:06,2130,40.5,67.79,21.9,3.78,70.3
2026-08-20 19:53:06,2131,42.06,7.15,0.0,4.05,61.9
2026-08-20 19:53:06,2132,41.64,20.11,0.0,5.09,72.5
2026-08-20 19:53:06,2133,39.78,36.73,24.25,7.64,75.0
2026-08-20 19:53:06,2134,40.81,16.52,0.0,4.66,75.0
2026-08-20 19:53:06,2135,40.95,9.2,0.0,5.26,65.0
2026-08-20 19:53:06,2136,38.38,58.99,25.62,3.92,70.0
2026-08-20 19:53:06,2137,38.1,8.48,0.0,5.21,67.5
2026-08-20 19:53:06,2138,41.47,10.88,0.0,5.04,70.0
2026-08-20 19:53:07,2139,40.03,28.19,21.3,4.05,77.2
2026-08-20 19:53:07,2140,39.88,21.14,0.0,5.86,56.5
2026-08-20 19:53:07,2141,42.03,7.13,0.0,3.84,65.0
2026-08-20 19:53:07,2142,39.02,75.02,21.25,4.01,73.3
2026-08-20 19:53:07,2143,38.58,8.28,0.0,5.06,54.2
2026-08-20 19:53:07,2144,40.71,9.18,0.0,4.5,85.3
2026-08-20 19:53:07,2145,39.36,31.0,23.6,4.29,63.0
2026-08-20 19:53:07,2146,39.56,18.33,0.0,3.98,65.0
2026-08-20 19:53:07,2147,36.4,12.6,0.0,8.53,71.9
2026-08-20 19:53:07,2148,34.72,41.26,31.28,4.5,76.9
2026-08-20 19:53:07,2149,37.16,10.15,0.0,5.12,60.9
2026-08-20 19:53:07,2150,40.27,8.67,0.0,5.66,70.0
2026-08-20 19:53:07,2151,37.24,93.18,27.82,10.38,76.9
2026-08-20 19:53:07,2152,36.65,13.49,0.0,6.51,77.5
2026-08-20 19:53:07,2153,36.47,10.2,0.0,4.2,70.0
2026-08-20 19:53:07,2154,35.02,39.78,27.77,5.85,76.7
2026-08-20 19:53:07,2155,36.88,10.06,0.0,6.25,81.8
2026-08-20 19:53:07,2156,40.25,9.63,0.0,6.48,80.0
2026-08-20 19:53:07,2157,38.59,35.23,23.81,5.39,70.5
2026-08-20 19:53:07,2158,41.34,9.44,0.0,5.99,75.0
2026-08-20 19:53:07,2159,41.22,12.05,0.0,4.76,85.0
2026-08-20 19:53:07,2160,38.98,33.23,24.87,4.03,70.4
2026-08-20 19:53:07,2161,39.63,7.16,0.0,4.02,65.0
2026-08-20 19:53:07,2162,41.74,8.16,0.0,4.97,65.0
2026-08-20 19:53:07,2163,38.93,65.47,23.26,3.77,67.0
2026-08-20 19:53:07,2164,43.78,7.18,0.0,4.74,76.5
2026-08-20 19:53:07,2165,42.54,28.37,0.0,4.97,76.2
2026-08-20 19:53:08,2166,40.02,38.12,20.37,13.27,69.4
2026-08-20 19:53:08,2167,42.77,7.14,0.0,4.02,65.0
2026-08-20 19:53:08,2168,44.5,7.82,0.0,4.64,70.0
2026-08-20 19:53:08,2169,41.65,54.41,24.32,3.88,68.8
2026-08-20 19:53:08,2170,44.67,9.81,0.0,6.69,70.0
2026-08-20 19:53:08,2171,44.19,22.33,0.0,5.5,70.0
2026-08-20 19:53:08,2172,42.48,31.85,24.13,4.51,80.0
2026-08-20 19:53:08,2173,41.27,20.3,0.0,8.16,90.5
2026-08-20 19:53:08,2174,41.98,10.0,0.0,5.81,75.0
2026-08-20 19:53:08,2175,39.14,68.48,22.38,3.85,64.3
2026-08-20 19:53:08,2176,40.34,7.73,0.0,4.04,78.9
2026-08-20 19:53:08,2177,40.24,17.89,0.0,6.5,68.2
2026-08-20 19:53:08,2178,38.36,33.48,25.18,4.93,71.7
2026-08-20 19:53:08,2179,38.8,8.22,0.0,4.53,82.9
2026-08-20 19:53:08,2180,42.89,8.8,0.0,5.74,0.0
2026-08-20 19:53:08,2181,40.1,56.39,23.03,4.52,73.3
2026-08-20 19:53:08,2182,42.87,8.55,0.0,5.39,70.0
2026-08-20 19:53:08,2183,42.26,20.34,0.0,4.88,70.0
2026-08-20 19:53:08,2184,40.36,30.93,21.72,5.41,77.0
2026-08-20 19:53:08,2185,39.94,10.14,0.0,5.55,70.0
2026-08-20 19:53:08,2186,44.69,7.81,0.0,4.64,80.0
2026-08-20 19:53:08,2187,41.34,80.61,24.14,6.27,69.0
2026-08-20 19:53:08,2188,41.37,8.11,0.0,4.87,72.5
2026-08-20 19:53:08,2189,43.42,9.3,0.0,5.37,73.7
2026-08-20 19:53:08,2190,42.23,28.95,21.33,4.29,71.4
2026-08-20 19:53:08,2191,41.41,22.67,0.0,5.95,82.5
2026-08-20 19:53:08,2192,42.99,7.54,0.0,4.13,65.0
2026-08-20 19:53:08,2193,40.16,65.26,23.57,4.62,78.0
2026-08-20 19:53:08,2194,38.97,17.3,0.0,11.92,73.8
2026-08-20 19:53:09,2195,39.62,7.89,0.0,4.71,84.2
2026-08-20 19:53:09,2196,38.27,30.26,20.72,5.37,68.3
2026-08-20 19:53:09,2197,37.99,9.39,0.0,6.68,70.0
2026-08-20 19:53:09,2198,41.2,9.15,0.0,4.49,70.0
2026-08-20 19:53:09,2199,38.53,62.22,21.43,3.9,72.4
2026-08-20 19:53:09,2200,42.83,7.21,0.0,4.15,0.0
2026-08-20 19:53:09,2201,41.8,25.66,0.0,6.19,75.6
2026-08-20 19:53:09,2202,40.18,32.56,24.39,4.97,70.0
2026-08-20 19:53:09,2203,40.55,7.55,0.0,3.91,65.0
2026-08-20 19:53:09,2204,42.58,8.5,0.0,5.27,65.0
2026-08-20 19:53:09,2205,39.73,63.07,22.14,3.77,71.7
2026-08-20 19:53:09,2206,39.95,7.46,0.0,4.23,68.2
2026-08-20 19:53:09,2207,41.13,10.74,0.0,4.3,78.0
2026-08-20 19:53:09,2208,39.99,28.38,19.92,5.3,71.8
2026-08-20 19:53:09,2209,39.33,24.93,0.0,4.13,70.7
2026-08-20 19:53:09,2210,42.84,7.97,0.0,4.53,100.0
2026-08-20 19:53:09,2211,39.6,88.52,21.04,12.73,68.8
2026-08-20 19:53:09,2212,42.35,9.54,0.0,6.28,78.9
2026-08-20 19:53:09,2213,43.18,13.32,0.0,5.09,72.7
2026-08-20 19:53:09,2214,40.81,32.66,25.16,3.78,67.7
2026-08-20 19:53:09,2215,43.54,11.82,0.0,4.96,95.2
2026-08-20 19:53:09,2216,42.69,11.97,0.0,8.85,75.0
2026-08-20 19:53:09,2217,40.12,40.31,23.69,4.3,75.6
2026-08-20 19:53:09,2218,44.15,9.61,0.0,6.49,87.5
2026-08-20 19:53:09,2219,43.74,14.21,0.0,4.04,53.8
2026-08-20 19:53:09,2220,41.39,31.48,22.98,5.46,70.5
2026-08-20 19:53:09,2221,41.79,7.69,0.0,4.06,69.2
2026-08-20 19:53:09,2222,44.34,7.01,0.0,3.85,70.0
2026-08-20 19:53:09,2223,41.12,73.31,23.05,3.89,67.3
2026-08-20 19:53:09,2224,44.2,7.72,0.0,4.51,72.7
2026-08-20 19:53:09,2225,43.58,17.05,0.0,5.48,69.6
2026-08-20 19:53:10,2226,41.39,31.42,23.57,4.31,72.9
2026-08-20 19:53:10,2227,41.62,6.5,0.0,3.9,75.0
2026-08-20 19:53:10,2228,42.69,9.6,0.0,4.48,75.0
2026-08-20 19:53:10,2229,40.01,57.76,23.55,4.71,75.9
2026-08-20 19:53:10,2230,42.45,8.45,0.0,3.94,65.0
2026-08-20 19:53:10,2231,41.79,24.33,0.0,5.47,73.2
2026-08-20 19:53:10,2232,40.27,31.59,22.12,5.99,80.0
2026-08-20 19:53:10,2233,40.41,18.06,0.0,4.93,72.5
2026-08-20 19:53:10,2234,43.92,8.85,0.0,6.0,70.0
2026-08-20 19:53:10,2235,40.68,72.33,22.92,3.85,69.6
2026-08-20 19:53:10,2236,44.29,8.35,0.0,5.72,70.0
2026-08-20 19:53:10,2237,42.89,24.43,0.0,4.55,73.2
2026-08-20 19:53:10,2238,41.46,31.48,23.3,4.19,77.4
2026-08-20 19:53:10,2239,40.09,17.45,0.0,10.33,62.5
2026-08-20 19:53:10,2240,40.65,7.74,0.0,4.68,75.0
2026-08-20 19:53:10,2241,38.28,50.69,24.67,5.62,71.6
2026-08-20 19:53:10,2242,42.68,7.56,0.0,4.24,70.0
2026-08-20 19:53:10,2243,42.23,18.54,0.0,4.15,65.0
2026-08-20 19:53:10,2244,40.56,33.05,25.44,3.9,76.7
2026-08-20 19:53:10,2245,40.13,21.58,0.0,6.03,70.0
2026-08-20 19:53:10,2246,44.57,7.78,0.0,4.46,0.0
2026-08-20 19:53:10,2247,41.23,86.27,23.5,6.1,71.7
2026-08-20 19:53:10,2248,40.73,20.4,0.0,14.17,88.4
2026-08-20 19:53:10,2249,41.05,13.07,0.0,7.4,100.0
2026-08-20 19:53:10,2250,38.84,46.43,35.08,6.87,85.2
2026-08-20 19:53:10,2251,43.19,7.63,0.0,4.87,78.9
2026-08-20 19:53:10,2252,44.46,10.87,0.0,6.45,70.0
2026-08-20 19:53:10,2253,41.73,53.13,22.18,5.53,76.2
2026-08-20 19:53:10,2254,43.69,7.62,0.0,4.37,78.4
2026-08-20 19:53:10,2255,44.02,13.43,0.0,4.23,56.0
2026-08-20 19:53:11,2256,41.55,33.01,25.89,3.93,73.3
2026-08-20 19:53:11,2257,41.78,7.72,0.0,4.64,78.9
2026-08-20 19:53:11,2258,43.22,9.47,0.0,5.44,68.2
2026-08-20 19:53:11,2259,40.22,69.96,19.46,6.53,72.4
2026-08-20 19:53:11,2260,41.77,7.65,0.0,4.41,68.2
2026-08-20 19:53:11,2261,41.75,20.9,0.0,6.2,75.0
2026-08-20 19:53:11,2262,39.79,28.74,20.01,5.53,79.3
2026-08-20 19:53:11,2263,39.69,7.48,0.0,3.85,65.9
2026-08-20 19:53:11,2264,41.81,8.43,0.0,5.32,70.0
2026-08-20 19:53:11,2265,39.18,56.85,24.57,3.96,70.4
2026-08-20 19:53:11,2266,41.39,9.17,0.0,4.6,66.7
2026-08-20 19:53:11,2267,38.06,15.59,0.0,10.46,75.8
2026-08-20 19:53:11,2268,35.33,85.28,39.58,8.82,77.7
2026-08-20 19:53:11,2269,35.49,15.87,0.0,6.84,78.0
2026-08-20 19:53:11,2270,35.38,12.93,0.0,6.76,85.7
2026-08-20 19:53:11,2271,34.0,42.84,28.53,8.62,83.3
2026-08-20 19:53:11,2272,33.73,11.81,0.0,6.86,75.6
2026-08-20 19:53:11,2273,36.28,10.31,0.0,6.0,89.7
2026-08-20 19:53:11,2274,34.28,41.95,30.62,7.54,73.0
2026-08-20 19:53:11,2275,38.27,8.9,0.0,5.06,81.0
2026-08-20 19:53:11,2276,40.35,9.92,0.0,4.26,80.0
2026-08-20 19:53:11,2277,38.55,38.54,29.68,5.7,75.8
2026-08-20 19:53:11,2278,40.72,7.62,0.0,4.42,70.0
2026-08-20 19:53:11,2279,42.01,10.31,0.0,4.84,82.9
2026-08-20 19:53:11,2280,39.68,50.04,24.25,5.64,69.2
2026-08-20 19:53:11,2281,41.48,10.17,0.0,5.72,66.7
2026-08-20 19:53:11,2282,41.36,10.19,0.0,6.01,77.8
2026-08-20 19:53:12,2283,39.5,38.22,29.37,5.42,85.0
2026-08-20 19:53:12,2284,39.92,15.38,0.0,6.54,85.0
2026-08-20 19:53:12,2285,39.71,9.15,0.0,5.99,82.1
2026-08-20 19:53:12,2286,37.4,53.29,24.03,5.88,83.9
2026-08-20 19:53:12,2287,39.28,7.53,0.0,4.36,80.0
2026-08-20 19:53:12,2288,40.28,11.13,0.0,5.36,80.0
2026-08-20 19:53:12,2289,38.17,46.86,30.36,12.64,75.0
2026-08-20 19:53:12,2290,38.27,21.55,0.0,5.56,67.5
2026-08-20 19:53:12,2291,41.31,8.93,0.0,5.72,70.0
2026-08-20 19:53:12,2292,38.54,66.36,21.24,4.95,72.0
2026-08-20 19:53:12,2293,39.65,8.0,0.0,3.99,70.4
2026-08-20 19:53:12,2294,40.59,12.45,0.0,5.14,70.0
2026-08-20 19:53:12,2295,39.08,35.51,26.92,5.21,78.9
2026-08-20 19:53:12,2296,39.07,13.22,0.0,4.01,58.3
2026-08-20 19:53:12,2297,38.98,8.81,0.0,4.72,70.0
2026-08-20 19:53:12,2298,36.73,53.6,25.74,3.73,72.8
2026-08-20 19:53:12,2299,38.74,8.24,0.0,4.98,63.6
2026-08-20 19:53:12,2300,38.94,17.32,0.0,4.62,73.5
2026-08-20 19:53:12,2301,37.22,31.27,23.99,4.16,63.0
2026-08-20 19:53:12,2302,36.73,15.22,0.0,4.06,75.0
2026-08-20 19:53:12,2303,37.33,6.93,0.0,3.95,86.0
2026-08-20 19:53:12,2304,35.14,56.1,25.64,4.17,72.8
2026-08-20 19:53:12,2305,38.4,7.35,0.0,4.2,65.0
2026-08-20 19:53:12,2306,38.35,17.47,0.0,5.23,70.0
2026-08-20 19:53:12,2307,37.45,30.62,22.86,4.8,70.0
2026-08-20 19:53:12,2308,36.92,18.88,0.0,5.71,67.5
2026-08-20 19:53:12,2309,37.69,9.77,0.0,6.41,65.0
2026-08-20 19:53:12,2310,35.58,55.1,21.41,4.46,68.8
2026-08-20 19:53:12,2311,37.93,8.97,0.0,5.78,65.0
2026-08-20 19:53:12,2312,37.8,20.8,0.0,5.59,65.0
2026-08-20 19:53:13,2313,36.37,33.37,25.11,5.17,72.6
2026-08-20 19:53:13,2314,35.41,22.78,0.0,4.88,65.9
2026-08-20 19:53:13,2315,37.55,7.85,0.0,4.64,70.0
2026-08-20 19:53:13,2316,35.26,60.29,22.41,4.89,68.4
2026-08-20 19:53:13,2317,35.24,9.18,0.0,4.22,59.1
2026-08-20 19:53:13,2318,38.5,8.05,0.0,4.84,81.0
2026-08-20 19:53:13,2319,37.56,27.3,20.49,3.78,77.2
2026-08-20 19:53:13,2320,36.42,33.5,0.0,12.61,62.8
2026-08-20 19:53:13,2321,37.26,8.4,0.0,4.96,65.0
2026-08-20 19:53:13,2322,35.37,46.76,22.62,4.08,70.0
2026-08-20 19:53:13,2323,34.74,17.73,0.0,13.12,72.5
2026-08-20 19:53:13,2324,35.7,8.29,0.0,5.26,70.0
2026-08-20 19:53:13,2325,34.47,35.07,25.37,6.63,75.0
2026-08-20 19:53:13,2326,36.3,7.04,0.0,3.94,81.1
2026-08-20 19:53:13,2327,38.37,9.11,0.0,5.31,62.5
2026-08-20 19:53:13,2328,35.92,65.35,21.61,5.4,72.7
2026-08-20 19:53:13,2329,36.85,7.89,0.0,4.82,67.5
2026-08-20 19:53:13,2330,39.39,8.06,0.0,3.9,75.0
2026-08-20 19:53:13,2331,38.16,32.49,23.84,4.96,77.5
2026-08-20 19:53:13,2332,37.87,9.25,0.0,4.1,67.5
2026-08-20 19:53:13,2333,40.87,8.42,0.0,5.35,72.7
2026-08-20 19:53:13,2334,38.18,66.84,21.61,4.35,71.2
2026-08-20 19:53:13,2335,38.56,7.79,0.0,5.07,75.0
2026-08-20 19:53:13,2336,39.87,11.62,0.0,4.35,75.0
2026-08-20 19:53:13,2337,38.64,31.8,23.58,5.2,80.3
2026-08-20 19:53:13,2338,36.69,48.06,0.0,11.62,65.6
2026-08-20 19:53:13,2339,37.94,8.95,0.0,5.75,65.0
2026-08-20 19:53:13,2340,35.93,49.03,22.76,4.06,67.9
2026-08-20 19:53:13,2341,36.69,8.48,0.0,5.23,75.0
2026-08-20 19:53:13,2342,37.84,13.21,0.0,5.04,73.7
2026-08-20 19:53:14,2343,36.17,29.62,20.85,5.25,68.9
2026-08-20 19:53:14,2344,36.52,7.29,0.0,4.11,61.9
2026-08-20 19:53:14,2345,38.95,7.68,0.0,4.61,70.0
2026-08-20 19:53:14,2346,36.73,51.5,23.61,3.85,68.8
2026-08-20 19:53:14,2347,38.74,7.05,0.0,3.99,68.4
2026-08-20 19:53:14,2348,39.37,13.88,0.0,3.94,65.9
2026-08-20 19:53:14,2349,37.46,31.31,23.07,5.08,72.9
2026-08-20 19:53:14,2350,36.62,17.67,0.0,5.78,80.5
2026-08-20 19:53:14,2351,37.44,8.4,0.0,5.32,65.0
2026-08-20 19:53:14,2352,35.36,53.52,22.57,3.77,72.2
2026-08-20 19:53:14,2353,37.49,7.2,0.0,4.21,66.7
2026-08-20 19:53:14,2354,37.78,16.41,0.0,4.1,77.5
2026-08-20 19:53:14,2355,36.09,32.43,24.51,4.59,72.1
2026-08-20 19:53:14,2356,36.9,7.06,0.0,3.92,77.4
2026-08-20 19:53:14,2357,39.0,8.82,0.0,5.66,63.3
2026-08-20 19:53:14,2358,36.63,58.37,23.05,4.07,71.2
2026-08-20 19:53:14,2359,40.02,9.54,0.0,6.02,70.0
2026-08-20 19:53:14,2360,39.98,19.3,0.0,5.06,63.6
2026-08-20 19:53:14,2361,38.32,29.96,22.8,4.0,75.9
2026-08-20 19:53:14,2362,37.19,19.02,0.0,4.76,61.9
2026-08-20 19:53:14,2363,38.34,8.0,0.0,3.85,86.8
2026-08-20 19:53:14,2364,36.0,58.94,21.87,5.07,67.1
2026-08-20 19:53:14,2365,35.9,8.96,0.0,5.95,70.0
2026-08-20 19:53:14,2366,38.85,8.36,0.0,5.15,75.0
2026-08-20 19:53:14,2367,37.45,33.56,24.65,5.51,68.3
2026-08-20 19:53:14,2368,38.03,8.51,0.0,4.61,76.3
2026-08-20 19:53:14,2369,39.75,11.32,0.0,6.15,59.1
2026-08-20 19:53:14,2370,37.24,63.21,23.16,5.13,70.4
2026-08-20 19:53:14,2371,36.78,16.05,0.0,12.98,80.0
2026-08-20 19:53:15,2372,37.23,8.75,0.0,4.26,75.6
2026-08-20 19:53:15,2373,36.26,29.16,21.35,3.86,70.0
2026-08-20 19:53:15,2374,36.16,9.45,0.0,3.83,75.0
2026-08-20 19:53:15,2375,38.81,9.9,0.0,5.93,70.0
2026-08-20 19:53:15,2376,36.34,65.08,24.35,3.66,73.3
2026-08-20 19:53:15,2377,37.39,7.96,0.0,3.98,80.0
2026-08-20 19:53:15,2378,38.82,11.33,0.0,5.16,65.0
2026-08-20 19:53:15,2379,37.74,31.01,22.59,5.21,76.4
2026-08-20 19:53:15,2380,37.21,13.84,0.0,4.59,64.7
2026-08-20 19:53:15,2381,37.33,9.36,0.0,6.22,56.2
2026-08-20 19:53:15,2382,35.29,52.5,20.92,4.33,70.0
2026-08-20 19:53:15,2383,37.3,7.53,0.0,4.35,65.0
2026-08-20 19:53:15,2384,38.03,14.33,0.0,5.15,81.6
2026-08-20 19:53:15,2385,36.43,27.85,20.78,4.0,63.6
2026-08-20 19:53:15,2386,35.61,15.17,0.0,4.27,74.6
2026-08-20 19:53:15,2387,36.15,8.11,0.0,3.95,66.7
2026-08-20 19:53:15,2388,34.18,52.91,23.88,3.81,70.0
2026-08-20 19:53:15,2389,36.35,7.32,0.0,4.11,57.1
2026-08-20 19:53:15,2390,36.59,16.89,0.0,6.31,75.0
2026-08-20 19:53:15,2391,34.78,38.96,21.24,13.33,71.7
2026-08-20 19:53:15,2392,37.22,7.89,0.0,3.92,80.0
2026-08-20 19:53:15,2393,39.18,9.96,0.0,6.07,78.4
2026-08-20 19:53:15,2394,36.8,59.09,24.24,4.51,69.9
2026-08-20 19:53:15,2395,40.58,9.53,0.0,4.42,70.0
2026-08-20 19:53:15,2396,41.02,16.27,0.0,3.8,66.7
2026-08-20 19:53:15,2397,39.07,30.63,21.94,4.56,70.0
2026-08-20 19:53:15,2398,38.0,18.82,0.0,4.17,63.4
2026-08-20 19:53:15,2399,38.7,9.55,0.0,5.66,69.2
2026-08-20 19:53:15,2400,36.23,65.84,24.9,6.71,67.9
2026-08-20 19:53:15,2401,37.18,8.04,0.0,4.92,70.7
2026-08-20 19:53:15,2402,39.98,7.33,0.0,3.94,66.7
2026-08-20 19:53:16,2403,38.57,31.24,24.31,3.81,78.9
2026-08-20 19:53:16,2404,38.85,7.4,0.0,4.24,70.0
2026-08-20 19:53:16,2405,40.98,8.53,0.0,4.53,68.2
2026-08-20 19:53:16,2406,38.31,62.6,23.19,4.3,70.9
2026-08-20 19:53:16,2407,38.53,7.76,0.0,4.49,65.9
2026-08-20 19:53:16,2408,40.7,8.34,0.0,5.01,85.7
2026-08-20 19:53:16,2409,39.3,29.7,22.47,3.99,76.9
2026-08-20 19:53:16,2410,37.86,24.16,0.0,4.99,68.3
2026-08-20 19:53:16,2411,40.26,8.75,0.0,5.46,76.2
2026-08-20 19:53:16,2412,37.61,65.16,25.61,4.13,71.7
2026-08-20 19:53:16,2413,38.32,8.05,0.0,4.9,71.4
2026-08-20 19:53:16,2414,39.79,10.9,0.0,5.82,80.0
2026-08-20 19:53:16,2415,38.62,30.54,22.99,4.36,76.7
2026-08-20 19:53:16,2416,38.11,12.35,0.0,5.04,75.0
2026-08-20 19:53:16,2417,37.99,7.96,0.0,4.57,70.7
2026-08-20 19:53:16,2418,35.89,50.75,24.69,3.9,71.6
2026-08-20 19:53:16,2419,37.23,7.02,0.0,4.16,65.0
2026-08-20 19:53:16,2420,38.58,11.26,0.0,4.0,65.0
2026-08-20 19:53:16,2421,37.36,33.14,25.75,4.3,70.0
2026-08-20 19:53:16,2422,36.05,26.41,0.0,3.78,67.5
2026-08-20 19:53:16,2423,36.78,17.95,0.0,13.56,72.5
2026-08-20 19:53:16,2424,34.76,46.37,21.45,3.8,74.0
2026-08-20 19:53:16,2425,35.02,9.66,0.0,6.44,71.8
2026-08-20 19:53:16,2426,37.07,14.82,0.0,5.37,63.6
2026-08-20 19:53:16,2427,36.13,31.85,23.7,4.93,66.7
2026-08-20 19:53:16,2428,36.06,11.99,0.0,3.86,71.1
2026-08-20 19:53:16,2429,41.55,7.53,0.0,4.38,77.8
2026-08-20 19:53:16,2430,38.68,69.61,21.65,5.09,66.7
2026-08-20 19:53:16,2431,40.06,8.66,0.0,5.22,70.3
2026-08-20 19:53:16,2432,41.31,12.14,0.0,4.01,68.4
2026-08-20 19:53:17,2433,40.01,31.48,21.78,4.34,73.8
2026-08-20 19:53:17,2434,38.3,28.12,0.0,3.99,69.5
2026-08-20 19:53:17,2435,42.43,9.19,0.0,4.73,75.0
2026-08-20 19:53:17,2436,39.49,69.56,21.93,6.3,72.0
2026-08-20 19:53:17,2437,41.39,7.18,0.0,3.98,66.7
2026-08-20 19:53:17,2438,41.75,13.34,0.0,4.07,61.9
2026-08-20 19:53:17,2439,39.66,29.43,21.1,5.14,75.9
2026-08-20 19:53:17,2440,39.43,8.17,0.0,4.55,62.8
2026-08-20 19:53:17,2441,41.1,10.51,0.0,5.29,65.0
2026-08-20 19:53:17,2442,38.66,55.33,22.87,4.17,73.1
2026-08-20 19:53:17,2443,40.44,9.06,0.0,3.91,72.0
2026-08-20 19:53:17,2444,40.38,18.65,0.0,4.42,90.5
2026-08-20 19:53:17,2445,38.7,29.03,21.5,4.3,68.3
2026-08-20 19:53:17,2446,37.63,31.22,0.0,3.76,73.3
2026-08-20 19:53:17,2447,37.9,9.71,0.0,4.85,70.0
2026-08-20 19:53:17,2448,35.73,55.57,24.45,3.91,72.5
2026-08-20 19:53:17,2449,38.71,6.82,0.0,4.16,65.0
2026-08-20 19:53:17,2450,38.6,17.92,0.0,4.46,65.9
2026-08-20 19:53:17,2451,36.97,30.75,22.6,4.97,70.7
2026-08-20 19:53:17,2452,37.17,8.43,0.0,5.24,83.3
2026-08-20 19:53:17,2453,39.29,10.08,0.0,5.83,88.2
2026-08-20 19:53:17,2454,36.93,57.53,24.16,3.94,67.9
2026-08-20 19:53:17,2455,40.28,8.72,0.0,5.58,0.0
2026-08-20 19:53:17,2456,39.75,21.81,0.0,4.5,72.5
2026-08-20 19:53:17,2457,38.29,29.6,22.42,4.13,73.8
2026-08-20 19:53:17,2458,37.07,20.95,0.0,4.09,63.4
2026-08-20 19:53:17,2459,36.85,18.08,0.0,13.19,70.0
2026-08-20 19:53:17,2460,34.95,42.12,22.41,4.46,68.4
2026-08-20 19:53:17,2461,34.69,9.56,0.0,5.31,69.2
2026-08-20 19:53:17,2462,37.58,9.26,0.0,4.47,85.0
2026-08-20 19:53:18,2463,36.45,32.42,24.51,4.49,72.1
2026-08-20 19:53:18,2464,37.21,6.92,0.0,3.92,74.4
2026-08-20 19:53:18,2465,39.58,7.97,0.0,3.91,78.9
2026-08-20 19:53:18,2466,37.0,64.66,22.85,5.56,68.3
2026-08-20 19:53:18,2467,37.87,7.01,0.0,3.8,65.0
2026-08-20 19:53:18,2468,39.67,8.84,0.0,5.51,73.7
2026-08-20 19:53:18,2469,38.72,27.07,19.02,3.81,75.0
2026-08-20 19:53:18,2470,37.16,38.35,0.0,4.19,69.5
2026-08-20 19:53:18,2471,38.96,10.05,0.0,5.42,63.6
2026-08-20 19:53:18,2472,36.46,65.34,21.05,5.12,70.0
2026-08-20 19:53:18,2473,37.35,7.95,0.0,4.8,77.5
2026-08-20 19:53:18,2474,39.39,9.3,0.0,4.1,89.5
2026-08-20 19:53:18,2475,38.11,30.83,22.41,4.97,82.9
2026-08-20 19:53:18,2476,37.96,12.09,0.0,4.22,76.9
2026-08-20 19:53:18,2477,43.9,6.92,0.0,3.8,66.7
2026-08-20 19:53:18,2478,40.82,67.49,22.53,3.83,72.2
2026-08-20 19:53:18,2479,41.71,9.5,0.0,5.37,63.6
2026-08-20 19:53:18,2480,42.08,16.2,0.0,3.95,59.1
2026-08-20 19:53:18,2481,40.09,29.09,22.05,3.9,72.1
2026-08-20 19:53:18,2482,39.05,14.88,0.0,5.4,87.5
2026-08-20 19:53:18,2483,38.75,11.08,0.0,6.1,75.6
2026-08-20 19:53:18,2484,36.47,57.77,26.13,5.52,70.0
2026-08-20 19:53:18,2485,40.39,7.59,0.0,4.34,65.0
2026-08-20 19:53:18,2486,40.39,16.35,0.0,5.03,70.0
2026-08-20 19:53:18,2487,38.47,31.49,22.72,5.68,74.5
2026-08-20 19:53:18,2488,38.8,7.48,0.0,4.25,52.0
2026-08-20 19:53:18,2489,40.67,9.33,0.0,5.58,65.0
2026-08-20 19:53:18,2490,38.18,56.59,24.59,3.83,69.1
2026-08-20 19:53:18,2491,41.05,7.36,0.0,3.96,70.0
2026-08-20 19:53:18,2492,40.89,17.41,0.0,3.89,67.5
2026-08-20 19:53:19,2493,38.87,33.67,25.47,5.05,73.3
2026-08-20 19:53:19,2494,37.82,21.96,0.0,5.28,65.0
2026-08-20 19:53:19,2495,40.03,8.13,0.0,5.01,70.0
2026-08-20 19:53:19,2496,37.57,56.71,22.09,4.52,70.8
2026-08-20 19:53:19,2497,40.94,7.8,0.0,4.48,0.0
2026-08-20 19:53:19,2498,40.26,21.51,0.0,4.35,70.7
2026-08-20 19:53:19,2499,38.66,31.83,25.03,3.65,74.6
2026-08-20 19:53:19,2500,38.81,8.66,0.0,5.51,69.2
2026-08-20 19:53:19,2501,42.16,7.06,0.0,3.87,0.0
2026-08-20 19:53:19,2502,39.28,66.02,24.69,3.97,70.0
2026-08-20 19:53:19,2503,40.21,7.04,0.0,3.9,77.8
2026-08-20 19:53:19,2504,42.41,7.0,0.0,3.99,73.7
2026-08-20 19:53:19,2505,40.66,31.26,24.23,3.92,63.6
2026-08-20 19:53:19,2506,39.23,22.19,0.0,4.02,74.5
2026-08-20 19:53:19,2507,40.88,8.63,0.0,5.17,62.5
2026-08-20 19:53:19,2508,38.14,70.11,24.02,5.35,66.7
2026-08-20 19:53:19,2509,39.17,7.8,0.0,4.61,74.4
2026-08-20 19:53:19,2510,41.02,9.18,0.0,3.96,66.7
2026-08-20 19:53:19,2511,39.61,30.3,22.58,4.54,70.0
2026-08-20 19:53:19,2512,39.52,21.95,0.0,3.99,70.0
2026-08-20 19:53:19,2513,42.56,6.89,0.0,3.75,84.2
2026-08-20 19:53:19,2514,39.66,64.49,23.17,3.99,75.0
2026-08-20 19:53:19,2515,40.24,6.59,0.0,3.91,62.5
2026-08-20 19:53:19,2516,40.79,12.9,0.0,5.53,80.0
2026-08-20 19:53:19,2517,38.66,33.44,24.27,5.17,72.1
2026-08-20 19:53:19,2518,37.67,20.06,0.0,11.29,67.5
2026-08-20 19:53:19,2519,38.98,8.32,0.0,4.37,65.0
2026-08-20 19:53:19,2520,36.69,54.3,27.13,3.89,67.5
2026-08-20 19:53:19,2521,38.75,8.22,0.0,5.11,65.0
2026-08-20 19:53:19,2522,39.74,12.83,0.0,5.54,75.0
2026-08-20 19:53:20,2523,37.85,29.75,21.93,3.75,68.3
2026-08-20 19:53:20,2524,37.91,7.17,0.0,3.93,61.9
2026-08-20 19:53:20,2525,39.92,8.42,0.0,5.28,73.7
2026-08-20 19:53:20,2526,37.61,51.62,22.96,5.46,69.1
2026-08-20 19:53:20,2527,39.34,8.98,0.0,3.86,65.0
2026-08-20 19:53:20,2528,39.86,15.96,0.0,3.75,74.4
2026-08-20 19:53:20,2529,38.02,30.6,22.71,3.86,71.7
2026-08-20 19:53:20,2530,37.03,19.1,0.0,4.33,80.5
2026-08-20 19:53:20,2531,38.08,8.62,0.0,4.22,65.0
2026-08-20 19:53:20,2532,35.76,60.18,26.04,4.37,74.7
2026-08-20 19:53:20,2533,35.83,8.01,0.0,4.08,66.7
2026-08-20 19:53:20,2534,38.14,9.04,0.0,5.91,85.7
2026-08-20 19:53:20,2535,36.89,31.93,22.49,6.3,67.4
2026-08-20 19:53:20,2536,37.46,7.46,0.0,4.3,67.9
2026-08-20 19:53:20,2537,39.78,8.42,0.0,5.25,73.3
2026-08-20 19:53:20,2538,37.3,59.09,22.41,5.48,69.4
2026-08-20 19:53:20,2539,37.08,9.19,0.0,5.91,68.3
2026-08-20 19:53:20,2540,40.04,8.15,0.0,4.78,100.0
2026-08-20 19:53:20,2541,38.48,33.05,24.58,5.2,70.0
2026-08-20 19:53:20,2542,37.48,31.31,0.0,5.04,65.0
2026-08-20 19:53:20,2543,38.77,8.42,0.0,5.24,76.9
2026-08-20 19:53:20,2544,36.32,62.91,26.36,4.04,68.8
2026-08-20 19:53:20,2545,36.39,11.31,0.0,6.25,70.7
2026-08-20 19:53:20,2546,36.43,7.59,0.0,4.38,69.2
2026-08-20 19:53:20,2547,35.71,29.97,22.28,4.44,70.0
2026-08-20 19:53:20,2548,38.67,9.1,0.0,5.96,84.2
2026-08-20 19:53:20,2549,42.2,7.09,0.0,3.71,66.7
2026-08-20 19:53:20,2550,39.44,59.8,20.69,3.97,67.5
2026-08-20 19:53:20,2551,39.37,6.57,0.0,4.04,71.4
2026-08-20 19:53:20,2552,40.59,10.48,0.0,4.2,75.0
2026-08-20 19:53:21,2553,39.09,33.6,23.56,5.32,77.6
2026-08-20 19:53:21,2554,37.67,25.82,0.0,4.76,69.8
2026-08-20 19:53:21,2555,40.43,9.69,0.0,5.07,85.0
2026-08-20 19:53:21,2556,37.84,62.47,20.81,5.47,69.3
2026-08-20 19:53:21,2557,38.83,13.58,0.0,10.08,63.6
2026-08-20 19:53:21,2558,39.68,9.07,0.0,3.93,72.2
2026-08-20 19:53:21,2559,38.29,31.76,23.12,5.37,67.7
2026-08-20 19:53:21,2560,38.16,11.86,0.0,4.4,65.0
2026-08-20 19:53:21,2561,37.88,8.62,0.0,5.37,70.0
2026-08-20 19:53:21,2562,35.71,54.16,25.09,4.96,71.6
2026-08-20 19:53:21,2563,38.56,8.03,0.0,4.46,65.0
2026-08-20 19:53:21,2564,39.0,15.8,0.0,5.42,74.4
2026-08-20 19:53:21,2565,37.22,32.0,24.92,3.87,72.6
2026-08-20 19:53:21,2566,36.69,17.3,0.0,4.84,67.5
2026-08-20 19:53:21,2567,37.7,7.13,0.0,3.84,70.0
2026-08-20 19:53:21,2568,35.45,56.91,22.56,4.25,71.2
2026-08-20 19:53:21,2569,38.93,7.17,0.0,4.21,65.0
2026-08-20 19:53:21,2570,38.98,17.03,0.0,4.46,70.0
2026-08-20 19:53:21,2571,37.07,35.26,25.09,6.98,68.3
2026-08-20 19:53:21,2572,38.44,6.99,0.0,3.79,75.0
2026-08-20 19:53:21,2573,39.81,10.66,0.0,6.33,82.9
2026-08-20 19:53:21,2574,37.35,60.33,24.08,4.02,69.9
2026-08-20 19:53:21,2575,37.24,10.46,0.0,6.64,61.5
2026-08-20 19:53:21,2576,36.92,7.71,0.0,4.4,73.0
2026-08-20 19:53:21,2577,35.77,31.25,22.29,5.18,72.9
2026-08-20 19:53:21,2578,36.14,8.04,0.0,3.95,67.9
2026-08-20 19:53:21,2579,38.38,9.17,0.0,5.98,77.4
2026-08-20 19:53:21,2580,36.0,61.41,21.97,5.37,67.5
2026-08-20 19:53:21,2581,36.08,10.15,0.0,4.97,63.6
2026-08-20 19:53:21,2582,39.31,8.82,0.0,5.01,73.7
2026-08-20 19:53:22,2583,38.06,30.09,22.74,4.29,72.5
2026-08-20 19:53:22,2584,38.42,6.86,0.0,3.85,76.5
2026-08-20 19:53:22,2585,41.02,7.06,0.0,3.99,65.2
2026-08-20 19:53:22,2586,38.33,61.98,22.79,4.84,67.5
2026-08-20 19:53:22,2587,38.57,7.11,0.0,4.01,69.2
2026-08-20 19:53:22,2588,39.95,10.05,0.0,3.97,83.3
2026-08-20 19:53:22,2589,38.74,30.08,21.0,3.98,74.4
2026-08-20 19:53:22,2590,37.35,22.45,0.0,4.19,66.7
2026-08-20 19:53:22,2591,39.1,9.06,0.0,4.38,71.4
2026-08-20 19:53:22,2592,36.62,63.2,23.19,3.82,72.8
2026-08-20 19:53:22,2593,36.99,8.43,0.0,5.28,72.5
2026-08-20 19:53:22,2594,39.34,9.04,0.0,5.78,71.4
2026-08-20 19:53:22,2595,38.01,31.46,24.55,3.86,75.9
2026-08-20 19:53:22,2596,37.9,11.54,0.0,5.02,59.1
2026-08-20 19:53:22,2597,42.73,7.61,0.0,4.52,65.0
2026-08-20 19:53:22,2598,39.84,63.89,22.92,3.85,70.6
2026-08-20 19:53:22,2599,40.18,7.97,0.0,4.83,72.7
2026-08-20 19:53:22,2600,39.35,23.94,0.0,12.8,67.5
2026-08-20 19:53:22,2601,38.12,29.86,22.26,3.95,68.3
2026-08-20 19:53:22,2602,37.41,14.07,0.0,3.98,72.9
2026-08-20 19:53:22,2603,37.7,7.34,0.0,4.06,60.9
2026-08-20 19:53:22,2604,35.58,52.05,25.13,3.71,70.9
2026-08-20 19:53:22,2605,37.35,7.29,0.0,4.07,61.9
2026-08-20 19:53:22,2606,37.95,14.31,0.0,4.84,73.7
2026-08-20 19:53:22,2607,36.28,30.58,21.24,5.88,66.1
2026-08-20 19:53:22,2608,37.03,7.38,0.0,4.19,65.0
2026-08-20 19:53:22,2609,39.26,8.75,0.0,5.31,65.0
2026-08-20 19:53:22,2610,36.76,62.45,26.18,5.0,77.7
2026-08-20 19:53:22,2611,37.18,8.39,0.0,5.18,50.0
2026-08-20 19:53:22,2612,40.18,7.15,0.0,4.18,75.0
2026-08-20 19:53:23,2613,38.62,32.1,24.5,4.36,73.3
2026-08-20 19:53:23,2614,37.7,19.07,0.0,4.62,67.5
2026-08-20 19:53:23,2615,38.85,7.85,0.0,4.74,70.0
2026-08-20 19:53:23,2616,36.46,58.8,20.05,6.3,69.7
2026-08-20 19:53:23,2617,36.37,8.39,0.0,4.84,61.9
2026-08-20 19:53:23,2618,38.94,8.47,0.0,5.03,75.0
2026-08-20 19:53:23,2619,37.67,31.58,24.35,4.16,72.9
2026-08-20 19:53:23,2620,37.97,19.04,0.0,3.95,61.9
2026-08-20 19:53:23,2621,41.05,7.25,0.0,3.92,75.0
2026-08-20 19:53:23,2622,38.35,62.02,24.23,3.68,71.4
2026-08-20 19:53:23,2623,38.6,7.5,0.0,4.95,63.6
2026-08-20 19:53:23,2624,40.57,12.63,0.0,4.76,76.9
2026-08-20 19:53:23,2625,39.06,32.37,23.26,5.55,73.2
2026-08-20 19:53:23,2626,37.75,23.92,0.0,3.79,74.1
2026-08-20 19:53:23,2627,39.75,9.72,0.0,6.04,61.5
2026-08-20 19:53:23,2628,37.21,63.15,22.0,4.07,71.4
2026-08-20 19:53:23,2629,37.36,9.5,0.0,6.38,64.3
2026-08-20 19:53:23,2630,39.06,11.8,0.0,5.05,78.9
2026-08-20 19:53:23,2631,37.68,35.53,25.49,5.96,69.0
2026-08-20 19:53:23,2632,37.98,13.07,0.0,3.89,70.0
2026-08-20 19:53:23,2633,37.96,8.11,0.0,4.97,75.0
2026-08-20 19:53:23,2634,35.87,50.84,22.45,4.27,75.0
2026-08-20 19:53:23,2635,37.48,7.14,0.0,3.92,55.6
2026-08-20 19:53:23,2636,37.97,15.25,0.0,5.05,66.7
2026-08-20 19:53:23,2637,36.31,31.03,24.12,3.83,71.7
2026-08-20 19:53:23,2638,35.73,16.77,0.0,3.84,70.7
2026-08-20 19:53:23,2639,36.45,8.46,0.0,4.43,71.1
2026-08-20 19:53:23,2640,34.33,58.15,24.06,4.6,66.7
2026-08-20 19:53:23,2641,38.89,7.67,0.0,4.97,76.2
2026-08-20 19:53:23,2642,38.79,18.46,0.0,5.27,77.8
2026-08-20 19:53:24,2643,37.11,31.9,24.04,3.82,68.2
2026-08-20 19:53:24,2644,37.76,6.9,0.0,3.74,70.7
2026-08-20 19:53:24,2645,40.04,7.88,0.0,4.71,66.7
2026-08-20 19:53:24,2646,37.62,54.87,18.5,4.59,70.9
2026-08-20 19:53:24,2647,40.1,8.86,0.0,5.75,61.9
2026-08-20 19:53:24,2648,39.9,19.63,0.0,4.5,69.2
2026-08-20 19:53:24,2649,38.31,29.22,22.33,3.84,73.2
2026-08-20 19:53:24,2650,37.11,19.17,0.0,4.13,70.0
2026-08-20 19:53:24,2651,36.62,17.82,0.0,14.09,70.0
2026-08-20 19:53:24,2652,34.73,42.32,20.48,4.38,70.0
2026-08-20 19:53:24,2653,38.49,8.67,0.0,5.02,75.0
2026-08-20 19:53:24,2654,38.3,21.05,0.0,3.89,75.0
2026-08-20 19:53:24,2655,37.51,29.63,21.54,4.26,74.4
2026-08-20 19:53:24,2656,36.97,22.07,0.0,4.27,65.9
2026-08-20 19:53:24,2657,39.36,7.0,0.0,3.93,65.0
2026-08-20 19:53:24,2658,36.78,64.36,23.84,5.45,71.0
2026-08-20 19:53:24,2659,37.56,7.91,0.0,5.12,61.9
2026-08-20 19:53:24,2660,39.07,11.22,0.0,5.16,81.1
2026-08-20 19:53:24,2661,38.06,29.95,22.58,4.16,74.4
2026-08-20 19:53:24,2662,36.21,46.67,0.0,12.47,63.6
2026-08-20 19:53:24,2663,37.04,8.95,0.0,5.77,65.0
2026-08-20 19:53:24,2664,35.08,51.06,22.95,4.5,72.0
2026-08-20 19:53:24,2665,36.51,8.78,0.0,4.01,70.0
2026-08-20 19:53:24,2666,37.74,16.03,0.0,6.05,75.0
2026-08-20 19:53:24,2667,35.9,32.98,25.61,3.83,68.3
2026-08-20 19:53:24,2668,36.89,7.74,0.0,5.12,100.0
2026-08-20 19:53:24,2669,39.29,8.59,0.0,4.56,75.0
2026-08-20 19:53:24,2670,36.94,56.26,26.22,3.88,74.0
2026-08-20 19:53:24,2671,39.88,8.31,0.0,5.16,0.0
2026-08-20 19:53:24,2672,39.94,17.86,0.0,5.54,72.5
2026-08-20 19:53:25,2673,38.25,30.24,23.24,3.91,71.2
2026-08-20 19:53:25,2674,37.33,16.68,0.0,5.07,73.8
2026-08-20 19:53:25,2675,38.13,7.17,0.0,3.7,70.0
2026-08-20 19:53:25,2676,35.81,58.24,24.02,4.01,70.7
2026-08-20 19:53:25,2677,40.01,7.07,0.0,4.42,81.2
2026-08-20 19:53:25,2678,39.71,18.57,0.0,5.44,56.0
2026-08-20 19:53:25,2679,38.08,29.29,21.4,3.86,78.0
2026-08-20 19:53:25,2680,37.96,8.38,0.0,5.21,65.9
2026-08-20 19:53:25,2681,40.47,8.69,0.0,5.29,70.0
2026-08-20 19:53:25,2682,37.93,59.36,22.94,6.15,70.0
2026-08-20 19:53:25,2683,41.37,9.17,0.0,5.73,80.0
2026-08-20 19:53:25,2684,41.31,18.25,0.0,4.05,74.1
2026-08-20 19:53:25,2685,39.06,39.4,29.2,6.21,88.2
2026-08-20 19:53:25,2686,38.96,18.36,0.0,4.45,75.7
2026-08-20 19:53:25,2687,39.6,9.21,0.0,5.19,60.9
2026-08-20 19:53:25,2688,37.13,60.09,21.71,4.44,74.7
2026-08-20 19:53:25,2689,37.18,8.22,0.0,4.54,64.3
2026-08-20 19:53:25,2690,39.32,9.44,0.0,5.35,90.0
2026-08-20 19:53:25,2691,38.03,31.24,23.83,4.41,87.0
2026-08-20 19:53:25,2692,38.0,9.69,0.0,5.68,55.2
2026-08-20 19:53:25,2693,40.87,9.25,0.0,5.35,80.0
2026-08-20 19:53:25,2694,38.22,62.63,23.97,4.2,70.4
2026-08-20 19:53:25,2695,38.39,8.2,0.0,4.08,59.1
2026-08-20 19:53:25,2696,40.15,9.96,0.0,5.49,70.0
2026-08-20 19:53:25,2697,38.85,33.35,23.91,4.83,71.7
2026-08-20 19:53:25,2698,37.51,23.1,0.0,3.95,63.4
2026-08-20 19:53:25,2699,38.88,11.15,0.0,7.12,65.0
2026-08-20 19:53:25,2700,36.51,46.3,22.17,3.96,67.0
2026-08-20 19:53:25,2701,37.08,8.41,0.0,5.24,65.0
2026-08-20 19:53:25,2702,38.35,12.59,0.0,5.42,79.3
2026-08-20 19:53:26,2703,36.52,30.52,23.54,3.59,67.1
2026-08-20 19:53:26,2704,35.91,16.27,0.0,12.17,66.7
2026-08-20 19:53:26,2705,36.82,7.03,0.0,3.87,65.0
2026-08-20 19:53:26,2706,35.51,34.16,21.45,3.69,70.0
2026-08-20 19:53:26,2707,36.57,7.85,0.0,4.36,66.7
2026-08-20 19:53:26,2708,37.1,16.21,0.0,4.87,70.0
2026-08-20 19:53:26,2709,35.67,28.09,21.32,3.74,74.1
2026-08-20 19:53:26,2710,34.82,32.69,0.0,5.42,79.1
2026-08-20 19:53:26,2711,35.9,7.26,0.0,4.09,65.0
2026-08-20 19:53:26,2712,33.74,61.1,25.03,8.6,73.5
2026-08-20 19:53:26,2713,34.21,7.79,0.0,4.31,78.6
2026-08-20 19:53:26,2714,36.79,8.44,0.0,4.4,82.4
2026-08-20 19:53:26,2715,35.68,31.36,21.88,6.35,66.7
2026-08-20 19:53:26,2716,36.53,6.95,0.0,3.79,73.7
2026-08-20 19:53:26,2717,36.72,17.47,0.0,13.78,68.2
2026-08-20 19:53:26,2718,34.8,42.65,22.57,5.79,71.2
2026-08-20 19:53:26,2719,38.78,7.97,0.0,4.19,70.0
2026-08-20 19:53:26,2720,38.67,19.14,0.0,5.01,66.7
2026-08-20 19:53:26,2721,37.05,31.55,23.55,4.96,79.4
2026-08-20 19:53:26,2722,36.19,18.7,0.0,4.68,77.2
2026-08-20 19:53:26,2723,37.11,9.22,0.0,5.48,58.3
2026-08-20 19:53:26,2724,34.85,62.2,24.68,6.12,69.1
2026-08-20 19:53:26,2725,35.53,8.62,0.0,5.56,71.8
2026-08-20 19:53:26,2726,38.97,6.82,0.0,3.85,66.7
2026-08-20 19:53:26,2727,37.58,30.93,23.89,3.86,71.8
2026-08-20 19:53:26,2728,37.92,7.26,0.0,4.1,67.5
2026-08-20 19:53:26,2729,40.32,7.85,0.0,4.03,61.9
2026-08-20 19:53:26,2730,37.73,61.22,22.53,5.49,69.1
2026-08-20 19:53:26,2731,37.85,7.38,0.0,4.23,67.5
2026-08-20 19:53:26,2732,40.01,8.19,0.0,4.73,70.0
2026-08-20 19:53:27,2733,38.78,29.35,22.35,3.92,72.5
2026-08-20 19:53:27,2734,37.36,37.31,0.0,3.78,71.7
2026-08-20 19:53:27,2735,39.33,8.93,0.0,4.22,70.0
2026-08-20 19:53:27,2736,36.86,61.37,20.7,3.83,71.6
2026-08-20 19:53:27,2737,36.89,8.75,0.0,5.63,52.0
2026-08-20 19:53:27,2738,39.19,9.41,0.0,4.21,65.0
2026-08-20 19:53:27,2739,37.84,32.29,25.34,3.88,76.7
2026-08-20 19:53:27,2740,37.74,11.45,0.0,4.21,75.0
2026-08-20 19:53:27,2741,37.58,7.63,0.0,3.94,54.2
2026-08-20 19:53:27,2742,35.61,47.63,21.68,3.83,71.6
2026-08-20 19:53:27,2743,36.41,6.5,0.0,3.87,68.2
2026-08-20 19:53:27,2744,37.45,12.38,0.0,5.34,75.0
2026-08-20 19:53:27,2745,36.32,34.72,24.34,6.24,70.7
2026-08-20 19:53:27,2746,35.16,27.08,0.0,3.93,71.2
2026-08-20 19:53:27,2747,35.29,8.07,0.0,4.07,79.4
2026-08-20 19:53:27,2748,33.45,51.29,25.12,3.88,64.2
2026-08-20 19:53:27,2749,35.07,7.86,0.0,3.91,75.7
2026-08-20 19:53:27,2750,37.1,9.95,0.0,3.83,63.6
2026-08-20 19:53:27,2751,35.99,32.42,24.73,4.45,68.3
2026-08-20 19:53:27,2752,35.96,12.46,0.0,4.33,81.0
2026-08-20 19:53:27,2753,35.96,9.03,0.0,5.59,76.9
2026-08-20 19:53:27,2754,33.86,59.95,23.65,8.89,70.0
2026-08-20 19:53:27,2755,33.03,20.39,0.0,13.78,72.9
2026-08-20 19:53:27,2756,35.07,7.07,0.0,4.1,66.7
2026-08-20 19:53:27,2757,34.52,29.74,20.68,5.04,75.0
2026-08-20 19:53:27,2758,36.19,12.39,0.0,4.3,68.4
2026-08-20 19:53:27,2759,36.57,7.03,0.0,3.86,66.7
2026-08-20 19:53:27,2760,34.48,54.86,21.68,3.94,72.2
2026-08-20 19:53:27,2761,37.19,8.16,0.0,5.52,72.7
2026-08-20 19:53:27,2762,37.45,17.55,0.0,5.49,77.8
2026-08-20 19:53:28,2763,35.77,34.1,25.82,4.96,66.2
2026-08-20 19:53:28,2764,37.2,7.84,0.0,4.94,73.7
2026-08-20 19:53:28,2765,39.11,10.36,0.0,6.44,71.4
2026-08-20 19:53:28,2766,36.76,58.43,21.2,5.03,70.0
2026-08-20 19:53:28,2767,39.15,10.92,0.0,5.14,61.9
2026-08-20 19:53:28,2768,39.12,19.94,0.0,4.85,75.0
2026-08-20 19:53:28,2769,37.5,33.59,24.35,5.23,76.3
2026-08-20 19:53:28,2770,36.55,22.49,0.0,5.17,69.0
2026-08-20 19:53:28,2771,37.84,11.17,0.0,6.03,70.0
2026-08-20 19:53:28,2772,35.49,64.92,25.64,5.06,76.9
2026-08-20 19:53:28,2773,36.31,8.31,0.0,4.86,70.0
2026-08-20 19:53:28,2774,38.73,8.89,0.0,4.94,70.0
2026-08-20 19:53:28,2775,37.51,30.6,23.31,4.13,75.0
2026-08-20 19:53:28,2776,37.66,7.8,0.0,4.03,61.9
2026-08-20 19:53:28,2777,40.77,7.23,0.0,3.84,65.0
2026-08-20 19:53:28,2778,38.12,61.0,21.61,3.99,74.2
2026-08-20 19:53:28,2779,38.3,7.11,0.0,4.46,52.0
2026-08-20 19:53:28,2780,39.61,11.09,0.0,5.66,68.2
2026-08-20 19:53:28,2781,37.53,33.12,25.12,3.82,68.4
2026-08-20 19:53:28,2782,37.36,12.99,0.0,5.32,73.2
2026-08-20 19:53:28,2783,37.53,7.14,0.0,3.87,65.0
2026-08-20 19:53:28,2784,35.52,49.47,22.39,3.91,71.2
2026-08-20 19:53:28,2785,36.75,7.8,0.0,3.85,65.0
2026-08-20 19:53:28,2786,37.78,13.13,0.0,4.92,74.4
2026-08-20 19:53:28,2787,36.08,30.25,22.07,5.01,71.2
2026-08-20 19:53:28,2788,36.33,8.12,0.0,4.34,56.5
2026-08-20 19:53:28,2789,39.07,8.26,0.0,5.19,75.0
2026-08-20 19:53:28,2790,36.81,54.09,19.8,4.26,70.0
2026-08-20 19:53:28,2791,39.24,7.49,0.0,4.01,65.0
2026-08-20 19:53:28,2792,39.64,15.09,0.0,3.84,71.8
2026-08-20 19:53:29,2793,37.82,29.77,21.34,4.35,72.1
2026-08-20 19:53:29,2794,36.82,32.31,0.0,4.84,67.5
2026-08-20 19:53:29,2795,37.84,7.46,0.0,4.15,70.0
2026-08-20 19:53:29,2796,35.56,58.72,21.11,6.23,70.7
2026-08-20 19:53:29,2797,39.89,7.4,0.0,4.2,93.3
2026-08-20 19:53:29,2798,39.58,19.08,0.0,5.65,50.0
2026-08-20 19:53:29,2799,37.96,29.69,22.28,4.22,71.2
2026-08-20 19:53:29,2800,37.89,8.62,0.0,5.38,67.5
2026-08-20 19:53:29,2801,40.68,8.28,0.0,5.04,70.0
2026-08-20 19:53:29,2802,38.08,60.32,24.82,4.42,70.0
2026-08-20 19:53:29,2803,38.95,15.4,0.0,11.65,71.4
2026-08-20 19:53:29,2804,38.15,19.35,0.0,13.8,82.4
2026-08-20 19:53:29,2805,35.94,56.23,42.95,8.27,98.7
2026-08-20 19:53:29,2806,37.42,13.25,0.0,9.38,79.4
2026-08-20 19:53:29,2807,39.09,10.55,0.0,7.09,80.0
2026-08-20 19:53:29,2808,37.09,46.99,23.06,4.36,79.7
2026-08-20 19:53:29,2809,37.13,10.09,0.0,6.1,77.5
2026-08-20 19:53:29,2810,40.72,7.84,0.0,4.46,80.0
2026-08-20 19:53:29,2811,39.03,33.74,25.88,4.61,77.2
2026-08-20 19:53:29,2812,39.25,9.95,0.0,6.19,66.7
2026-08-20 19:53:29,2813,42.69,7.89,0.0,4.35,90.5
2026-08-20 19:53:29,2814,39.77,65.5,24.76,4.45,78.2
2026-08-20 19:53:29,2815,41.2,7.87,0.0,3.94,78.9
2026-08-20 19:53:29,2816,42.33,11.67,0.0,4.19,85.0
2026-08-20 19:53:29,2817,40.02,31.83,24.03,4.25,69.8
2026-08-20 19:53:29,2818,39.33,14.0,0.0,4.44,75.0
2026-08-20 19:53:29,2819,39.44,7.2,0.0,3.88,74.4
2026-08-20 19:53:29,2820,36.99,58.69,25.98,6.26,81.7
2026-08-20 19:53:29,2821,41.59,8.24,0.0,4.43,71.4
2026-08-20 19:53:29,2822,41.91,14.44,0.0,4.42,90.0
2026-08-20 19:53:30,2823,39.71,33.82,25.47,5.1,78.8
2026-08-20 19:53:30,2824,40.29,7.78,0.0,4.61,65.0
2026-08-20 19:53:30,2825,42.32,8.74,0.0,5.57,70.0
2026-08-20 19:53:30,2826,39.67,55.84,22.51,5.05,68.8
2026-08-20 19:53:30,2827,42.23,8.17,0.0,4.07,65.0
2026-08-20 19:53:30,2828,41.91,18.29,0.0,4.14,70.7
2026-08-20 19:53:30,2829,39.92,31.66,22.7,5.78,71.2
2026-08-20 19:53:30,2830,38.9,18.34,0.0,4.37,65.9
2026-08-20 19:53:30,2831,39.75,7.95,0.0,4.81,65.0
2026-08-20 19:53:30,2832,37.18,64.14,22.95,6.32,69.0
2026-08-20 19:53:30,2833,37.62,8.61,0.0,5.49,70.0
2026-08-20 19:53:30,2834,40.88,6.95,0.0,3.77,70.0
2026-08-20 19:53:30,2835,39.4,30.33,22.8,4.13,74.6
2026-08-20 19:53:30,2836,39.47,7.09,0.0,4.13,59.1
2026-08-20 19:53:30,2837,41.28,9.14,0.0,5.11,65.0
2026-08-20 19:53:30,2838,38.59,62.59,24.89,4.38,71.3
2026-08-20 19:53:30,2839,38.81,7.65,0.0,4.49,61.9
2026-08-20 19:53:30,2840,40.63,9.18,0.0,5.22,75.0
2026-08-20 19:53:30,2841,39.08,33.02,23.8,4.07,70.0
2026-08-20 19:53:30,2842,37.89,22.82,0.0,3.76,65.0
2026-08-20 19:53:30,2843,39.35,10.35,0.0,6.73,79.5
2026-08-20 19:53:30,2844,36.86,63.34,22.03,4.4,69.6
2026-08-20 19:53:30,2845,37.19,8.77,0.0,5.48,73.2
2026-08-20 19:53:30,2846,39.4,9.66,0.0,4.56,73.7
2026-08-20 19:53:30,2847,38.03,32.21,25.3,4.11,71.4
2026-08-20 19:53:30,2848,38.0,10.96,0.0,3.87,80.5
2026-08-20 19:53:30,2849,42.72,7.24,0.0,4.13,66.7
2026-08-20 19:53:30,2850,39.82,64.34,23.38,3.92,70.5
2026-08-20 19:53:30,2851,39.98,8.57,0.0,4.95,75.0
2026-08-20 19:53:30,2852,41.17,12.41,0.0,5.28,63.6
2026-08-20 19:53:31,2853,39.31,40.6,23.8,13.44,79.3
2026-08-20 19:53:31,2854,38.3,26.86,0.0,3.75,64.3
2026-08-20 19:53:31,2855,37.91,9.39,0.0,6.03,70.0
2026-08-20 19:53:31,2856,35.86,50.68,24.31,4.23,73.1
2026-08-20 19:53:31,2857,37.07,7.98,0.0,3.99,59.1
2026-08-20 19:53:31,2858,38.08,13.23,0.0,5.86,80.0
2026-08-20 19:53:31,2859,36.39,28.51,20.89,4.11,70.5
2026-08-20 19:53:31,2860,36.61,7.35,0.0,4.2,70.0
2026-08-20 19:53:31,2861,38.66,9.22,0.0,6.18,65.0
2026-08-20 19:53:31,2862,36.45,53.7,22.88,4.71,70.0
2026-08-20 19:53:31,2863,38.54,8.19,0.0,5.16,75.0
2026-08-20 19:53:31,2864,39.38,14.12,0.0,3.96,77.3
2026-08-20 19:53:31,2865,37.48,32.32,24.05,4.19,69.6
2026-08-20 19:53:31,2866,36.94,15.42,0.0,4.38,71.1
2026-08-20 19:53:31,2867,37.38,7.84,0.0,5.0,63.6
2026-08-20 19:53:31,2868,35.14,58.9,20.91,7.61,75.6
2026-08-20 19:53:31,2869,39.84,7.06,0.0,4.51,80.0
2026-08-20 19:53:31,2870,39.84,16.61,0.0,4.32,67.5
2026-08-20 19:53:31,2871,38.15,28.32,20.22,4.89,70.7
2026-08-20 19:53:31,2872,38.09,7.89,0.0,4.1,63.6
2026-08-20 19:53:31,2873,40.13,9.52,0.0,5.29,80.0
2026-08-20 19:53:31,2874,37.67,58.21,23.68,4.35,73.2
2026-08-20 19:53:31,2875,37.36,8.59,0.0,5.44,56.5
2026-08-20 19:53:31,2876,40.2,7.82,0.0,4.55,80.0
2026-08-20 19:53:31,2877,38.57,34.61,25.53,3.87,70.5
2026-08-20 19:53:31,2878,37.69,20.14,0.0,5.0,67.5
2026-08-20 19:53:31,2879,39.31,7.11,0.0,3.99,65.0
2026-08-20 19:53:31,2880,36.87,58.17,21.52,4.47,73.2
2026-08-20 19:53:31,2881,40.87,8.49,0.0,4.95,68.2
2026-08-20 19:53:31,2882,40.17,22.08,0.0,4.02,60.9
2026-08-20 19:53:32,2883,38.72,29.17,21.49,4.25,76.3
2026-08-20 19:53:32,2884,38.15,11.29,0.0,6.06,65.9
2026-08-20 19:53:32,2885,39.01,17.31,0.0,13.11,75.0
2026-08-20 19:53:32,2886,36.81,43.9,20.77,3.99,72.2
2026-08-20 19:53:32,2887,35.82,18.14,0.0,13.85,64.3
2026-08-20 19:53:32,2888,37.04,7.42,0.0,4.18,69.2
2026-08-20 19:53:32,2889,35.8,32.15,24.07,4.76,70.7
2026-08-20 19:53:32,2890,36.06,11.15,0.0,3.9,81.4
2026-08-20 19:53:32,2891,39.2,10.49,0.0,5.95,78.9
2026-08-20 19:53:32,2892,36.68,65.78,23.36,4.19,68.7
2026-08-20 19:53:32,2893,37.47,8.69,0.0,5.49,79.5
2026-08-20 19:53:32,2894,39.06,11.44,0.0,3.88,75.0
2026-08-20 19:53:32,2895,37.11,31.71,23.75,4.52,75.0
2026-08-20 19:53:32,2896,37.68,7.04,0.0,4.05,74.4
2026-08-20 19:53:32,2897,39.54,9.26,0.0,6.1,70.0
2026-08-20 19:53:32,2898,37.36,49.53,21.49,4.71,71.6
2026-08-20 19:53:32,2899,38.44,7.35,0.0,4.15,60.9
2026-08-20 19:53:32,2900,39.47,12.41,0.0,3.93,66.7
2026-08-20 19:53:32,2901,37.66,27.12,20.04,3.85,68.9
2026-08-20 19:53:32,2902,36.93,28.04,0.0,3.87,65.0
2026-08-20 19:53:32,2903,36.96,7.51,0.0,4.19,75.6
2026-08-20 19:53:32,2904,34.79,56.77,24.39,4.1,71.2
2026-08-20 19:53:32,2905,38.44,7.29,0.0,4.08,65.0
2026-08-20 19:53:32,2906,39.0,14.01,0.0,3.82,71.8
2026-08-20 19:53:32,2907,37.21,29.3,20.42,5.68,74.5
2026-08-20 19:53:32,2908,37.46,8.58,0.0,4.32,50.0
2026-08-20 19:53:32,2909,39.65,9.87,0.0,5.67,65.0
2026-08-20 19:53:32,2910,37.25,57.57,23.83,4.62,69.2
2026-08-20 19:53:32,2911,41.2,8.57,0.0,5.26,68.2
2026-08-20 19:53:32,2912,40.68,20.93,0.0,4.61,72.5
2026-08-20 19:53:33,2913,39.06,29.62,21.49,4.23,74.6
2026-08-20 19:53:33,2914,37.73,20.56,0.0,5.42,65.9
2026-08-20 19:53:33,2915,38.91,9.22,0.0,6.02,70.0
2026-08-20 19:53:33,2916,36.57,57.79,20.38,5.08,70.7
2026-08-20 19:53:33,2917,36.15,10.16,0.0,4.97,77.1
2026-08-20 19:53:33,2918,39.44,8.7,0.0,5.54,16.7
2026-08-20 19:53:33,2919,38.28,29.54,22.45,3.73,75.9
2026-08-20 19:53:33,2920,38.07,9.12,0.0,5.86,70.3
2026-08-20 19:53:33,2921,41.73,7.04,0.0,3.91,20.0
2026-08-20 19:53:33,2922,38.94,63.06,22.72,5.4,70.7
2026-08-20 19:53:33,2923,39.03,9.14,0.0,5.51,76.3
2026-08-20 19:53:33,2924,41.25,9.95,0.0,3.88,66.7
2026-08-20 19:53:33,2925,40.08,27.93,19.04,5.37,71.8
2026-08-20 19:53:33,2926,38.28,41.12,0.0,4.02,68.9
2026-08-20 19:53:33,2927,40.67,9.75,0.0,5.31,68.2
2026-08-20 19:53:33,2928,38.01,64.81,21.32,6.07,68.8
2026-08-20 19:53:33,2929,38.94,8.39,0.0,4.2,81.1
2026-08-20 19:53:33,2930,40.42,10.94,0.0,3.9,60.9
2026-08-20 19:53:33,2931,38.96,33.7,25.07,5.23,70.0
2026-08-20 19:53:33,2932,38.86,12.12,0.0,4.19,74.4
2026-08-20 19:53:33,2933,44.03,7.14,0.0,4.4,76.2
2026-08-20 19:53:33,2934,40.95,66.97,21.95,3.82,75.0
2026-08-20 19:53:33,2935,42.42,6.91,0.0,3.83,60.9
2026-08-20 19:53:33,2936,42.78,13.19,0.0,3.93,66.7
2026-08-20 19:53:33,2937,40.4,34.72,25.45,5.03,73.0
2026-08-20 19:53:33,2938,40.03,13.97,0.0,3.79,70.0
2026-08-20 19:53:33,2939,40.02,7.49,0.0,4.24,71.8
2026-08-20 19:53:33,2940,37.62,53.83,20.19,4.68,67.5
2026-08-20 19:53:33,2941,39.75,6.95,0.0,4.27,80.0
2026-08-20 19:53:33,2942,39.75,20.69,0.0,5.26,61.9
2026-08-20 19:53:34,2943,38.48,31.44,22.81,4.56,76.3
2026-08-20 19:53:34,2944,38.39,17.21,0.0,3.76,73.0
2026-08-20 19:53:34,2945,37.72,17.21,0.0,13.67,73.7
2026-08-20 19:53:34,2946,35.74,41.07,22.96,3.96,66.7
2026-08-20 19:53:34,2947,38.77,8.26,0.0,5.09,65.0
2026-08-20 19:53:34,2948,38.44,20.91,0.0,4.56,75.0
2026-08-20 19:53:34,2949,36.89,33.6,25.87,4.55,70.0
2026-08-20 19:53:34,2950,35.92,22.38,0.0,7.03,67.5
2026-08-20 19:53:34,2951,37.88,8.85,0.0,5.04,65.0
2026-08-20 19:53:34,2952,35.57,60.29,21.98,5.88,72.4
2026-08-20 19:53:34,2953,35.53,9.28,0.0,5.25,63.6
2026-08-20 19:53:34,2954,39.37,6.73,0.0,3.75,81.8
2026-08-20 19:53:34,2955,37.94,30.87,22.54,5.23,74.6
2026-08-20 19:53:34,2956,38.4,7.19,0.0,3.99,63.6
2026-08-20 19:53:34,2957,40.46,8.74,0.0,4.4,65.0
2026-08-20 19:53:34,2958,37.8,64.81,25.69,4.75,70.6
2026-08-20 19:53:34,2959,38.61,7.1,0.0,3.94,65.0
2026-08-20 19:53:34,2960,40.58,8.16,0.0,5.19,70.0
2026-08-20 19:53:34,2961,38.95,33.4,23.88,4.26,70.0
2026-08-20 19:53:34,2962,37.64,24.15,0.0,5.82,73.7
2026-08-20 19:53:34,2963,39.81,9.3,0.0,5.28,60.9
2026-08-20 19:53:34,2964,37.32,60.69,22.09,5.45,70.0
2026-08-20 19:53:34,2965,37.22,8.69,0.0,3.9,70.0
2026-08-20 19:53:34,2966,40.16,7.71,0.0,3.78,73.7
2026-08-20 19:53:34,2967,39.01,31.37,23.93,4.62,68.3
2026-08-20 19:53:34,2968,38.45,24.53,0.0,4.37,75.7
2026-08-20 19:53:34,2969,41.01,9.65,0.0,5.56,63.6
2026-08-20 19:53:34,2970,38.31,64.99,23.56,4.31,72.8
2026-08-20 19:53:34,2971,39.03,8.19,0.0,4.09,74.4
2026-08-20 19:53:35,2972,38.02,27.32,0.0,4.04,70.0
2026-08-20 19:53:35,2973,36.92,32.2,22.22,6.9,70.7
2026-08-20 19:53:35,2974,37.27,8.93,0.0,3.82,72.5
2026-08-20 19:53:35,2975,39.56,10.03,0.0,5.97,75.0
2026-08-20 19:53:35,2976,36.97,67.34,23.56,3.84,68.4
2026-08-20 19:53:35,2977,36.91,16.39,0.0,12.84,60.0
2026-08-20 19:53:35,2978,37.63,7.06,0.0,3.92,70.3
2026-08-20 19:53:35,2979,36.25,33.11,25.17,3.76,79.0
2026-08-20 19:53:35,2980,36.96,8.14,0.0,4.02,65.0
2026-08-20 19:53:35,2981,39.89,7.7,0.0,4.33,65.0
2026-08-20 19:53:35,2982,37.58,51.23,21.8,4.26,70.4
2026-08-20 19:53:35,2983,38.57,8.26,0.0,3.97,65.0
2026-08-20 19:53:35,2984,37.29,31.39,0.0,4.03,72.1
2026-08-20 19:53:35,2985,35.6,33.59,24.57,5.24,71.7
2026-08-20 19:53:35,2986,36.53,8.36,0.0,4.92,65.0
2026-08-20 19:53:35,2987,39.02,8.65,0.0,5.45,75.0
2026-08-20 19:53:35,2988,36.75,53.86,23.06,4.25,73.8
2026-08-20 19:53:35,2989,39.02,7.69,0.0,4.93,75.0
2026-08-20 19:53:35,2990,39.29,16.01,0.0,3.99,72.5
2026-08-20 19:53:35,2991,37.44,32.05,22.78,6.09,68.3
2026-08-20 19:53:35,2992,37.93,8.72,0.0,5.46,75.0
2026-08-20 19:53:35,2993,39.83,10.78,0.0,4.03,86.1
2026-08-20 19:53:35,2994,37.44,57.75,23.16,4.22,67.5
2026-08-20 19:53:35,2995,40.67,9.09,0.0,5.57,0.0
2026-08-20 19:53:35,2996,38.91,36.96,0.0,4.52,70.0
2026-08-20 19:53:35,2997,37.32,32.22,25.37,3.88,73.8
2026-08-20 19:53:35,2998,36.66,16.93,0.0,13.54,67.5
2026-08-20 19:53:35,2999,37.15,9.36,0.0,4.46,69.2
2026-08-20 19:53:35,3000,35.61,40.05,21.38,3.95,71.2
2026-08-20 19:53:35,3001,39.19,8.78,0.0,5.39,76.2
2026-08-20 19:53:35,3002,38.54,20.41,0.0,4.81,59.1
2026-08-20 19:53:36,3003,37.03,31.38,23.03,5.17,76.3
2026-08-20 19:53:36,3004,37.72,7.04,0.0,3.95,69.2
2026-08-20 19:53:36,3005,40.53,6.86,0.0,3.66,68.2
2026-08-20 19:53:36,3006,37.87,62.8,23.05,4.33,72.0
2026-08-20 19:53:36,3007,38.29,7.03,0.0,3.91,69.2
2026-08-20 19:53:36,3008,37.62,22.77,0.0,4.41,69.2
2026-08-20 19:53:36,3009,36.35,30.91,22.06,5.43,76.7
2026-08-20 19:53:36,3010,36.78,7.47,0.0,4.35,65.0
2026-08-20 19:53:36,3011,38.47,10.66,0.0,5.52,65.0
2026-08-20 19:53:36,3012,36.12,61.09,20.55,4.39,80.2
2026-08-20 19:53:36,3013,40.72,7.15,0.0,3.83,78.9
2026-08-20 19:53:36,3014,40.12,22.65,0.0,5.45,66.7
2026-08-20 19:53:36,3015,38.64,30.0,21.84,5.02,75.9
2026-08-20 19:53:36,3016,38.55,8.56,0.0,5.29,59.1
2026-08-20 19:53:36,3017,41.68,7.3,0.0,4.0,65.0
2026-08-20 19:53:36,3018,38.91,63.03,21.75,4.06,70.3
2026-08-20 19:53:36,3019,39.06,8.79,0.0,5.02,70.0
2026-08-20 19:53:36,3020,38.15,29.37,0.0,4.01,68.3
2026-08-20 19:53:36,3021,37.32,28.1,19.8,4.87,71.2
2026-08-20 19:53:36,3022,37.24,8.45,0.0,4.05,66.7
2026-08-20 19:53:36,3023,39.54,9.54,0.0,5.45,80.0
2026-08-20 19:53:36,3024,37.02,63.53,22.61,3.73,70.7
2026-08-20 19:53:36,3025,37.43,8.28,0.0,4.24,61.9
2026-08-20 19:53:36,3026,38.7,12.13,0.0,5.11,78.9
2026-08-20 19:53:36,3027,37.91,28.76,21.02,4.58,68.3
2026-08-20 19:53:36,3028,37.11,14.21,0.0,4.78,73.8
2026-08-20 19:53:36,3029,37.33,8.11,0.0,4.89,75.0
2026-08-20 19:53:36,3030,35.33,49.94,22.39,3.58,62.5
2026-08-20 19:53:36,3031,36.83,6.97,0.0,3.78,71.1
2026-08-20 19:53:37,3032,35.81,28.94,0.0,4.05,69.0
2026-08-20 19:53:37,3033,34.26,31.35,21.79,5.53,71.2
2026-08-20 19:53:37,3034,34.86,8.59,0.0,5.29,70.7
2026-08-20 19:53:37,3035,37.83,8.1,0.0,4.91,78.9
2026-08-20 19:53:37,3036,35.73,51.56,22.81,3.64,68.9
2026-08-20 19:53:37,3037,40.16,7.95,0.0,4.74,57.1
2026-08-20 19:53:37,3038,39.49,15.41,0.0,4.1,69.2
2026-08-20 19:53:37,3039,37.59,33.35,25.19,5.04,73.3
2026-08-20 19:53:37,3040,38.68,6.95,0.0,3.8,68.3
2026-08-20 19:53:37,3041,40.53,9.07,0.0,5.94,71.4
2026-08-20 19:53:37,3042,37.97,59.97,22.39,5.12,71.2
2026-08-20 19:53:37,3043,37.83,9.83,0.0,5.53,73.2
2026-08-20 19:53:37,3044,37.74,21.92,0.0,5.77,80.0
2026-08-20 19:53:37,3045,36.34,31.96,22.48,5.4,68.2
2026-08-20 19:53:37,3046,36.96,8.38,0.0,5.05,71.8
2026-08-20 19:53:37,3047,39.77,8.35,0.0,3.84,71.4
2026-08-20 19:53:37,3048,37.2,64.22,22.08,3.89,67.9
2026-08-20 19:53:37,3049,37.62,8.89,0.0,5.75,71.8
2026-08-20 19:53:37,3050,40.02,9.12,0.0,4.96,78.9
2026-08-20 19:53:37,3051,38.64,31.22,24.36,3.74,72.5
2026-08-20 19:53:37,3052,38.78,9.18,0.0,3.8,64.3
2026-08-20 19:53:37,3053,42.37,6.62,0.0,3.92,84.2
2026-08-20 19:53:37,3054,39.44,67.89,22.33,5.35,71.7
2026-08-20 19:53:37,3055,40.9,7.39,0.0,4.24,66.7
2026-08-20 19:53:37,3056,39.52,28.75,0.0,3.91,71.4
2026-08-20 19:53:37,3057,37.63,30.45,21.76,5.44,71.2
2026-08-20 19:53:37,3058,37.69,8.99,0.0,5.1,68.3
2026-08-20 19:53:37,3059,40.69,7.8,0.0,4.33,68.2
2026-08-20 19:53:37,3060,38.17,56.28,24.63,5.3,75.0
2026-08-20 19:53:37,3061,40.26,9.71,0.0,5.0,65.0
2026-08-20 19:53:37,3062,40.27,18.45,0.0,5.43,70.0
2026-08-20 19:53:38,3063,38.43,32.13,23.78,5.15,71.7
2026-08-20 19:53:38,3064,38.67,8.63,0.0,5.4,65.0
2026-08-20 19:53:38,3065,40.32,11.29,0.0,6.15,70.0
2026-08-20 19:53:38,3066,38.01,53.09,23.19,3.78,73.8
2026-08-20 19:53:38,3067,39.48,7.98,0.0,4.91,65.0
2026-08-20 19:53:38,3068,38.04,32.59,0.0,5.18,68.9
2026-08-20 19:53:38,3069,36.53,29.13,22.33,3.75,76.8
2026-08-20 19:53:38,3070,36.82,7.99,0.0,4.76,52.0
2026-08-20 19:53:38,3071,39.49,7.66,0.0,3.93,65.0
2026-08-20 19:53:38,3072,37.12,55.08,20.38,4.87,71.2
2026-08-20 19:53:38,3073,39.51,7.46,0.0,4.02,65.0
2026-08-20 19:53:38,3074,39.39,18.11,0.0,3.91,80.5
2026-08-20 19:53:38,3075,37.67,31.08,22.69,4.18,72.4
2026-08-20 19:53:38,3076,38.05,7.18,0.0,4.01,59.1
2026-08-20 19:53:38,3077,40.27,8.3,0.0,5.05,75.7
2026-08-20 19:53:38,3078,37.85,54.78,21.07,4.57,73.8
2026-08-20 19:53:38,3079,40.08,8.39,0.0,5.27,66.7
2026-08-20 19:53:38,3080,38.35,36.96,0.0,5.11,62.8
2026-08-20 19:53:38,3081,37.02,28.78,21.03,4.22,77.2
2026-08-20 19:53:38,3082,36.06,17.34,0.0,13.55,69.8
2026-08-20 19:53:38,3083,36.51,10.45,0.0,5.11,71.8
2026-08-20 19:53:38,3084,34.92,43.06,21.61,4.61,73.3
2026-08-20 19:53:38,3085,39.91,8.75,0.0,5.62,70.0
2026-08-20 19:53:38,3086,39.27,21.0,0.0,3.9,68.3
2026-08-20 19:53:38,3087,37.8,30.94,23.71,3.85,68.3
2026-08-20 19:53:38,3088,38.17,6.93,0.0,3.92,67.5
2026-08-20 19:53:38,3089,39.72,10.16,0.0,4.88,72.2
2026-08-20 19:53:38,3090,37.14,65.77,25.66,3.95,75.8
2026-08-20 19:53:38,3091,37.96,7.31,0.0,4.13,56.5
2026-08-20 19:53:39,3092,37.39,22.35,0.0,6.07,73.2
2026-08-20 19:53:39,3093,35.75,38.0,20.51,12.83,73.3
2026-08-20 19:53:39,3094,38.28,7.39,0.0,4.05,75.0
2026-08-20 19:53:39,3095,40.48,8.46,0.0,3.88,70.0
2026-08-20 19:53:39,3096,37.83,63.98,25.89,3.77,68.3
2026-08-20 19:53:39,3097,38.22,8.48,0.0,4.62,65.0
2026-08-20 19:53:39,3098,39.95,10.47,0.0,6.0,66.7
2026-08-20 19:53:39,3099,38.74,30.2,23.26,3.92,76.3
2026-08-20 19:53:39,3100,38.63,9.94,0.0,3.82,61.9
2026-08-20 19:53:39,3101,42.06,8.2,0.0,5.09,70.0
2026-08-20 19:53:39,3102,39.2,70.98,23.24,5.16,67.0
2026-08-20 19:53:39,3103,40.16,7.06,0.0,3.82,75.0
2026-08-20 19:53:39,3104,38.86,28.38,0.0,5.13,73.3
2026-08-20 19:53:39,3105,37.77,32.2,24.18,4.32,75.6
2026-08-20 19:53:39,3106,38.05,8.85,0.0,3.75,77.1
2026-08-20 19:53:39,3107,40.0,10.76,0.0,6.77,60.0
2026-08-20 19:53:39,3108,37.4,66.12,22.99,5.07,67.5
2026-08-20 19:53:39,3109,38.27,8.27,0.0,4.87,73.0
2026-08-20 19:53:39,3110,40.44,8.96,0.0,3.8,59.1
2026-08-20 19:53:39,3111,39.04,30.81,23.4,4.31,71.8
2026-08-20 19:53:39,3112,38.32,14.22,0.0,4.06,71.4
2026-08-20 19:53:39,3113,38.35,8.58,0.0,5.21,77.5
2026-08-20 19:53:39,3114,36.21,51.52,23.43,4.96,72.7
2026-08-20 19:53:39,3115,37.35,8.54,0.0,5.41,63.6
2026-08-20 19:53:39,3116,36.49,27.86,0.0,3.98,81.1
2026-08-20 19:53:39,3117,35.7,30.87,23.65,3.88,67.4
2026-08-20 19:53:39,3118,35.23,15.13,0.0,5.73,73.8
2026-08-20 19:53:39,3119,35.97,7.13,0.0,3.88,95.3
2026-08-20 19:53:39,3120,34.06,50.26,21.35,5.04,69.6
2026-08-20 19:53:39,3121,34.94,9.98,0.0,6.52,66.7
2026-08-20 19:53:39,3122,36.35,14.48,0.0,5.21,83.3
2026-08-20 19:53:40,3123,34.85,29.25,21.32,3.92,72.9
2026-08-20 19:53:40,3124,35.0,8.71,0.0,5.51,50.0
2026-08-20 19:53:40,3125,38.33,7.72,0.0,4.73,70.0
2026-08-20 19:53:40,3126,36.15,53.22,20.44,4.5,70.0
2026-08-20 19:53:40,3127,37.15,10.93,0.0,5.84,65.0
2026-08-20 19:53:40,3128,35.89,36.11,0.0,8.77,71.7
2026-08-20 19:53:40,3129,34.53,33.05,25.47,3.94,73.8
2026-08-20 19:53:40,3130,35.42,8.56,0.0,4.48,65.0
2026-08-20 19:53:40,3131,38.78,6.97,0.0,3.92,70.0
2026-08-20 19:53:40,3132,36.45,55.33,23.47,3.91,71.8
2026-08-20 19:53:40,3133,38.96,8.86,0.0,5.12,81.8
2026-08-20 19:53:40,3134,39.16,17.74,0.0,5.32,62.5
2026-08-20 19:53:40,3135,37.36,33.02,21.99,6.85,73.3
2026-08-20 19:53:40,3136,38.14,7.14,0.0,4.01,76.5
2026-08-20 19:53:40,3137,40.27,8.51,0.0,4.2,66.7
2026-08-20 19:53:40,3138,37.8,56.45,21.81,5.22,73.1
2026-08-20 19:53:40,3139,39.87,9.57,0.0,5.32,58.3
2026-08-20 19:53:40,3140,38.23,36.74,0.0,5.9,75.9
2026-08-20 19:53:40,3141,36.86,30.35,22.07,4.1,61.7
2026-08-20 19:53:40,3142,37.39,7.16,0.0,3.95,76.9
2026-08-20 19:53:40,3143,39.72,8.09,0.0,4.86,71.4
2026-08-20 19:53:40,3144,37.21,60.39,22.94,5.56,70.5
2026-08-20 19:53:40,3145,37.15,7.99,0.0,5.02,68.3
2026-08-20 19:53:40,3146,39.7,8.15,0.0,4.22,66.7
2026-08-20 19:53:40,3147,38.39,29.78,22.79,3.87,73.7
2026-08-20 19:53:40,3148,38.31,8.28,0.0,5.18,63.4
2026-08-20 19:53:40,3149,40.74,8.65,0.0,4.36,65.0
2026-08-20 19:53:40,3150,38.11,62.15,24.51,4.38,71.6
2026-08-20 19:53:40,3151,38.35,7.31,0.0,4.15,69.0
2026-08-20 19:53:41,3152,37.78,21.93,0.0,5.69,70.7
2026-08-20 19:53:41,3153,36.54,29.38,21.09,5.14,73.7
2026-08-20 19:53:41,3154,36.69,8.68,0.0,4.26,65.1
2026-08-20 19:53:41,3155,39.22,9.35,0.0,5.45,70.0
2026-08-20 19:53:41,3156,36.8,59.82,21.8,3.89,66.2
2026-08-20 19:53:41,3157,40.5,9.28,0.0,4.09,75.0
2026-08-20 19:53:41,3158,39.79,23.82,0.0,4.81,67.5
2026-08-20 19:53:41,3159,38.43,30.0,23.16,3.82,76.3
2026-08-20 19:53:41,3160,38.19,10.74,0.0,5.25,59.1
2026-08-20 19:53:41,3161,43.6,6.6,0.0,4.07,76.2
2026-08-20 19:53:41,3162,40.48,71.61,26.15,5.09,67.7
2026-08-20 19:53:41,3163,42.31,8.69,0.0,5.29,66.7
2026-08-20 19:53:41,3164,41.14,25.8,0.0,4.55,76.2
2026-08-20 19:53:41,3165,39.7,31.15,21.19,6.63,72.4
2026-08-20 19:53:41,3166,39.64,8.75,0.0,3.56,75.0
2026-08-20 19:53:41,3167,41.15,11.53,0.0,7.56,57.7
2026-08-20 19:53:41,3168,38.45,66.11,24.61,3.32,71.2
2026-08-20 19:53:41,3169,39.18,8.47,0.0,6.31,67.5
2026-08-20 19:53:41,3170,38.77,21.04,0.0,14.62,100.0
2026-08-20 19:53:41,3171,37.15,33.13,23.78,5.16,70.0
2026-08-20 19:53:41,3172,38.17,7.32,0.0,5.14,77.5
2026-08-20 19:53:41,3173,40.21,11.34,0.0,8.38,73.7
2026-08-20 19:53:41,3174,37.93,50.16,21.89,5.09,72.1
2026-08-20 19:53:41,3175,38.78,7.69,0.0,5.29,74.4
2026-08-20 19:53:41,3176,37.32,33.63,0.0,5.36,70.7
2026-08-20 19:53:41,3177,35.82,30.4,21.03,7.19,71.7
2026-08-20 19:53:41,3178,39.16,8.77,0.0,5.66,75.0
2026-08-20 19:53:41,3179,39.07,7.53,0.0,5.29,65.0
2026-08-20 19:53:41,3180,36.81,52.27,22.74,5.26,73.4
2026-08-20 19:53:41,3181,38.56,7.63,0.0,5.95,59.1
2026-08-20 19:53:41,3182,39.22,18.23,0.0,5.09,65.0
2026-08-20 19:53:42,3183,38.0,33.3,25.48,5.44,77.6
2026-08-20 19:53:42,3184,37.23,27.95,0.0,7.91,73.8
2026-08-20 19:53:42,3185,38.33,10.51,0.0,8.34,73.7
2026-08-20 19:53:42,3186,36.11,41.37,21.64,7.31,70.9
2026-08-20 19:53:42,3187,38.19,10.87,0.0,7.2,59.1
2026-08-20 19:53:42,3188,36.79,36.73,0.0,7.5,73.3
2026-08-20 19:53:42,3189,35.0,41.7,22.21,15.1,70.0
2026-08-20 19:53:42,3190,39.24,7.64,0.0,5.41,100.0
2026-08-20 19:53:42,3191,41.23,9.04,0.0,6.75,65.0
2026-08-20 19:53:42,3192,38.57,61.16,25.1,5.93,72.2
2026-08-20 19:53:42,3193,38.64,9.24,0.0,6.46,60.9
2026-08-20 19:53:42,3194,40.16,11.85,0.0,9.08,75.0
2026-08-20 19:53:42,3195,38.12,31.48,22.68,6.56,74.7
2026-08-20 19:53:42,3196,38.52,7.69,0.0,5.48,61.9
2026-08-20 19:53:42,3197,40.65,8.26,0.0,5.2,70.0
2026-08-20 19:53:42,3198,38.34,50.23,23.91,5.21,70.4
2026-08-20 19:53:42,3199,37.55,19.23,0.0,16.85,67.5
2026-08-20 19:53:42,3200,38.22,10.39,0.0,6.14,70.0
2026-08-20 19:53:42,3201,37.1,31.39,22.65,6.47,73.7
2026-08-20 19:53:42,3202,36.99,11.2,0.0,6.75,73.2
2026-08-20 19:53:42,3203,36.76,8.43,0.0,6.21,59.1
2026-08-20 19:53:42,3204,34.84,49.47,22.25,5.98,75.6
2026-08-20 19:53:42,3205,35.68,8.93,0.0,6.77,73.7
2026-08-20 19:53:42,3206,37.19,12.38,0.0,7.23,66.7
2026-08-20 19:53:42,3207,35.44,31.41,24.12,5.16,67.2
2026-08-20 19:53:42,3208,36.25,7.47,0.0,5.26,75.9
2026-08-20 19:53:42,3209,38.25,9.73,0.0,7.48,61.3
2026-08-20 19:53:42,3210,36.12,52.54,24.11,5.34,65.6
2026-08-20 19:53:42,3211,37.87,7.29,0.0,5.1,75.0
2026-08-20 19:53:43,3212,36.71,29.85,0.0,5.64,82.2
2026-08-20 19:53:43,3213,35.23,28.59,20.0,6.39,69.5
2026-08-20 19:53:43,3214,35.34,8.61,0.0,6.44,75.6
2026-08-20 19:53:43,3215,38.41,7.77,0.0,5.51,78.9
2026-08-20 19:53:43,3216,36.21,52.67,23.17,5.29,70.4
2026-08-20 19:53:43,3217,37.19,9.97,0.0,7.77,70.0
2026-08-20 19:53:43,3218,38.66,14.65,0.0,6.0,61.9
2026-08-20 19:53:43,3219,36.84,31.05,22.42,6.4,74.6
2026-08-20 19:53:43,3220,37.17,7.93,0.0,5.74,68.3
2026-08-20 19:53:43,3221,38.96,10.41,0.0,6.37,63.6
2026-08-20 19:53:43,3222,36.74,54.28,23.93,5.14,80.2
2026-08-20 19:53:43,3223,38.5,9.71,0.0,5.44,95.2
2026-08-20 19:53:43,3224,37.18,33.65,0.0,6.51,81.5
2026-08-20 19:53:43,3225,35.54,33.92,25.0,6.67,76.7
2026-08-20 19:53:43,3226,36.76,7.32,0.0,5.17,75.0
2026-08-20 19:53:43,3227,38.22,10.8,0.0,6.6,70.0
2026-08-20 19:53:43,3228,36.06,40.02,21.19,6.66,73.3
2026-08-20 19:53:43,3229,41.13,7.85,0.0,6.43,80.0
2026-08-20 19:53:43,3230,40.25,19.03,0.0,6.81,67.5
2026-08-20 19:53:43,3231,38.66,29.07,21.74,5.12,73.6
2026-08-20 19:53:43,3232,38.59,7.43,0.0,5.14,63.0
2026-08-20 19:53:43,3233,40.77,8.42,0.0,6.24,75.0
2026-08-20 19:53:43,3234,38.15,60.89,21.3,5.33,70.3
2026-08-20 19:53:43,3235,38.32,7.55,0.0,5.29,65.0
2026-08-20 19:53:43,3236,37.76,23.04,0.0,6.78,72.5
2026-08-20 19:53:43,3237,36.5,31.76,23.28,6.3,73.3
2026-08-20 19:53:43,3238,37.24,7.54,0.0,5.34,61.9
2026-08-20 19:53:43,3239,39.06,10.22,0.0,7.86,65.0
2026-08-20 19:53:43,3240,36.57,65.33,22.22,6.8,70.0
2026-08-20 19:53:43,3241,37.42,8.94,0.0,6.7,65.0
2026-08-20 19:53:43,3242,38.45,13.92,0.0,7.62,75.7
2026-08-20 19:53:44,3243,36.52,34.1,25.79,5.78,66.7
2026-08-20 19:53:44,3244,37.38,9.27,0.0,6.55,65.0
2026-08-20 19:53:44,3245,37.02,8.45,0.0,6.12,72.5
2026-08-20 19:53:44,3246,35.57,37.68,24.36,5.18,70.5
2026-08-20 19:53:44,3247,36.89,11.14,0.0,7.05,65.0
2026-08-20 19:53:44,3248,35.65,36.54,0.0,9.12,70.5
2026-08-20 19:53:44,3249,34.45,30.84,23.54,5.14,73.3
2026-08-20 19:53:44,3250,35.09,8.86,0.0,6.67,65.0
2026-08-20 19:53:44,3251,38.25,7.83,0.0,5.17,75.0
2026-08-20 19:53:44,3252,35.99,55.9,23.23,5.48,70.4
2026-08-20 19:53:44,3253,34.83,19.33,0.0,16.93,73.3
2026-08-20 19:53:44,3254,36.35,7.33,0.0,5.09,73.7
2026-08-20 19:53:44,3255,35.0,35.19,26.23,6.7,71.0
2026-08-20 19:53:44,3256,36.35,8.25,0.0,6.09,65.0
2026-08-20 19:53:44,3257,40.39,9.33,0.0,7.13,80.0
2026-08-20 19:53:44,3258,38.15,51.72,23.08,5.39,70.7
2026-08-20 19:53:44,3259,38.3,6.86,0.0,5.15,65.0
2026-08-20 19:53:44,3260,37.66,22.75,0.0,7.48,70.0
2026-08-20 19:53:44,3261,36.28,33.72,24.11,7.38,72.1
2026-08-20 19:53:44,3262,37.04,9.5,0.0,5.31,75.0
2026-08-20 19:53:44,3263,39.77,9.57,0.0,7.29,73.7
2026-08-20 19:53:44,3264,37.22,63.77,24.2,5.31,69.1
2026-08-20 19:53:44,3265,37.56,8.84,0.0,6.64,70.0
2026-08-20 19:53:44,3266,40.5,7.74,0.0,5.66,73.7
2026-08-20 19:53:44,3267,39.08,29.74,22.47,5.11,71.8
2026-08-20 19:53:44,3268,38.98,7.97,0.0,5.25,66.7
2026-08-20 19:53:44,3269,41.84,7.25,0.0,5.15,70.0
2026-08-20 19:53:44,3270,38.97,67.56,25.7,5.48,74.2
2026-08-20 19:53:44,3271,40.31,7.61,0.0,5.42,60.9
2026-08-20 19:53:45,3272,39.11,27.47,0.0,5.36,70.7
2026-08-20 19:53:45,3273,37.12,32.57,22.83,7.45,69.5
2026-08-20 19:53:45,3274,37.68,8.44,0.0,6.26,76.9
2026-08-20 19:53:45,3275,40.56,7.46,0.0,5.23,63.6
2026-08-20 19:53:45,3276,37.99,58.97,22.5,13.01,75.9
2026-08-20 19:53:45,3277,37.51,9.54,0.0,7.26,65.1
2026-08-20 19:53:45,3278,40.71,7.94,0.0,5.69,66.7
2026-08-20 19:53:45,3279,39.17,32.58,23.91,6.22,79.7
2026-08-20 19:53:45,3280,39.59,7.58,0.0,5.38,72.7
2026-08-20 19:53:45,3281,41.65,8.63,0.0,6.57,85.0
2026-08-20 19:53:45,3282,39.12,53.71,23.35,5.17,70.0
2026-08-20 19:53:45,3283,40.27,10.49,0.0,8.3,70.0
2026-08-20 19:53:45,3284,38.86,33.34,0.0,6.85,73.3
2026-08-20 19:53:45,3285,37.21,29.95,22.39,5.33,76.8
2026-08-20 19:53:45,3286,36.38,17.0,0.0,14.43,91.1
2026-08-20 19:53:45,3287,37.65,13.47,0.0,10.67,95.0
2026-08-20 19:53:45,3288,35.9,39.95,21.24,6.58,80.0
2026-08-20 19:53:45,3289,40.23,9.1,0.0,7.49,65.0
2026-08-20 19:53:45,3290,39.68,18.02,0.0,5.87,67.5
2026-08-20 19:53:45,3291,38.76,29.19,22.14,5.54,70.0
2026-08-20 19:53:45,3292,37.75,22.63,0.0,6.13,65.0
2026-08-20 19:53:45,3293,39.98,7.84,0.0,5.61,80.0
2026-08-20 19:53:45,3294,37.48,58.28,22.0,6.13,73.2
2026-08-20 19:53:45,3295,39.76,10.88,0.0,8.6,60.9
2026-08-20 19:53:45,3296,38.18,37.2,0.0,6.95,65.9
2026-08-20 19:53:45,3297,36.75,32.07,23.44,5.63,70.5
2026-08-20 19:53:45,3298,36.89,10.23,0.0,8.07,67.5
2026-08-20 19:53:45,3299,40.22,9.04,0.0,6.77,75.0
2026-08-20 19:53:45,3300,37.61,63.61,24.04,7.43,72.8
2026-08-20 19:53:45,3301,37.88,9.09,0.0,6.12,71.8
2026-08-20 19:53:45,3302,41.3,7.94,0.0,5.68,76.2
2026-08-20 19:53:46,3303,40.06,30.94,22.18,6.18,74.4
2026-08-20 19:53:46,3304,39.22,26.12,0.0,7.89,66.7
2026-08-20 19:53:46,3305,43.39,7.95,0.0,5.68,71.4
2026-08-20 19:53:46,3306,40.43,64.4,21.88,6.52,76.2
2026-08-20 19:53:46,3307,40.96,7.52,0.0,5.28,67.5
2026-08-20 19:53:46,3308,39.77,26.36,0.0,6.16,70.0
2026-08-20 19:53:46,3309,38.51,31.16,22.75,6.24,76.3
2026-08-20 19:53:46,3310,38.47,20.11,0.0,5.2,68.3
2026-08-20 19:53:46,3311,40.88,9.89,0.0,7.43,66.7
2026-08-20 19:53:46,3312,38.19,65.76,22.85,6.71,71.2
2026-08-20 19:53:46,3313,39.0,8.83,0.0,6.67,71.8
2026-08-20 19:53:46,3314,40.09,12.97,0.0,7.7,76.2
2026-08-20 19:53:46,3315,37.98,34.54,26.1,5.78,75.8
2026-08-20 19:53:46,3316,38.99,7.34,0.0,5.18,67.6
2026-08-20 19:53:46,3317,41.07,8.48,0.0,6.29,78.9
2026-08-20 19:53:46,3318,38.65,51.76,22.4,5.16,75.0
2026-08-20 19:53:46,3319,40.13,7.4,0.0,5.34,59.1
2026-08-20 19:53:46,3320,38.5,33.94,0.0,6.77,67.2
2026-08-20 19:53:46,3321,36.87,30.88,23.38,5.39,76.2
2026-08-20 19:53:46,3322,37.33,7.59,0.0,5.4,77.5
2026-08-20 19:53:46,3323,39.85,7.51,0.0,5.27,65.0
2026-08-20 19:53:46,3324,37.39,61.1,24.1,6.63,70.0
2026-08-20 19:53:46,3325,39.65,9.65,0.0,7.31,65.0
2026-08-20 19:53:46,3326,40.18,16.34,0.0,7.2,74.4
2026-08-20 19:53:46,3327,38.33,31.42,22.1,7.17,73.2
2026-08-20 19:53:46,3328,38.64,7.6,0.0,5.32,73.1
2026-08-20 19:53:46,3329,40.23,10.41,0.0,7.89,65.0
2026-08-20 19:53:46,3330,37.74,59.38,24.17,6.02,71.6
2026-08-20 19:53:46,3331,37.48,9.44,0.0,7.13,56.0
2026-08-20 19:53:47,3332,37.55,19.52,0.0,7.32,73.2
2026-08-20 19:53:47,3333,36.11,30.55,23.35,5.25,74.1
2026-08-20 19:53:47,3334,36.44,9.18,0.0,6.46,68.2
2026-08-20 19:53:47,3335,38.27,11.98,0.0,6.55,74.4
2026-08-20 19:53:47,3336,36.03,58.91,21.27,7.42,71.8
2026-08-20 19:53:47,3337,36.07,8.86,0.0,6.28,56.5
2026-08-20 19:53:47,3338,37.78,11.64,0.0,8.3,80.0
2026-08-20 19:53:47,3339,36.03,30.84,22.93,3.8,68.3
2026-08-20 19:53:47,3340,36.66,6.97,0.0,3.71,56.5
2026-08-20 19:53:47,3341,38.36,9.64,0.0,4.27,72.7
2026-08-20 19:53:47,3342,36.29,35.12,21.64,5.34,70.0
2026-08-20 19:53:47,3343,38.22,7.23,0.0,3.81,70.0
2026-08-20 19:53:47,3344,37.13,28.2,0.0,5.11,75.9
2026-08-20 19:53:47,3345,35.62,28.6,21.45,3.93,63.0
2026-08-20 19:53:47,3346,35.44,10.61,0.0,7.25,70.0
2026-08-20 19:53:47,3347,38.33,10.2,0.0,7.09,80.0
2026-08-20 19:53:47,3348,36.15,54.69,23.87,3.7,72.8
2026-08-20 19:53:47,3349,38.61,7.13,0.0,4.01,65.0
2026-08-20 19:53:47,3350,38.74,16.45,0.0,4.11,75.0
2026-08-20 19:53:47,3351,36.98,31.98,21.88,6.91,68.3
2026-08-20 19:53:47,3352,37.71,7.57,0.0,4.37,65.0
2026-08-20 19:53:47,3353,39.67,9.55,0.0,6.17,80.0
2026-08-20 19:53:47,3354,37.3,55.74,22.84,3.85,74.7
2026-08-20 19:53:47,3355,40.12,9.14,0.0,5.67,71.4
2026-08-20 19:53:47,3356,38.26,40.27,0.0,5.73,71.7
2026-08-20 19:53:47,3357,36.93,33.33,24.46,5.41,73.8
2026-08-20 19:53:47,3358,36.32,17.73,0.0,13.45,67.5
2026-08-20 19:53:47,3359,37.44,8.24,0.0,5.08,70.0
2026-08-20 19:53:47,3360,35.64,43.79,18.95,4.28,73.3
2026-08-20 19:53:47,3361,35.79,8.2,0.0,4.98,56.0
2026-08-20 19:53:47,3362,38.31,8.59,0.0,4.36,70.0
2026-08-20 19:53:48,3363,37.11,30.57,23.25,4.19,77.6
2026-08-20 19:53:48,3364,36.93,21.99,0.0,4.66,64.3
2026-08-20 19:53:48,3365,41.79,7.07,0.0,4.03,0.0
2026-08-20 19:53:48,3366,38.99,63.77,23.32,4.12,71.7
2026-08-20 19:53:48,3367,39.4,6.94,0.0,3.75,74.3
2026-08-20 19:53:48,3368,38.42,25.25,0.0,5.03,63.0
2026-08-20 19:53:48,3369,37.13,33.41,25.62,4.68,80.0
2026-08-20 19:53:48,3370,36.4,18.9,0.0,10.27,82.9
2026-08-20 19:53:48,3371,37.62,7.99,0.0,3.79,75.0
2026-08-20 19:53:48,3372,35.65,47.78,22.57,3.95,70.5
2026-08-20 19:53:48,3373,36.23,9.4,0.0,5.99,71.8
2026-08-20 19:53:48,3374,37.61,13.39,0.0,5.03,70.0
2026-08-20 19:53:48,3375,35.82,32.34,24.32,4.13,72.1
2026-08-20 19:53:48,3376,36.47,7.91,0.0,4.72,72.5
2026-08-20 19:53:48,3377,38.67,9.51,0.0,6.09,80.0
2026-08-20 19:53:48,3378,36.44,54.67,22.91,4.62,72.5
2026-08-20 19:53:48,3379,38.87,7.15,0.0,3.98,71.4
2026-08-20 19:53:48,3380,37.61,29.77,0.0,5.27,74.4
2026-08-20 19:53:48,3381,36.46,33.2,25.54,4.24,68.9
2026-08-20 19:53:48,3382,36.95,13.12,0.0,3.91,70.0
2026-08-20 19:53:48,3383,37.01,8.31,0.0,4.51,70.0
2026-08-20 19:53:48,3384,34.88,55.9,25.49,4.31,71.2
2026-08-20 19:53:48,3385,37.82,7.49,0.0,3.78,65.0
2026-08-20 19:53:48,3386,38.35,15.02,0.0,4.8,72.5
2026-08-20 19:53:48,3387,36.16,43.98,25.53,14.8,68.8
2026-08-20 19:53:48,3388,40.69,8.31,0.0,5.12,0.0
2026-08-20 19:53:48,3389,42.86,8.77,0.0,4.23,65.0
2026-08-20 19:53:48,3390,40.19,54.57,21.94,4.26,66.7
2026-08-20 19:53:48,3391,42.17,8.22,0.0,4.72,65.0
2026-08-20 19:53:49,3392,40.36,34.41,0.0,6.03,73.8
2026-08-20 19:53:49,3393,38.25,38.15,20.48,13.62,70.0
2026-08-20 19:53:49,3394,39.83,8.19,0.0,5.07,81.1
2026-08-20 19:53:49,3395,43.63,9.88,0.0,5.98,25.0
2026-08-20 19:53:49,3396,40.79,55.71,22.75,4.82,73.5
2026-08-20 19:53:49,3397,43.59,7.23,0.0,4.28,0.0
2026-08-20 19:53:49,3398,42.6,21.41,0.0,5.5,68.3
2026-08-20 19:53:49,3399,40.59,33.73,25.68,5.08,75.4
2026-08-20 19:53:49,3400,41.22,7.96,0.0,5.12,75.6
2026-08-20 19:53:49,3401,43.0,9.51,0.0,6.5,73.7
2026-08-20 19:53:49,3402,40.31,55.72,19.2,4.47,68.8
2026-08-20 19:53:49,3403,42.26,8.48,0.0,5.49,73.7
2026-08-20 19:53:49,3404,40.2,38.47,0.0,5.62,67.7
2026-08-20 19:53:49,3405,38.57,32.87,21.87,6.5,80.0
2026-08-20 19:53:49,3406,39.15,7.33,0.0,4.39,69.2
2026-08-20 19:53:49,3407,40.87,9.53,0.0,5.7,75.0
2026-08-20 19:53:49,3408,38.34,57.79,21.29,4.46,69.6
2026-08-20 19:53:49,3409,41.79,8.56,0.0,5.53,71.4
2026-08-20 19:53:49,3410,40.96,22.85,0.0,4.81,65.9
2026-08-20 19:53:49,3411,39.28,32.34,25.4,3.89,73.8
2026-08-20 19:53:49,3412,39.79,6.7,0.0,3.8,80.0
2026-08-20 19:53:49,3413,42.02,7.5,0.0,4.35,89.5
2026-08-20 19:53:49,3414,39.17,65.71,22.12,5.56,71.8
2026-08-20 19:53:49,3415,39.92,7.16,0.0,4.05,65.0
2026-08-20 19:53:49,3416,39.08,23.24,0.0,5.14,70.0
2026-08-20 19:53:49,3417,37.76,30.02,21.84,5.06,80.0
2026-08-20 19:53:49,3418,37.72,8.78,0.0,4.29,50.0
2026-08-20 19:53:49,3419,40.02,9.74,0.0,5.74,65.0
2026-08-20 19:53:49,3420,37.46,63.07,22.53,4.35,69.4
2026-08-20 19:53:49,3421,37.49,10.02,0.0,5.34,63.6
2026-08-20 19:53:49,3422,39.71,10.75,0.0,5.51,78.9
2026-08-20 19:53:50,3423,38.64,29.3,22.29,3.89,70.7
2026-08-20 19:53:50,3424,38.05,11.75,0.0,5.6,67.5
2026-08-20 19:53:50,3425,36.97,16.87,0.0,13.17,68.3
2026-08-20 19:53:50,3426,35.33,33.66,24.82,3.91,71.7
2026-08-20 19:53:50,3427,36.53,6.78,0.0,3.76,79.4
2026-08-20 19:53:50,3428,35.54,28.92,0.0,4.82,68.8
2026-08-20 19:53:50,3429,34.16,26.94,19.02,4.81,74.6
2026-08-20 19:53:50,3430,38.41,7.94,0.0,3.87,66.7
2026-08-20 19:53:50,3431,40.52,9.2,0.0,5.19,70.0
2026-08-20 19:53:50,3432,37.79,68.94,22.86,6.19,71.9
2026-08-20 19:53:50,3433,39.37,8.19,0.0,5.01,68.0
2026-08-20 19:53:50,3434,40.77,10.93,0.0,4.79,70.0
2026-08-20 19:53:50,3435,39.21,34.62,26.02,5.56,78.9
2026-08-20 19:53:50,3436,39.03,14.35,0.0,5.39,56.5
2026-08-20 19:53:50,3437,45.03,7.31,0.0,4.53,68.4
2026-08-20 19:53:50,3438,41.85,68.37,24.88,4.44,68.6
2026-08-20 19:53:50,3439,42.97,8.25,0.0,4.52,75.0
2026-08-20 19:53:50,3440,41.35,30.07,0.0,5.0,70.7
2026-08-20 19:53:50,3441,39.41,28.64,20.96,4.53,68.3
2026-08-20 19:53:50,3442,38.25,17.49,0.0,13.5,77.6
2026-08-20 19:53:50,3443,38.95,8.11,0.0,5.07,59.1
2026-08-20 19:53:50,3444,37.15,39.85,23.49,4.13,77.0
2026-08-20 19:53:50,3445,39.98,7.12,0.0,4.09,65.0
2026-08-20 19:53:50,3446,40.13,19.27,0.0,3.86,80.0
2026-08-20 19:53:50,3447,38.05,35.54,24.85,6.82,63.1
2026-08-20 19:53:50,3448,39.38,6.99,0.0,3.92,65.0
2026-08-20 19:53:50,3449,41.18,8.94,0.0,5.65,65.0
2026-08-20 19:53:50,3450,38.37,69.34,21.56,13.55,71.0
2026-08-20 19:53:50,3451,40.05,9.01,0.0,5.77,70.0
2026-08-20 19:53:51,3452,39.67,20.49,0.0,5.56,73.2
2026-08-20 19:53:51,3453,37.8,36.23,25.58,4.58,72.4
2026-08-20 19:53:51,3454,39.41,6.73,0.0,3.76,63.6
2026-08-20 19:53:51,3455,41.29,8.41,0.0,5.41,70.0
2026-08-20 19:53:51,3456,38.67,58.56,24.31,5.2,70.1
2026-08-20 19:53:51,3457,38.14,9.09,0.0,5.92,69.2
2026-08-20 19:53:51,3458,41.21,7.55,0.0,4.27,0.0
2026-08-20 19:53:51,3459,39.53,32.39,23.47,5.62,71.7
2026-08-20 19:53:51,3460,39.83,7.98,0.0,4.92,71.8
2026-08-20 19:53:51,3461,41.8,9.3,0.0,6.35,66.7
2026-08-20 19:53:51,3462,39.12,59.62,22.72,4.88,70.9
2026-08-20 19:53:51,3463,42.98,8.54,0.0,5.47,90.5
2026-08-20 19:53:51,3464,40.48,47.7,0.0,12.81,67.7
2026-08-20 19:53:51,3465,38.52,32.58,24.58,4.87,73.8
2026-08-20 19:53:51,3466,39.04,7.89,0.0,4.91,72.5
2026-08-20 19:53:51,3467,40.63,10.14,0.0,5.12,65.0
2026-08-20 19:53:51,3468,38.51,45.56,25.16,4.4,72.9
2026-08-20 19:53:51,3469,38.3,9.55,0.0,5.97,70.0
2026-08-20 19:53:51,3470,40.6,9.85,0.0,6.44,85.0
2026-08-20 19:53:51,3471,39.47,28.9,21.78,4.14,71.8
2026-08-20 19:53:51,3472,38.25,18.7,0.0,11.47,77.4
2026-08-20 19:53:51,3473,39.47,6.87,0.0,3.96,61.9
2026-08-20 19:53:51,3474,37.32,46.56,22.65,3.8,71.0
2026-08-20 19:53:51,3475,37.67,8.0,0.0,5.04,82.5
2026-08-20 19:53:51,3476,36.88,26.08,0.0,4.93,72.5
2026-08-20 19:53:51,3477,35.94,31.45,21.09,5.21,76.2
2026-08-20 19:53:51,3478,35.85,12.01,0.0,4.91,67.5
2026-08-20 19:53:51,3479,35.83,8.58,0.0,5.01,67.5
2026-08-20 19:53:51,3480,33.89,53.65,24.61,5.0,67.5
2026-08-20 19:53:51,3481,36.06,8.04,0.0,4.2,65.0
2026-08-20 19:53:51,3482,37.47,11.99,0.0,4.5,65.0
2026-08-20 19:53:52,3483,35.59,33.6,23.62,5.6,72.5
2026-08-20 19:53:52,3484,36.73,6.81,0.0,3.81,65.0
2026-08-20 19:53:52,3485,39.18,7.67,0.0,4.59,70.0
2026-08-20 19:53:52,3486,36.97,50.15,20.92,4.12,70.0
2026-08-20 19:53:52,3487,38.0,7.32,0.0,4.26,65.0
2026-08-20 19:53:52,3488,36.91,28.46,0.0,5.43,68.3
2026-08-20 19:53:52,3489,35.36,29.29,19.79,5.99,76.4
2026-08-20 19:53:52,3490,35.69,7.71,0.0,4.34,52.0
2026-08-20 19:53:52,3491,38.17,8.07,0.0,5.21,75.0
2026-08-20 19:53:52,3492,36.0,56.18,21.5,4.32,68.8
2026-08-20 19:53:52,3493,38.22,6.95,0.0,3.74,70.0
2026-08-20 19:53:52,3494,38.1,18.53,0.0,4.32,75.6
2026-08-20 19:53:52,3495,36.43,33.1,25.07,4.08,73.3
2026-08-20 19:53:52,3496,37.32,7.22,0.0,4.03,75.0
2026-08-20 19:53:52,3497,38.92,10.47,0.0,5.5,62.5
2026-08-20 19:53:52,3498,36.66,55.86,22.69,4.03,71.4
2026-08-20 19:53:52,3499,39.39,9.43,0.0,5.66,60.0
2026-08-20 19:53:52,3500,37.77,37.24,0.0,4.38,65.9
2026-08-20 19:53:52,3501,36.53,28.61,20.11,4.95,74.1
2026-08-20 19:53:52,3502,36.57,8.68,0.0,4.53,69.8
2026-08-20 19:53:52,3503,38.98,9.55,0.0,6.54,80.0
2026-08-20 19:53:52,3504,36.59,60.06,20.53,6.27,68.4
2026-08-20 19:53:52,3505,36.8,7.37,0.0,3.85,70.0
2026-08-20 19:53:52,3506,39.55,6.96,0.0,3.74,70.0
2026-08-20 19:53:52,3507,38.65,29.11,20.45,4.96,70.0
2026-08-20 19:53:52,3508,37.71,25.88,0.0,5.42,79.1
2026-08-20 19:53:52,3509,41.83,7.03,0.0,3.76,70.0
2026-08-20 19:53:52,3510,39.1,59.86,22.13,3.85,69.6
2026-08-20 19:53:52,3511,38.96,7.59,0.0,4.28,68.3
2026-08-20 19:53:53,3512,38.16,24.37,0.0,4.96,71.1
2026-08-20 19:53:53,3513,37.1,28.72,20.89,3.73,70.7
2026-08-20 19:53:53,3514,36.82,10.83,0.0,4.42,65.9
2026-08-20 19:53:53,3515,40.68,8.55,0.0,5.28,70.0
2026-08-20 19:53:53,3516,37.86,72.64,21.05,13.16,73.0
2026-08-20 19:53:53,3517,40.72,8.2,0.0,4.99,65.0
2026-08-20 19:53:53,3518,42.55,9.08,0.0,4.0,66.7
2026-08-20 19:53:53,3519,40.83,32.54,24.72,4.34,70.0
2026-08-20 19:53:53,3520,40.46,11.48,0.0,4.49,68.4
2026-08-20 19:53:53,3521,44.77,7.48,0.0,4.31,66.7
2026-08-20 19:53:53,3522,41.59,68.77,22.23,5.31,68.0
2026-08-20 19:53:53,3523,43.22,7.05,0.0,3.84,70.0
2026-08-20 19:53:53,3524,41.64,27.84,0.0,4.79,75.0
2026-08-20 19:53:53,3525,39.46,32.54,21.27,7.83,71.2
2026-08-20 19:53:53,3526,40.23,6.68,0.0,4.04,61.9
2026-08-20 19:53:53,3527,41.9,8.57,0.0,4.6,70.0
2026-08-20 19:53:53,3528,39.27,57.78,25.8,3.8,70.9
2026-08-20 19:53:53,3529,42.28,8.24,0.0,4.78,66.7
2026-08-20 19:53:53,3530,41.62,20.74,0.0,6.29,82.9
2026-08-20 19:53:53,3531,39.78,31.66,22.15,6.22,69.5
2026-08-20 19:53:53,3532,40.03,7.38,0.0,4.24,71.4
2026-08-20 19:53:53,3533,42.1,8.37,0.0,5.13,80.0
2026-08-20 19:53:53,3534,39.5,54.58,20.45,3.9,71.2
2026-08-20 19:53:53,3535,41.44,8.5,0.0,5.04,65.0
2026-08-20 19:53:53,3536,39.54,37.64,0.0,5.08,68.3
2026-08-20 19:53:53,3537,38.09,30.47,21.85,4.56,68.3
2026-08-20 19:53:53,3538,38.48,8.28,0.0,5.06,65.0
2026-08-20 19:53:53,3539,40.73,9.11,0.0,5.17,65.0
2026-08-20 19:53:53,3540,38.17,59.4,22.05,4.0,70.4
2026-08-20 19:53:53,3541,37.88,9.2,0.0,5.3,60.9
2026-08-20 19:53:53,3542,40.85,7.98,0.0,4.84,75.0
2026-08-20 19:53:54,3543,39.39,30.05,22.89,3.96,74.1
2026-08-20 19:53:54,3544,39.13,9.23,0.0,5.96,72.2
2026-08-20 19:53:54,3545,42.5,6.98,0.0,4.2,16.7
2026-08-20 19:53:54,3546,39.64,63.01,21.44,5.28,72.0
2026-08-20 19:53:54,3547,39.45,9.57,0.0,5.36,69.2
2026-08-20 19:53:54,3548,38.6,26.42,0.0,5.18,71.1
2026-08-20 19:53:54,3549,37.63,29.04,21.4,3.78,72.5
2026-08-20 19:53:54,3550,37.09,12.03,0.0,5.63,76.7
2026-08-20 19:53:54,3551,41.43,8.95,0.0,5.69,75.0
2026-08-20 19:53:54,3552,38.6,69.17,26.79,4.08,72.3
2026-08-20 19:53:54,3553,40.09,8.28,0.0,4.94,75.0
2026-08-20 19:53:54,3554,42.12,8.82,0.0,3.8,70.0
2026-08-20 19:53:54,3555,40.4,32.97,25.55,4.15,72.1
2026-08-20 19:53:54,3556,40.33,10.14,0.0,3.95,67.5
2026-08-20 19:53:54,3557,43.37,8.31,0.0,4.96,72.2
2026-08-20 19:53:54,3558,40.39,66.42,21.91,5.11,73.1
2026-08-20 19:53:54,3559,41.0,7.94,0.0,4.75,65.0
2026-08-20 19:53:54,3560,39.76,27.47,0.0,3.87,67.5
2026-08-20 19:53:54,3561,38.65,30.25,23.17,3.89,71.9
2026-08-20 19:53:54,3562,38.28,11.87,0.0,3.71,60.9
2026-08-20 19:53:54,3563,42.58,8.94,0.0,4.77,80.0
2026-08-20 19:53:54,3564,39.58,72.41,27.37,3.83,69.0
2026-08-20 19:53:54,3565,42.32,7.32,0.0,4.02,65.0
2026-08-20 19:53:54,3566,42.37,15.08,0.0,3.98,73.7
2026-08-20 19:53:54,3567,40.04,35.56,25.9,4.55,67.2
2026-08-20 19:53:54,3568,41.06,8.49,0.0,5.42,61.9
2026-08-20 19:53:54,3569,42.41,11.12,0.0,6.12,79.4
2026-08-20 19:53:54,3570,39.91,52.8,21.46,4.16,64.1
2026-08-20 19:53:54,3571,41.02,9.3,0.0,5.47,59.1
2026-08-20 19:53:55,3572,39.21,37.59,0.0,5.16,73.3
2026-08-20 19:53:55,3573,37.93,28.35,21.59,3.78,74.1
2026-08-20 19:53:55,3574,38.76,18.07,0.0,4.83,63.6
2026-08-20 19:53:55,3575,39.18,9.57,0.0,6.58,90.9
2026-08-20 19:53:55,3576,36.87,57.11,22.5,4.21,68.6
2026-08-20 19:53:55,3577,36.65,8.42,0.0,5.04,61.9
2026-08-20 19:53:55,3578,39.55,7.66,0.0,4.15,75.0
2026-08-20 19:53:55,3579,37.96,33.93,26.5,4.17,80.0
2026-08-20 19:53:55,3580,38.95,7.61,0.0,4.47,70.0
2026-08-20 19:53:55,3581,41.57,7.66,0.0,4.14,75.0
2026-08-20 19:53:55,3582,38.78,64.7,24.41,5.15,70.0
2026-08-20 19:53:55,3583,39.82,7.01,0.0,3.91,65.0
2026-08-20 19:53:55,3584,38.52,28.74,0.0,4.79,70.0
2026-08-20 19:53:55,3585,36.65,32.42,23.84,5.26,68.3
2026-08-20 19:53:55,3586,37.01,9.73,0.0,5.55,73.7
2026-08-20 19:53:55,3587,40.22,8.04,0.0,4.42,66.7
2026-08-20 19:53:55,3588,37.92,50.31,22.99,3.8,68.4
2026-08-20 19:53:55,3589,38.53,9.0,0.0,6.34,69.2
2026-08-20 19:53:55,3590,39.98,12.39,0.0,5.2,78.9
2026-08-20 19:53:55,3591,38.02,29.49,21.94,4.08,68.9
2026-08-20 19:53:55,3592,37.01,17.26,0.0,13.35,76.2
2026-08-20 19:53:55,3593,38.0,7.03,0.0,3.85,69.2
2026-08-20 19:53:55,3594,36.49,34.66,20.53,4.81,73.2
2026-08-20 19:53:55,3595,37.74,7.04,0.0,3.82,71.8
2026-08-20 19:53:55,3596,36.63,29.11,0.0,4.98,75.0
2026-08-20 19:53:55,3597,35.98,28.83,22.13,3.91,81.4
2026-08-20 19:53:55,3598,35.66,13.85,0.0,3.76,70.0
2026-08-20 19:53:55,3599,39.89,9.13,0.0,6.04,65.0
2026-08-20 19:53:55,3600,37.23,70.36,24.52,4.61,69.7
2026-08-20 19:53:55,3601,40.95,7.95,0.0,4.33,68.2
2026-08-20 19:53:55,3602,40.44,18.13,0.0,3.95,73.0
2026-08-20 19:53:56,3603,38.69,29.77,21.48,5.12,65.9
2026-08-20 19:53:56,3604,39.54,15.18,0.0,4.79,87.5
2026-08-20 19:53:56,3605,40.07,9.74,0.0,5.81,70.0
2026-08-20 19:53:56,3606,37.58,60.82,24.56,5.81,74.7
2026-08-20 19:53:56,3607,37.69,7.17,0.0,4.01,67.5
2026-08-20 19:53:56,3608,37.26,20.98,0.0,5.87,75.0
2026-08-20 19:53:56,3609,35.84,32.46,25.37,3.91,70.0
2026-08-20 19:53:56,3610,36.71,6.91,0.0,3.74,65.0
2026-08-20 19:53:56,3611,38.92,8.41,0.0,5.0,65.0
2026-08-20 19:53:56,3612,36.56,57.8,20.27,5.35,69.1
2026-08-20 19:53:56,3613,41.69,7.72,0.0,4.77,85.0
2026-08-20 19:53:56,3614,40.86,20.36,0.0,4.26,70.7
2026-08-20 19:53:56,3615,39.25,30.95,23.71,4.12,77.6
2026-08-20 19:53:56,3616,39.16,8.94,0.0,4.79,59.1
2026-08-20 19:53:56,3617,42.67,7.07,0.0,3.68,65.0
2026-08-20 19:53:56,3618,39.81,61.78,22.86,3.85,74.7
2026-08-20 19:53:56,3619,39.86,7.72,0.0,4.22,50.0
2026-08-20 19:53:56,3620,39.03,23.95,0.0,3.92,67.5
2026-08-20 19:53:56,3621,37.64,32.78,24.75,3.88,68.3
2026-08-20 19:53:56,3622,37.48,12.41,0.0,6.13,73.7
2026-08-20 19:53:56,3623,37.16,11.11,0.0,7.66,60.9
2026-08-20 19:53:56,3624,35.36,47.46,19.7,4.28,73.1
2026-08-20 19:53:56,3625,35.68,9.37,0.0,5.22,67.9
2026-08-20 19:53:56,3626,35.62,7.69,0.0,4.16,67.6
2026-08-20 19:53:56,3627,34.55,31.84,23.87,4.84,72.9
2026-08-20 19:53:56,3628,35.18,8.3,0.0,5.16,61.9
2026-08-20 19:53:56,3629,37.43,10.05,0.0,6.09,77.8
2026-08-20 19:53:56,3630,35.26,57.48,26.09,5.21,78.5
2026-08-20 19:53:56,3631,38.25,9.79,0.0,6.65,66.7
2026-08-20 19:53:57,3632,37.11,31.59,0.0,5.22,68.3
2026-08-20 19:53:57,3633,35.48,31.63,23.93,4.65,70.5
2026-08-20 19:53:57,3634,36.25,6.83,0.0,4.24,74.4
2026-08-20 19:53:57,3635,40.7,9.46,0.0,5.57,0.0
2026-08-20 19:53:57,3636,38.22,50.86,20.98,3.77,71.2
2026-08-20 19:53:57,3637,37.61,17.96,0.0,14.01,72.5
2026-08-20 19:53:57,3638,38.23,9.29,0.0,5.02,71.8
2026-08-20 19:53:57,3639,37.05,31.11,22.9,5.08,73.2
2026-08-20 19:53:57,3640,37.54,6.98,0.0,3.76,70.0
2026-08-20 19:53:57,3641,39.18,9.97,0.0,4.62,65.0
2026-08-20 19:53:57,3642,36.89,55.53,23.22,3.88,72.2
2026-08-20 19:53:57,3643,39.52,8.33,0.0,4.1,63.6
2026-08-20 19:53:57,3644,37.9,35.69,0.0,4.71,70.0
2026-08-20 19:53:57,3645,36.56,28.6,21.83,3.73,75.0
2026-08-20 19:53:57,3646,36.47,8.66,0.0,5.52,68.3
2026-08-20 19:53:57,3647,38.56,10.57,0.0,4.45,70.0
2026-08-20 19:53:57,3648,36.34,55.74,21.3,5.28,69.1
2026-08-20 19:53:57,3649,40.8,7.48,0.0,4.9,75.0
2026-08-20 19:53:57,3650,40.08,19.17,0.0,5.08,70.7
2026-08-20 19:53:57,3651,38.48,29.87,23.12,3.66,67.5
2026-08-20 19:53:57,3652,38.37,9.57,0.0,5.51,73.8
2026-08-20 19:53:57,3653,42.82,6.73,0.0,3.82,80.0
2026-08-20 19:53:57,3654,39.67,78.7,22.15,5.48,74.8
2026-08-20 19:53:57,3655,39.87,7.36,0.0,3.91,56.0
2026-08-20 19:53:57,3656,41.74,8.44,0.0,5.25,70.0
2026-08-20 19:53:57,3657,40.15,31.13,22.9,5.11,77.8
2026-08-20 19:53:57,3658,39.96,9.13,0.0,5.96,51.9
2026-08-20 19:53:57,3659,41.67,11.28,0.0,6.18,70.0
2026-08-20 19:53:57,3660,39.08,58.84,19.45,4.18,71.6
2026-08-20 19:53:57,3661,43.27,8.15,0.0,4.88,0.0
2026-08-20 19:53:57,3662,42.02,25.07,0.0,3.83,67.5
2026-08-20 19:53:58,3663,40.54,29.87,21.49,5.16,76.3
2026-08-20 19:53:58,3664,39.67,13.25,0.0,5.12,67.5
2026-08-20 19:53:58,3665,39.49,9.17,0.0,5.97,66.7
2026-08-20 19:53:58,3666,36.83,70.62,24.76,5.44,71.0
2026-08-20 19:53:58,3667,39.33,8.16,0.0,4.84,75.0
2026-08-20 19:53:58,3668,40.02,13.9,0.0,3.76,71.8
2026-08-20 19:53:58,3669,38.19,28.98,20.83,4.34,71.7
2026-08-20 19:53:58,3670,38.45,6.51,0.0,3.76,61.9
2026-08-20 19:53:58,3671,40.63,7.48,0.0,4.2,75.0
2026-08-20 19:53:58,3672,38.21,52.25,22.13,4.02,69.1
2026-08-20 19:53:58,3673,38.99,10.01,0.0,6.92,71.8
2026-08-20 19:53:58,3674,39.22,18.76,0.0,5.31,71.4
2026-08-20 19:53:58,3675,37.51,31.89,21.75,6.0,70.0
2026-08-20 19:53:58,3676,38.2,7.4,0.0,4.19,75.0
2026-08-20 19:53:58,3677,40.55,8.13,0.0,4.27,68.0
2026-08-20 19:53:58,3678,37.77,70.75,19.35,5.2,70.0
2026-08-20 19:53:58,3679,39.77,8.49,0.0,5.18,73.7
2026-08-20 19:53:58,3680,39.6,18.83,0.0,4.44,63.6
2026-08-20 19:53:58,3681,37.84,31.93,25.11,3.75,73.3
2026-08-20 19:53:58,3682,38.38,7.21,0.0,3.99,85.0
2026-08-20 19:53:58,3683,40.28,9.19,0.0,4.0,65.0
2026-08-20 19:53:58,3684,37.9,53.99,20.35,4.2,72.2
2026-08-20 19:53:58,3685,37.81,16.92,0.0,13.39,78.9
2026-08-20 19:53:58,3686,38.64,7.04,0.0,3.96,73.9
2026-08-20 19:53:58,3687,37.31,30.52,22.15,5.15,83.3
2026-08-20 19:53:58,3688,37.64,7.15,0.0,3.79,75.0
2026-08-20 19:53:58,3689,40.02,7.97,0.0,4.85,65.0
2026-08-20 19:53:58,3690,37.22,74.9,22.68,5.11,67.3
2026-08-20 19:53:58,3691,40.37,9.04,0.0,5.76,70.0
2026-08-20 19:53:59,3692,40.14,22.41,0.0,3.96,70.0
2026-08-20 19:53:59,3693,38.28,33.44,24.66,3.89,70.0
2026-08-20 19:53:59,3694,39.11,7.14,0.0,3.95,65.0
2026-08-20 19:53:59,3695,41.27,8.11,0.0,4.43,70.0
2026-08-20 19:53:59,3696,38.67,57.26,23.31,3.96,73.7
2026-08-20 19:53:59,3697,41.79,7.78,0.0,4.55,0.0
2026-08-20 19:53:59,3698,41.32,19.25,0.0,4.87,67.5
2026-08-20 19:53:59,3699,39.47,31.1,22.66,5.04,71.7
2026-08-20 19:53:59,3700,40.04,16.27,0.0,4.02,66.7
2026-08-20 19:53:59,3701,41.38,8.44,0.0,5.2,80.6
2026-08-20 19:53:59,3702,38.44,75.88,20.35,5.51,68.0
2026-08-20 19:53:59,3703,38.32,7.18,0.0,3.98,70.7
2026-08-20 19:53:59,3704,40.85,11.61,0.0,4.72,73.7
2026-08-20 19:53:59,3705,39.29,31.54,22.84,5.38,76.9
2026-08-20 19:53:59,3706,39.5,8.65,0.0,5.13,65.9
2026-08-20 19:53:59,3707,41.83,8.99,0.0,4.96,78.9
2026-08-20 19:53:59,3708,39.06,63.99,25.1,4.46,67.1
2026-08-20 19:53:59,3709,39.17,9.31,0.0,5.64,77.5
2026-08-20 19:53:59,3710,41.31,9.89,0.0,4.68,95.5
2026-08-20 19:53:59,3711,39.93,30.14,21.73,4.32,71.8
2026-08-20 19:53:59,3712,39.84,8.76,0.0,5.34,80.5
2026-08-20 19:53:59,3713,42.45,7.94,0.0,3.91,75.0
2026-08-20 19:53:59,3714,39.25,87.61,26.88,6.49,86.4
2026-08-20 19:53:59,3715,41.7,9.09,0.0,5.48,63.6
2026-08-20 19:53:59,3716,42.7,12.41,0.0,5.83,71.4
2026-08-20 19:53:59,3717,41.24,32.0,22.12,6.23,80.3
2026-08-20 19:53:59,3718,40.99,10.84,0.0,4.63,80.0
2026-08-20 19:53:59,3719,44.2,8.96,0.0,5.82,95.2
2026-08-20 19:53:59,3720,41.17,65.29,21.69,4.21,69.0
2026-08-20 19:53:59,3721,41.64,8.06,0.0,4.41,70.0
2026-08-20 19:53:59,3722,42.24,13.62,0.0,4.42,65.0
2026-08-20 19:54:00,3723,39.89,34.86,22.95,8.32,75.0
2026-08-20 19:54:00,3724,40.78,8.35,0.0,5.24,61.9
2026-08-20 19:54:00,3725,42.87,9.1,0.0,3.9,70.0
2026-08-20 19:54:00,3726,39.85,72.41,24.19,4.72,69.0
2026-08-20 19:54:00,3727,42.12,9.87,0.0,5.85,70.0
2026-08-20 19:54:00,3728,42.09,17.77,0.0,4.5,70.0
2026-08-20 19:54:00,3729,40.05,31.8,24.53,4.13,70.0
2026-08-20 19:54:00,3730,40.48,7.39,0.0,4.24,75.0
2026-08-20 19:54:00,3731,42.3,8.92,0.0,4.96,75.0
2026-08-20 19:54:00,3732,39.67,55.4,22.12,4.04,72.5
2026-08-20 19:54:00,3733,43.07,8.51,0.0,5.38,80.0
2026-08-20 19:54:00,3734,42.11,20.34,0.0,5.25,75.0
2026-08-20 19:54:00,3735,40.21,32.53,24.96,4.33,76.7
2026-08-20 19:54:00,3736,40.64,6.98,0.0,3.89,70.0
2026-08-20 19:54:00,3737,42.53,8.24,0.0,4.13,75.0
2026-08-20 19:54:00,3738,39.45,77.48,22.75,5.3,74.4
2026-08-20 19:54:00,3739,39.21,9.05,0.0,5.56,76.9
2026-08-20 19:54:00,3740,42.07,7.72,0.0,4.29,0.0
2026-08-20 19:54:00,3741,40.27,33.31,24.6,5.52,75.0
2026-08-20 19:54:00,3742,40.58,8.39,0.0,5.18,80.0
2026-08-20 19:54:00,3743,42.55,9.39,0.0,5.13,75.0
2026-08-20 19:54:00,3744,39.7,65.99,25.95,5.18,81.9
2026-08-20 19:54:00,3745,39.63,12.15,0.0,8.65,85.4
2026-08-20 19:54:00,3746,39.43,7.77,0.0,4.51,82.5
2026-08-20 19:54:00,3747,37.72,36.53,27.43,5.49,82.9
2026-08-20 19:54:00,3748,39.27,8.25,0.0,5.01,80.0
2026-08-20 19:54:00,3749,39.3,18.68,0.0,13.03,85.0
2026-08-20 19:54:00,3750,36.76,58.4,25.6,8.57,81.4
2026-08-20 19:54:00,3751,39.52,11.85,0.0,7.28,90.0
2026-08-20 19:54:01,3752,41.22,12.93,0.0,4.6,95.0
2026-08-20 19:54:01,3753,39.06,33.06,23.9,5.82,82.0
2026-08-20 19:54:01,3754,38.19,18.51,0.0,14.22,82.5
2026-08-20 19:54:01,3755,38.79,9.16,0.0,5.23,77.5
2026-08-20 19:54:01,3756,37.07,39.51,24.98,4.38,80.0
2026-08-20 19:54:01,3757,38.85,9.77,0.0,5.71,80.0
2026-08-20 19:54:01,3758,39.72,15.28,0.0,5.57,70.0
2026-08-20 19:54:01,3759,37.78,32.45,23.35,5.75,79.5
2026-08-20 19:54:01,3760,38.62,7.12,0.0,3.93,71.4
2026-08-20 19:54:01,3761,39.94,10.95,0.0,5.48,80.0
2026-08-20 19:54:01,3762,37.25,71.1,22.13,5.4,77.8
2026-08-20 19:54:01,3763,38.97,10.99,0.0,7.05,81.8
2026-08-20 19:54:01,3764,39.55,17.38,0.0,4.9,75.0
2026-08-20 19:54:01,3765,37.72,32.23,24.94,4.17,71.7
2026-08-20 19:54:01,3766,37.3,14.19,0.0,10.91,73.7
2026-08-20 19:54:01,3767,37.62,7.29,0.0,4.1,65.2
2026-08-20 19:54:01,3768,36.05,36.84,18.95,4.42,73.8
2026-08-20 19:54:01,3769,38.35,6.89,0.0,3.74,65.0
2026-08-20 19:54:01,3770,38.09,19.42,0.0,5.21,67.5
2026-08-20 19:54:01,3771,36.6,30.4,23.44,3.78,69.5
2026-08-20 19:54:01,3772,36.95,7.33,0.0,3.88,71.4
2026-08-20 19:54:01,3773,39.2,8.68,0.0,5.41,80.0
2026-08-20 19:54:01,3774,36.52,73.05,20.74,5.18,69.0
2026-08-20 19:54:01,3775,39.43,7.81,0.0,4.32,70.0
2026-08-20 19:54:01,3776,39.16,19.0,0.0,5.71,75.0
2026-08-20 19:54:01,3777,37.59,29.51,22.28,4.27,71.2
2026-08-20 19:54:01,3778,37.74,7.23,0.0,4.1,75.0
2026-08-20 19:54:01,3779,40.0,8.29,0.0,5.02,69.6
2026-08-20 19:54:01,3780,37.49,59.29,20.72,6.37,66.7
2026-08-20 19:54:01,3781,37.18,9.81,0.0,6.64,70.0
2026-08-20 19:54:01,3782,40.98,7.07,0.0,4.02,66.7
2026-08-20 19:54:02,3783,39.4,30.86,23.39,4.02,72.5
2026-08-20 19:54:02,3784,39.6,6.97,0.0,3.81,69.2
2026-08-20 19:54:02,3785,41.6,8.26,0.0,4.19,75.0
2026-08-20 19:54:02,3786,38.6,78.41,23.93,6.23,70.0
2026-08-20 19:54:02,3787,38.9,6.93,0.0,3.86,71.8
2026-08-20 19:54:02,3788,40.84,8.16,0.0,4.99,63.6
2026-08-20 19:54:02,3789,39.23,32.52,23.51,5.79,78.2
2026-08-20 19:54:02,3790,39.89,7.3,0.0,4.07,58.3
2026-08-20 19:54:02,3791,41.2,10.7,0.0,5.43,70.0
2026-08-20 19:54:02,3792,38.5,65.22,24.55,5.92,76.2
2026-08-20 19:54:02,3793,37.91,17.44,0.0,13.49,90.5
2026-08-20 19:54:02,3794,38.76,6.96,0.0,3.83,65.0
2026-08-20 19:54:02,3795,37.41,30.62,23.57,3.83,79.3
2026-08-20 19:54:02,3796,37.61,8.99,0.0,4.75,56.5
2026-08-20 19:54:02,3797,40.58,8.31,0.0,4.37,70.0
2026-08-20 19:54:02,3798,37.88,65.71,20.82,6.61,68.3
2026-08-20 19:54:02,3799,38.28,10.08,0.0,5.95,65.0
2026-08-20 19:54:02,3800,39.25,14.8,0.0,5.71,77.5
2026-08-20 19:54:02,3801,37.44,31.21,23.35,4.72,75.4
2026-08-20 19:54:02,3802,37.73,8.52,0.0,5.43,65.2
2026-08-20 19:54:02,3803,40.47,7.9,0.0,4.56,70.0
2026-08-20 19:54:02,3804,38.21,47.66,20.43,4.1,70.9
2026-08-20 19:54:02,3805,38.35,9.0,0.0,6.21,61.9
2026-08-20 19:54:02,3806,40.02,11.7,0.0,4.35,86.5
2026-08-20 19:54:02,3807,38.77,31.79,24.5,4.35,66.7
2026-08-20 19:54:02,3808,38.21,14.12,0.0,3.9,63.4
2026-08-20 19:54:02,3809,37.76,12.25,0.0,8.87,68.3
2026-08-20 19:54:02,3810,35.34,70.12,23.98,5.02,67.5
2026-08-20 19:54:02,3811,37.43,8.17,0.0,5.12,78.9
2026-08-20 19:54:03,3812,38.25,14.31,0.0,5.86,66.7
2026-08-20 19:54:03,3813,36.34,34.48,26.32,3.89,68.3
2026-08-20 19:54:03,3814,37.7,7.01,0.0,3.84,77.5
2026-08-20 19:54:03,3815,39.88,7.81,0.0,4.52,73.7
2026-08-20 19:54:03,3816,37.48,54.56,22.71,4.57,70.9
2026-08-20 19:54:03,3817,39.71,7.3,0.0,4.04,68.2
2026-08-20 19:54:03,3818,40.0,15.17,0.0,4.99,65.0
2026-08-20 19:54:03,3819,38.02,32.62,24.19,5.28,75.0
2026-08-20 19:54:03,3820,38.77,7.56,0.0,4.09,71.8
2026-08-20 19:54:03,3821,40.3,10.07,0.0,4.86,65.0
2026-08-20 19:54:03,3822,37.54,72.64,20.43,5.27,70.3
2026-08-20 19:54:03,3823,40.59,8.84,0.0,4.76,80.0
2026-08-20 19:54:03,3824,40.56,17.61,0.0,5.49,82.5
2026-08-20 19:54:03,3825,38.71,30.8,21.21,4.07,70.4
2026-08-20 19:54:03,3826,39.62,14.2,0.0,6.42,66.7
2026-08-20 19:54:03,3827,40.5,9.88,0.0,5.69,70.0
2026-08-20 19:54:03,3828,38.05,56.5,22.48,4.22,75.0
2026-08-20 19:54:03,3829,37.62,8.56,0.0,5.35,64.3
2026-08-20 19:54:03,3830,40.13,8.57,0.0,5.42,75.0
2026-08-20 19:54:03,3831,38.76,30.36,22.96,4.21,72.0
2026-08-20 19:54:03,3832,38.68,9.65,0.0,5.57,54.8
2026-08-20 19:54:03,3833,42.62,7.0,0.0,3.86,80.0
2026-08-20 19:54:03,3834,39.53,76.44,20.18,6.1,68.3
2026-08-20 19:54:03,3835,44.79,7.3,0.0,3.97,70.0
2026-08-20 19:54:03,3836,43.44,23.51,0.0,5.4,70.0
2026-08-20 19:54:03,3837,41.53,32.83,24.72,4.99,68.3
2026-08-20 19:54:03,3838,42.0,7.4,0.0,4.25,65.0
2026-08-20 19:54:03,3839,43.2,10.45,0.0,6.58,65.0
2026-08-20 19:54:03,3840,40.37,61.93,21.27,3.77,71.4
2026-08-20 19:54:03,3841,40.17,8.47,0.0,5.32,60.9
2026-08-20 19:54:03,3842,42.54,8.17,0.0,4.03,70.0
2026-08-20 19:54:04,3843,40.94,29.76,22.84,3.9,77.6
2026-08-20 19:54:04,3844,40.32,25.43,0.0,4.35,64.3
2026-08-20 19:54:04,3845,43.91,7.73,0.0,4.08,83.3
2026-08-20 19:54:04,3846,40.64,80.76,21.15,6.42,79.3
2026-08-20 19:54:04,3847,40.96,8.09,0.0,4.19,70.0
2026-08-20 19:54:04,3848,42.65,9.41,0.0,5.25,70.0
2026-08-20 19:54:04,3849,41.06,30.75,23.72,3.88,81.1
2026-08-20 19:54:04,3850,40.57,10.34,0.0,4.98,64.3
2026-08-20 19:54:04,3851,43.04,10.18,0.0,6.37,70.0
2026-08-20 19:54:04,3852,40.12,66.42,22.34,4.76,78.4
2026-08-20 19:54:04,3853,40.56,8.73,0.0,6.29,67.9
2026-08-20 19:54:04,3854,42.21,13.84,0.0,4.75,70.0
2026-08-20 19:54:04,3855,40.83,30.17,22.2,4.77,70.0
2026-08-20 19:54:04,3856,39.47,20.88,0.0,10.45,68.9
2026-08-20 19:54:04,3857,40.39,10.95,0.0,5.79,73.7
2026-08-20 19:54:04,3858,37.61,59.33,23.41,5.82,68.6
2026-08-20 19:54:04,3859,37.66,7.07,0.0,3.87,67.5
2026-08-20 19:54:04,3860,40.15,7.02,0.0,3.91,70.0
2026-08-20 19:54:04,3861,38.17,40.08,22.39,13.07,72.9
2026-08-20 19:54:04,3862,40.23,9.11,0.0,4.48,75.0
2026-08-20 19:54:04,3863,42.97,8.12,0.0,4.24,61.9
2026-08-20 19:54:04,3864,40.23,56.65,21.36,6.05,81.0
2026-08-20 19:54:04,3865,42.95,7.55,0.0,4.44,61.9
2026-08-20 19:54:04,3866,42.13,20.48,0.0,5.67,70.0
2026-08-20 19:54:04,3867,40.36,29.7,20.97,4.35,70.0
2026-08-20 19:54:04,3868,40.08,8.34,0.0,5.24,67.5
2026-08-20 19:54:04,3869,42.15,9.31,0.0,5.95,65.0
2026-08-20 19:54:04,3870,39.15,75.58,23.57,4.84,68.5
2026-08-20 19:54:04,3871,38.91,7.16,0.0,4.13,68.8
2026-08-20 19:54:05,3872,38.81,17.68,0.0,13.24,67.5
2026-08-20 19:54:05,3873,37.17,31.16,23.02,5.01,75.4
2026-08-20 19:54:05,3874,37.56,8.03,0.0,4.07,60.9
2026-08-20 19:54:05,3875,40.32,7.34,0.0,4.3,65.0
2026-08-20 19:54:05,3876,38.3,45.78,19.81,5.48,75.4
2026-08-20 19:54:05,3877,41.62,7.1,0.0,3.99,50.0
2026-08-20 19:54:05,3878,40.99,19.81,0.0,4.78,70.0
2026-08-20 19:54:05,3879,39.2,31.19,23.83,4.25,72.4
2026-08-20 19:54:05,3880,39.55,7.45,0.0,4.3,59.1
2026-08-20 19:54:05,3881,42.28,7.1,0.0,3.91,70.0
2026-08-20 19:54:05,3882,39.2,78.54,23.77,5.58,71.7
2026-08-20 19:54:05,3883,39.45,7.02,0.0,3.85,78.4
2026-08-20 19:54:05,3884,41.23,8.51,0.0,5.35,63.6
2026-08-20 19:54:05,3885,39.57,33.09,23.94,6.01,71.4
2026-08-20 19:54:05,3886,40.39,6.98,0.0,3.88,70.0
2026-08-20 19:54:05,3887,41.54,10.76,0.0,5.64,78.9
2026-08-20 19:54:05,3888,38.85,62.85,22.54,5.05,71.2
2026-08-20 19:54:05,3889,38.91,8.74,0.0,5.22,68.3
2026-08-20 19:54:05,3890,41.08,9.24,0.0,5.09,75.0
2026-08-20 19:54:05,3891,39.88,27.55,20.31,4.21,75.6
2026-08-20 19:54:05,3892,39.42,22.43,0.0,3.72,70.0
2026-08-20 19:54:05,3893,41.74,7.9,0.0,4.27,70.0
2026-08-20 19:54:05,3894,38.67,83.46,23.61,5.49,73.9
2026-08-20 19:54:05,3895,39.96,8.31,0.0,5.2,60.9
2026-08-20 19:54:05,3896,41.56,11.18,0.0,5.04,65.0
2026-08-20 19:54:05,3897,40.32,29.44,21.7,4.08,82.9
2026-08-20 19:54:05,3898,38.99,18.47,0.0,10.14,80.3
2026-08-20 19:54:05,3899,43.75,8.0,0.0,5.29,0.0
2026-08-20 19:54:05,3900,40.78,53.82,25.95,4.48,69.0
2026-08-20 19:54:05,3901,41.9,8.97,0.0,5.54,75.0
2026-08-20 19:54:05,3902,42.06,16.53,0.0,4.51,70.7
2026-08-20 19:54:06,3903,39.91,32.99,24.16,5.35,71.7
2026-08-20 19:54:06,3904,42.83,7.66,0.0,4.27,73.7
2026-08-20 19:54:06,3905,42.58,8.8,0.0,5.41,66.7
2026-08-20 19:54:06,3906,39.64,69.65,21.7,5.81,70.0
2026-08-20 19:54:06,3907,40.19,12.11,0.0,7.14,76.9
2026-08-20 19:54:06,3908,39.91,7.03,0.0,3.92,66.7
2026-08-20 19:54:06,3909,38.42,31.05,23.98,3.92,74.1
2026-08-20 19:54:06,3910,38.6,7.39,0.0,4.2,59.1
2026-08-20 19:54:06,3911,41.02,7.35,0.0,4.09,70.0
2026-08-20 19:54:06,3912,38.48,60.97,25.98,4.0,72.2
2026-08-20 19:54:06,3913,44.67,7.04,0.0,3.9,0.0
2026-08-20 19:54:06,3914,43.74,14.13,0.0,3.95,71.8
2026-08-20 19:54:06,3915,41.43,30.66,22.22,5.24,73.3
2026-08-20 19:54:06,3916,41.37,7.1,0.0,3.97,70.0
2026-08-20 19:54:06,3917,42.42,10.78,0.0,5.77,71.4
2026-08-20 19:54:06,3918,39.58,66.24,18.73,4.85,68.2
2026-08-20 19:54:06,3919,40.81,8.46,0.0,4.32,74.3
2026-08-20 19:54:06,3920,40.38,20.38,0.0,4.9,59.1
2026-08-20 19:54:06,3921,38.85,28.14,21.17,4.11,71.2
2026-08-20 19:54:06,3922,38.82,7.28,0.0,4.11,76.2
2026-08-20 19:54:06,3923,41.03,8.19,0.0,3.9,71.4
2026-08-20 19:54:06,3924,38.32,64.18,24.49,5.54,72.3
2026-08-20 19:54:06,3925,38.67,8.45,0.0,5.12,75.0
2026-08-20 19:54:06,3926,41.11,8.19,0.0,5.05,75.0
2026-08-20 19:54:06,3927,39.26,36.63,27.07,4.21,76.8
2026-08-20 19:54:06,3928,40.65,8.42,0.0,4.24,52.2
2026-08-20 19:54:06,3929,42.21,10.7,0.0,5.04,71.4
2026-08-20 19:54:06,3930,39.16,80.22,24.25,5.66,74.6
2026-08-20 19:54:06,3931,39.71,7.07,0.0,3.96,65.0
2026-08-20 19:54:07,3932,41.15,9.3,0.0,6.34,75.0
2026-08-20 19:54:07,3933,39.73,30.65,20.98,6.59,76.8
2026-08-20 19:54:07,3934,40.03,8.04,0.0,4.9,62.5
2026-08-20 19:54:07,3935,41.95,9.45,0.0,5.16,100.0
2026-08-20 19:54:07,3936,39.19,63.02,22.81,5.1,71.0
2026-08-20 19:54:07,3937,39.48,7.78,0.0,5.17,65.0
2026-08-20 19:54:07,3938,41.17,9.93,0.0,4.77,65.0
2026-08-20 19:54:07,3939,39.51,34.72,26.72,4.19,70.0
2026-08-20 19:54:07,3940,40.02,9.13,0.0,4.7,65.0
2026-08-20 19:54:07,3941,43.2,7.07,0.0,3.97,65.0
2026-08-20 19:54:07,3942,39.98,82.93,21.66,5.86,69.2
2026-08-20 19:54:07,3943,41.06,7.99,0.0,4.9,75.0
2026-08-20 19:54:07,3944,41.5,13.96,0.0,4.21,71.8
2026-08-20 19:54:07,3945,39.37,32.64,23.94,5.15,70.5
2026-08-20 19:54:07,3946,39.98,7.09,0.0,3.91,65.0
2026-08-20 19:54:07,3947,41.56,9.03,0.0,5.62,70.0
2026-08-20 19:54:07,3948,39.14,50.87,20.37,3.76,71.2
2026-08-20 19:54:07,3949,40.11,8.32,0.0,4.17,65.0
2026-08-20 19:54:07,3950,40.67,14.64,0.0,4.55,71.8
2026-08-20 19:54:07,3951,38.76,29.99,22.0,4.89,71.7
2026-08-20 19:54:07,3952,37.91,17.03,0.0,12.7,75.6
2026-08-20 19:54:07,3953,38.4,8.86,0.0,4.48,65.0
2026-08-20 19:54:07,3954,36.12,57.28,19.06,5.87,72.3
2026-08-20 19:54:07,3955,39.25,8.11,0.0,5.15,66.7
2026-08-20 19:54:07,3956,39.25,18.07,0.0,3.88,75.0
2026-08-20 19:54:07,3957,37.46,32.82,22.61,5.11,73.8
2026-08-20 19:54:07,3958,38.21,7.08,0.0,4.0,68.2
2026-08-20 19:54:07,3959,40.09,9.12,0.0,6.04,80.0
2026-08-20 19:54:07,3960,37.51,63.31,25.17,5.17,67.9
2026-08-20 19:54:07,3961,37.8,9.62,0.0,4.53,71.8
2026-08-20 19:54:08,3962,39.95,10.56,0.0,6.41,63.6
2026-08-20 19:54:08,3963,38.68,31.28,23.23,4.92,77.5
2026-08-20 19:54:08,3964,38.8,8.28,0.0,4.24,67.5
2026-08-20 19:54:08,3965,42.03,6.85,0.0,3.77,75.0
2026-08-20 19:54:08,3966,38.97,78.45,20.42,6.07,71.2
2026-08-20 19:54:08,3967,39.15,7.49,0.0,4.35,67.5
2026-08-20 19:54:08,3968,41.07,8.47,0.0,4.96,70.0
2026-08-20 19:54:08,3969,39.49,32.31,22.85,5.8,72.5
2026-08-20 19:54:08,3970,40.05,7.43,0.0,4.26,70.0
2026-08-20 19:54:08,3971,41.84,9.15,0.0,4.33,78.9
2026-08-20 19:54:08,3972,39.13,61.07,20.06,4.09,70.4
2026-08-20 19:54:08,3973,41.57,8.53,0.0,4.47,80.0
2026-08-20 19:54:08,3974,40.75,12.33,0.0,5.89,75.0
2026-08-20 19:54:08,3975,38.75,28.48,21.44,3.92,75.4
2026-08-20 19:54:08,3976,38.77,7.11,0.0,3.98,80.5
2026-08-20 19:54:08,3977,40.92,8.25,0.0,4.9,95.0
2026-08-20 19:54:08,3978,38.18,66.06,22.81,4.55,69.0
2026-08-20 19:54:08,3979,38.97,9.09,0.0,6.07,61.9
2026-08-20 19:54:08,3980,39.89,13.92,0.0,5.77,70.0
2026-08-20 19:54:08,3981,38.1,28.48,20.58,3.84,68.9
2026-08-20 19:54:08,3982,37.78,9.64,0.0,6.21,72.5
2026-08-20 19:54:08,3983,40.93,8.06,0.0,4.73,65.0
2026-08-20 19:54:08,3984,38.49,52.54,22.89,4.2,73.1
2026-08-20 19:54:08,3985,40.01,7.14,0.0,3.99,59.1
2026-08-20 19:54:08,3986,40.55,13.68,0.0,4.55,75.0
2026-08-20 19:54:08,3987,38.41,33.81,24.46,5.24,67.2
2026-08-20 19:54:08,3988,37.7,18.69,0.0,12.65,75.0
2026-08-20 19:54:08,3989,38.58,8.69,0.0,5.21,70.0
2026-08-20 19:54:08,3990,36.29,56.46,19.72,7.4,67.5
2026-08-20 19:54:08,3991,39.41,8.79,0.0,5.39,75.0
2026-08-20 19:54:09,3992,39.65,16.68,0.0,5.23,75.0
2026-08-20 19:54:09,3993,37.98,28.27,21.15,3.74,75.0
2026-08-20 19:54:09,3994,37.96,7.74,0.0,4.26,68.0
2026-08-20 19:54:09,3995,39.37,11.35,0.0,6.97,90.0
2026-08-20 19:54:09,3996,36.95,61.4,25.04,4.14,68.8
2026-08-20 19:54:09,3997,41.54,8.37,0.0,4.5,77.8
2026-08-20 19:54:09,3998,41.33,20.38,0.0,4.15,56.5
2026-08-20 19:54:09,3999,39.59,31.21,24.22,3.93,70.0
2026-08-20 19:54:09,4000,38.59,16.93,0.0,12.69,67.5
2026-08-20 19:54:09,4001,39.35,7.11,0.0,3.95,65.0
2026-08-20 19:54:09,4002,36.82,62.69,23.26,5.04,72.7
2026-08-20 19:54:09,4003,37.06,8.63,0.0,5.46,70.0
2026-08-20 19:54:09,4004,40.1,7.34,0.0,4.24,70.0
2026-08-20 19:54:09,4005,38.63,30.78,21.92,5.78,70.7
2026-08-20 19:54:09,4006,38.89,6.97,0.0,3.9,67.5
2026-08-20 19:54:09,4007,40.35,10.17,0.0,4.99,83.3
2026-08-20 19:54:09,4008,37.76,63.0,24.83,5.04,67.9
2026-08-20 19:54:09,4009,37.73,10.25,0.0,6.26,73.2
2026-08-20 19:54:09,4010,40.22,10.25,0.0,6.73,91.7
2026-08-20 19:54:09,4011,39.05,29.29,22.39,3.88,69.2
2026-08-20 19:54:09,4012,38.78,8.8,0.0,5.72,71.4
2026-08-20 19:54:09,4013,41.26,9.49,0.0,5.68,90.0
2026-08-20 19:54:09,4014,38.31,78.81,21.17,5.01,74.5
2026-08-20 19:54:09,4015,38.58,7.76,0.0,4.01,70.0
2026-08-20 19:54:09,4016,40.39,9.37,0.0,3.93,70.0
2026-08-20 19:54:09,4017,39.06,30.25,22.56,3.93,75.0
2026-08-20 19:54:09,4018,38.92,8.84,0.0,5.07,54.2
2026-08-20 19:54:09,4019,40.82,10.6,0.0,6.61,65.0
2026-08-20 19:54:09,4020,38.18,64.31,23.52,4.19,67.0
2026-08-20 19:54:09,4021,38.83,6.64,0.0,3.87,65.0
2026-08-20 19:54:09,4022,40.01,10.84,0.0,5.57,76.2
2026-08-20 19:54:10,4023,38.77,31.14,23.68,4.14,74.1
2026-08-20 19:54:10,4024,38.13,14.05,0.0,5.65,64.3
2026-08-20 19:54:10,4025,38.23,9.08,0.0,4.7,70.0
2026-08-20 19:54:10,4026,35.71,69.68,24.17,6.34,72.9
2026-08-20 19:54:10,4027,37.89,8.44,0.0,5.47,65.0
2026-08-20 19:54:10,4028,38.89,13.51,0.0,4.01,77.5
2026-08-20 19:54:10,4029,36.97,33.29,24.72,4.1,70.0
2026-08-20 19:54:10,4030,37.86,7.99,0.0,4.84,61.9
2026-08-20 19:54:10,4031,40.49,7.91,0.0,4.86,71.4
2026-08-20 19:54:10,4032,38.0,56.68,24.98,4.49,79.4
2026-08-20 19:54:10,4033,40.44,8.85,0.0,5.41,66.7
2026-08-20 19:54:10,4034,40.28,19.06,0.0,5.86,68.2
2026-08-20 19:54:10,4035,38.58,30.0,21.83,4.8,74.6
2026-08-20 19:54:10,4036,38.72,7.02,0.0,3.87,77.1
2026-08-20 19:54:10,4037,40.44,9.43,0.0,5.36,62.5
2026-08-20 19:54:10,4038,37.64,74.05,19.63,5.86,70.0
2026-08-20 19:54:10,4039,37.77,7.22,0.0,3.97,62.5
2026-08-20 19:54:10,4040,40.04,7.72,0.0,4.04,80.6
2026-08-20 19:54:10,4041,38.56,31.3,22.74,4.6,71.4
2026-08-20 19:54:10,4042,38.69,8.32,0.0,5.22,69.8
2026-08-20 19:54:10,4043,41.41,7.88,0.0,5.01,73.7
2026-08-20 19:54:10,4044,38.76,60.11,23.2,3.73,70.4
2026-08-20 19:54:10,4045,43.45,7.71,0.0,4.5,77.8
2026-08-20 19:54:10,4046,42.38,22.77,0.0,4.31,68.3
2026-08-20 19:54:10,4047,40.61,31.33,24.14,4.02,70.0
2026-08-20 19:54:10,4048,40.21,21.44,0.0,5.3,68.3
2026-08-20 19:54:10,4049,39.45,10.67,0.0,5.55,78.9
2026-08-20 19:54:10,4050,36.96,63.65,20.11,6.12,71.6
2026-08-20 19:54:10,4051,37.45,8.01,0.0,4.62,71.8
2026-08-20 19:54:11,4052,38.51,12.76,0.0,5.59,72.7
2026-08-20 19:54:11,4053,36.72,29.47,21.09,4.6,74.1
2026-08-20 19:54:11,4054,36.69,9.44,0.0,5.37,80.5
2026-08-20 19:54:11,4055,39.01,10.11,0.0,6.82,85.7
2026-08-20 19:54:11,4056,36.85,51.66,26.63,3.85,72.5
2026-08-20 19:54:11,4057,38.46,7.52,0.0,5.0,65.0
2026-08-20 19:54:11,4058,40.37,9.39,0.0,4.23,65.0
2026-08-20 19:54:11,4059,38.65,38.56,28.55,6.62,70.0
2026-08-20 19:54:11,4060,39.02,12.11,0.0,5.51,65.0
2026-08-20 19:54:11,4061,38.69,8.63,0.0,5.35,70.0
2026-08-20 19:54:11,4062,36.07,72.33,19.88,12.09,70.0
2026-08-20 19:54:11,4063,38.97,8.01,0.0,5.03,75.0
2026-08-20 19:54:11,4064,40.19,11.75,0.0,4.54,79.4
2026-08-20 19:54:11,4065,38.98,31.34,22.84,5.28,68.2
2026-08-20 19:54:11,4066,38.79,10.32,0.0,4.16,73.0
2026-08-20 19:54:11,4067,42.42,8.09,0.0,4.29,0.0
2026-08-20 19:54:11,4068,39.44,71.32,23.04,6.73,73.0
2026-08-20 19:54:11,4069,41.93,7.91,0.0,4.41,71.4
2026-08-20 19:54:11,4070,42.28,14.4,0.0,5.08,76.9
2026-08-20 19:54:11,4071,40.06,33.23,24.42,5.69,67.2
2026-08-20 19:54:11,4072,40.78,7.43,0.0,4.19,75.0
2026-08-20 19:54:11,4073,42.8,8.31,0.0,5.06,85.0
2026-08-20 19:54:11,4074,39.76,73.23,22.69,5.31,72.4
2026-08-20 19:54:11,4075,41.76,10.88,0.0,6.88,62.5
2026-08-20 19:54:11,4076,42.05,17.86,0.0,5.34,70.0
2026-08-20 19:54:11,4077,40.03,31.41,24.32,3.77,71.7
2026-08-20 19:54:11,4078,40.37,7.56,0.0,4.12,73.0
2026-08-20 19:54:11,4079,42.44,8.43,0.0,5.11,76.2
2026-08-20 19:54:11,4080,39.71,58.51,24.98,4.1,66.7
2026-08-20 19:54:11,4081,43.69,7.06,0.0,3.98,77.3
2026-08-20 19:54:11,4082,42.66,21.49,0.0,4.27,78.4
2026-08-20 19:54:12,4083,40.92,29.13,22.17,3.89,71.4
2026-08-20 19:54:12,4084,40.71,6.91,0.0,3.74,65.9
2026-08-20 19:54:12,4085,42.74,7.76,0.0,3.85,75.0
2026-08-20 19:54:12,4086,39.67,74.85,21.15,5.61,69.7
2026-08-20 19:54:12,4087,42.45,9.6,0.0,6.26,81.0
2026-08-20 19:54:12,4088,41.81,22.22,0.0,5.86,74.4
2026-08-20 19:54:12,4089,40.05,31.59,23.68,4.27,71.4
2026-08-20 19:54:12,4090,40.37,7.21,0.0,4.03,92.5
2026-08-20 19:54:12,4091,42.4,8.03,0.0,5.07,90.5
2026-08-20 19:54:12,4092,39.62,61.62,22.96,4.27,73.4
2026-08-20 19:54:12,4093,44.9,7.25,0.0,4.17,80.0
2026-08-20 19:54:12,4094,43.67,24.63,0.0,5.4,89.1
2026-08-20 19:54:12,4095,41.98,29.92,23.03,3.79,83.7
2026-08-20 19:54:12,4096,41.5,9.83,0.0,4.76,70.7
2026-08-20 19:54:12,4097,44.77,7.3,0.0,4.2,65.0
2026-08-20 19:54:12,4098,41.4,86.19,23.31,5.79,68.9
2026-08-20 19:54:12,4099,42.28,7.82,0.0,4.63,65.0
2026-08-20 19:54:12,4100,43.32,10.88,0.0,3.73,75.0
2026-08-20 19:54:12,4101,41.83,30.0,22.77,3.89,70.7
2026-08-20 19:54:12,4102,41.02,11.67,0.0,4.42,59.1
2026-08-20 19:54:12,4103,44.87,8.66,0.0,5.55,80.0
2026-08-20 19:54:12,4104,41.69,68.88,22.5,5.92,71.0
2026-08-20 19:54:12,4105,43.41,6.83,0.0,3.72,65.0
2026-08-20 19:54:12,4106,43.44,14.24,0.0,5.11,70.0
2026-08-20 19:54:12,4107,42.29,27.25,20.32,4.05,70.7
2026-08-20 19:54:12,4108,41.01,15.49,0.0,5.31,70.0
2026-08-20 19:54:12,4109,40.88,9.1,0.0,5.32,65.0
2026-08-20 19:54:12,4110,38.1,69.44,21.67,5.42,70.3
2026-08-20 19:54:12,4111,39.53,8.92,0.0,4.69,82.9
2026-08-20 19:54:13,4112,40.51,13.25,0.0,5.07,65.2
2026-08-20 19:54:13,4113,38.47,31.13,22.35,4.22,67.2
2026-08-20 19:54:13,4114,38.87,6.59,0.0,3.92,75.7
2026-08-20 19:54:13,4115,41.1,7.37,0.0,3.99,76.2
2026-08-20 19:54:13,4116,38.59,53.89,21.06,5.59,69.1
2026-08-20 19:54:13,4117,40.82,7.33,0.0,4.21,63.6
2026-08-20 19:54:13,4118,40.65,17.39,0.0,3.91,65.0
2026-08-20 19:54:13,4119,38.64,34.07,24.24,6.66,70.5
2026-08-20 19:54:13,4120,39.23,8.47,0.0,5.06,72.5
2026-08-20 19:54:13,4121,41.36,9.51,0.0,5.16,84.2
2026-08-20 19:54:13,4122,38.46,74.27,23.77,5.34,69.3
2026-08-20 19:54:13,4123,38.37,7.12,0.0,4.24,71.8
2026-08-20 19:54:13,4124,40.74,7.43,0.0,4.4,86.4
2026-08-20 19:54:13,4125,39.31,29.33,20.37,3.85,76.3
2026-08-20 19:54:13,4126,39.25,7.13,0.0,3.92,64.3
2026-08-20 19:54:13,4127,41.08,8.98,0.0,5.8,70.0
2026-08-20 19:54:13,4128,38.48,58.98,23.68,4.39,70.9
2026-08-20 19:54:13,4129,38.36,8.5,0.0,3.9,65.0
2026-08-20 19:54:13,4130,38.75,16.2,0.0,12.59,71.4
2026-08-20 19:54:13,4131,37.02,30.93,23.46,3.85,78.8
2026-08-20 19:54:13,4132,37.55,7.59,0.0,3.91,87.5
2026-08-20 19:54:13,4133,40.07,7.81,0.0,3.84,95.2
2026-08-20 19:54:13,4134,37.48,62.49,21.37,5.09,77.3
2026-08-20 19:54:13,4135,37.82,7.51,0.0,4.21,56.0
2026-08-20 19:54:13,4136,40.12,8.0,0.0,4.76,70.0
2026-08-20 19:54:13,4137,38.59,32.27,23.65,5.53,71.7
2026-08-20 19:54:13,4138,38.92,9.1,0.0,3.94,65.0
2026-08-20 19:54:13,4139,40.84,10.84,0.0,6.4,65.0
2026-08-20 19:54:13,4140,38.14,66.66,22.17,5.18,67.0
2026-08-20 19:54:13,4141,39.3,8.82,0.0,5.36,75.0
2026-08-20 19:54:13,4142,40.45,12.95,0.0,5.67,66.7
2026-08-20 19:54:14,4143,38.44,30.19,22.48,4.0,72.7
2026-08-20 19:54:14,4144,38.6,7.08,0.0,3.93,56.5
2026-08-20 19:54:14,4145,40.91,7.81,0.0,4.62,70.0
2026-08-20 19:54:14,4146,38.11,68.97,21.65,5.89,68.0
2026-08-20 19:54:14,4147,39.02,10.46,0.0,6.32,78.8
2026-08-20 19:54:14,4148,38.76,7.18,0.0,3.98,51.9
2026-08-20 19:54:14,4149,37.3,33.5,23.63,4.78,70.0
2026-08-20 19:54:14,4150,37.86,9.85,0.0,5.75,65.0
2026-08-20 19:54:14,4151,41.32,8.18,0.0,4.06,70.0
2026-08-20 19:54:14,4152,38.66,60.09,25.42,6.0,71.4
2026-08-20 19:54:14,4153,38.33,8.86,0.0,4.27,71.4
2026-08-20 19:54:14,4154,40.8,8.69,0.0,5.51,81.8
2026-08-20 19:54:14,4155,39.43,29.66,21.67,4.69,64.4
2026-08-20 19:54:14,4156,39.5,7.54,0.0,4.37,61.9
2026-08-20 19:54:14,4157,41.63,8.47,0.0,5.31,76.3
2026-08-20 19:54:14,4158,38.65,77.18,23.71,6.35,70.0
2026-08-20 19:54:14,4159,38.71,8.14,0.0,5.02,72.7
2026-08-20 19:54:14,4160,41.36,7.13,0.0,4.24,77.8
2026-08-20 19:54:14,4161,39.95,28.14,20.56,3.76,66.7
2026-08-20 19:54:14,4162,40.54,17.93,0.0,3.77,68.2
2026-08-20 19:54:14,4163,40.88,9.2,0.0,7.04,75.6
2026-08-20 19:54:14,4164,38.26,61.26,22.59,7.18,70.0
2026-08-20 19:54:14,4165,37.75,11.85,0.0,7.69,70.7
2026-08-20 19:54:14,4166,42.02,8.36,0.0,6.11,70.0
2026-08-20 19:54:14,4167,40.63,28.97,21.37,5.44,70.0
2026-08-20 19:54:14,4168,39.84,11.5,0.0,9.07,81.0
2026-08-20 19:54:14,4169,42.69,10.1,0.0,6.45,65.0
2026-08-20 19:54:14,4170,39.62,78.09,22.43,6.43,69.7
2026-08-20 19:54:14,4171,39.61,8.96,0.0,6.7,69.0
2026-08-20 19:54:15,4172,41.27,10.66,0.0,8.23,90.5
2026-08-20 19:54:15,4173,39.85,31.77,22.44,7.11,73.2
2026-08-20 19:54:15,4174,39.86,10.74,0.0,6.58,69.2
2026-08-20 19:54:15,4175,39.32,8.31,0.0,6.07,71.8
2026-08-20 19:54:15,4176,36.95,56.31,25.47,7.67,72.8
2026-08-20 19:54:15,4177,40.0,8.15,0.0,5.96,61.9
2026-08-20 19:54:15,4178,40.78,13.56,0.0,6.33,65.0
2026-08-20 19:54:15,4179,38.74,30.59,22.72,5.19,77.4
2026-08-20 19:54:15,4180,38.89,7.39,0.0,5.15,67.5
2026-08-20 19:54:15,4181,40.96,8.6,0.0,6.52,65.0
2026-08-20 19:54:15,4182,38.18,68.55,21.22,6.36,70.0
2026-08-20 19:54:15,4183,39.74,8.66,0.0,5.99,85.7
2026-08-20 19:54:15,4184,40.53,13.68,0.0,6.38,72.5
2026-08-20 19:54:15,4185,38.55,29.94,21.21,6.42,74.1
2026-08-20 19:54:15,4186,38.71,6.83,0.0,5.15,56.5
2026-08-20 19:54:15,4187,41.04,7.45,0.0,5.25,70.0
2026-08-20 19:54:15,4188,38.46,57.87,26.34,5.32,68.8
2026-08-20 19:54:15,4189,41.79,7.82,0.0,5.6,71.4
2026-08-20 19:54:15,4190,41.57,17.53,0.0,7.11,75.0
2026-08-20 19:54:15,4191,39.2,42.54,23.31,16.84,72.7
2026-08-20 19:54:15,4192,42.43,8.59,0.0,6.39,25.0
2026-08-20 19:54:15,4193,43.89,10.59,0.0,8.16,79.5
2026-08-20 19:54:15,4194,40.74,75.47,20.64,9.36,71.0
2026-08-20 19:54:15,4195,44.39,9.27,0.0,7.15,78.9
2026-08-20 19:54:15,4196,43.65,20.92,0.0,8.57,63.6
2026-08-20 19:54:15,4197,41.8,28.26,21.2,5.16,72.9
2026-08-20 19:54:15,4198,41.48,7.54,0.0,5.27,59.1
2026-08-20 19:54:15,4199,43.31,8.72,0.0,6.5,67.5
2026-08-20 19:54:15,4200,40.46,60.07,25.01,5.86,70.1
2026-08-20 19:54:15,4201,40.06,7.97,0.0,5.82,66.7
2026-08-20 19:54:15,4202,42.56,7.41,0.0,5.23,81.8
2026-08-20 19:54:16,4203,40.69,33.33,25.62,5.45,75.0
2026-08-20 19:54:16,4204,41.14,8.05,0.0,5.27,71.8
2026-08-20 19:54:16,4205,42.74,9.96,0.0,6.29,71.4
2026-08-20 19:54:16,4206,39.64,80.03,24.74,6.14,68.0
2026-08-20 19:54:16,4207,39.99,8.46,0.0,6.53,69.2
2026-08-20 19:54:16,4208,41.2,11.88,0.0,6.66,78.9
2026-08-20 19:54:16,4209,39.59,35.72,25.38,8.09,75.9
2026-08-20 19:54:16,4210,40.45,8.48,0.0,6.33,63.6
2026-08-20 19:54:16,4211,42.25,10.07,0.0,5.89,65.0
2026-08-20 19:54:16,4212,39.27,74.85,32.39,7.24,73.5
2026-08-20 19:54:16,4213,40.45,12.85,0.0,9.28,100.0
2026-08-20 19:54:16,4214,40.43,7.79,0.0,5.5,87.8
2026-08-20 19:54:16,4215,38.94,30.86,23.39,5.22,73.3
2026-08-20 19:54:16,4216,38.9,8.85,0.0,5.65,63.9
2026-08-20 19:54:16,4217,40.88,10.21,0.0,5.26,70.0
2026-08-20 19:54:16,4218,38.13,68.98,23.49,5.69,68.3
2026-08-20 19:54:16,4219,39.67,8.17,0.0,4.27,65.0
2026-08-20 19:54:16,4220,41.24,10.26,0.0,5.12,70.0
2026-08-20 19:54:16,4221,39.72,32.69,23.21,6.34,70.0
2026-08-20 19:54:16,4222,39.82,9.27,0.0,4.13,65.0
2026-08-20 19:54:16,4223,42.21,9.45,0.0,6.43,85.0
2026-08-20 19:54:16,4224,39.34,67.1,22.18,5.32,70.0
2026-08-20 19:54:16,4225,40.48,7.79,0.0,4.62,65.0
2026-08-20 19:54:16,4226,40.54,16.73,0.0,5.1,77.5
2026-08-20 19:54:16,4227,38.66,30.58,24.66,3.57,74.1
2026-08-20 19:54:16,4228,38.68,8.43,0.0,6.18,67.4
2026-08-20 19:54:16,4229,40.96,9.16,0.0,6.96,85.0
2026-08-20 19:54:16,4230,38.21,67.55,22.92,6.42,65.9
2026-08-20 19:54:16,4231,39.31,9.31,0.0,6.88,71.8
2026-08-20 19:54:17,4232,39.96,15.17,0.0,7.89,72.7
2026-08-20 19:54:17,4233,38.18,29.28,21.81,5.29,73.7
2026-08-20 19:54:17,4234,38.29,7.74,0.0,5.51,67.4
2026-08-20 19:54:17,4235,39.11,13.48,0.0,10.57,70.0
2026-08-20 19:54:17,4236,36.92,40.78,22.61,6.05,72.2
2026-08-20 19:54:17,4237,40.11,7.44,0.0,5.27,66.7
2026-08-20 19:54:17,4238,39.69,19.79,0.0,7.54,65.0
2026-08-20 19:54:17,4239,38.0,31.58,22.75,6.7,72.9
2026-08-20 19:54:17,4240,38.39,7.48,0.0,5.27,68.3
2026-08-20 19:54:17,4241,39.74,11.29,0.0,9.04,66.7
2026-08-20 19:54:17,4242,36.99,76.59,24.7,6.69,71.0
2026-08-20 19:54:17,4243,36.4,13.26,0.0,11.0,75.6
2026-08-20 19:54:17,4244,36.57,7.46,0.0,5.32,75.0
2026-08-20 19:54:17,4245,35.32,33.07,23.42,7.43,71.7
2026-08-20 19:54:17,4246,36.19,8.19,0.0,6.09,68.2
2026-08-20 19:54:17,4247,39.14,7.32,0.0,5.32,85.0
2026-08-20 19:54:17,4248,36.92,51.29,26.57,9.41,91.4
2026-08-20 19:54:17,4249,37.37,11.59,0.0,8.7,95.2
2026-08-20 19:54:17,4250,39.61,10.24,0.0,7.06,100.0
2026-08-20 19:54:17,4251,37.12,48.95,25.25,21.32,87.0
2026-08-20 19:54:17,4252,36.06,22.15,0.0,19.75,87.5
2026-08-20 19:54:17,4253,38.49,10.25,0.0,8.26,85.0
2026-08-20 19:54:17,4254,36.42,46.82,35.93,6.84,91.4
2026-08-20 19:54:17,4255,38.11,12.2,0.0,9.45,95.0
2026-08-20 19:54:17,4256,38.23,11.47,0.0,7.99,82.9
2026-08-20 19:54:17,4257,36.59,38.67,28.12,8.71,85.0
2026-08-20 19:54:17,4258,35.58,16.49,0.0,13.35,87.8
2026-08-20 19:54:17,4259,36.14,8.8,0.0,6.61,83.3
2026-08-20 19:54:17,4260,35.05,32.41,23.49,6.77,72.7
2026-08-20 19:54:17,4261,35.49,10.25,0.0,7.81,72.5
2026-08-20 19:54:18,4262,39.13,8.17,0.0,5.69,75.0
2026-08-20 19:54:18,4263,37.8,30.9,21.56,7.12,77.5
2026-08-20 19:54:18,4264,38.26,7.48,0.0,5.24,77.5
2026-08-20 19:54:18,4265,40.17,9.36,0.0,5.21,83.3
2026-08-20 19:54:18,4266,37.52,66.53,24.72,6.66,73.5
2026-08-20 19:54:18,4267,38.58,7.73,0.0,5.26,78.9
2026-08-20 19:54:18,4268,39.32,13.52,0.0,8.38,81.8
2026-08-20 19:54:18,4269,37.49,29.03,19.83,6.47,76.7
2026-08-20 19:54:18,4270,37.26,9.98,0.0,6.71,72.5
2026-08-20 19:54:18,4271,38.96,12.37,0.0,9.91,95.0
2026-08-20 19:54:18,4272,36.68,58.41,22.28,14.75,77.2
2026-08-20 19:54:18,4273,39.46,9.84,0.0,8.11,76.2
2026-08-20 19:54:18,4274,41.43,11.94,0.0,6.99,89.5
2026-08-20 19:54:18,4275,39.09,35.82,24.81,6.92,79.0
2026-08-20 19:54:18,4276,40.13,8.14,0.0,5.96,71.4
2026-08-20 19:54:18,4277,42.16,9.22,0.0,6.66,76.2
2026-08-20 19:54:18,4278,39.31,66.5,22.66,7.15,81.9
2026-08-20 19:54:18,4279,40.06,9.28,0.0,7.2,70.0
2026-08-20 19:54:18,4280,40.69,15.01,0.0,7.75,84.8
2026-08-20 19:54:18,4281,38.31,42.27,24.04,14.11,68.7
2026-08-20 19:54:18,4282,41.31,8.36,0.0,5.21,85.0
2026-08-20 19:54:18,4283,43.31,8.73,0.0,4.66,71.4
2026-08-20 19:54:18,4284,40.74,49.41,21.24,4.82,75.3
2026-08-20 19:54:18,4285,44.96,7.36,0.0,4.36,78.9
2026-08-20 19:54:18,4286,43.66,13.29,0.0,4.82,75.0
2026-08-20 19:54:18,4287,41.32,31.5,22.63,5.52,72.6
2026-08-20 19:54:18,4288,41.77,7.37,0.0,4.14,76.2
2026-08-20 19:54:18,4289,42.75,11.24,0.0,7.54,75.0
2026-08-20 19:54:18,4290,39.74,74.47,23.38,5.85,72.3
2026-08-20 19:54:18,4291,41.89,10.76,0.0,7.1,82.4
2026-08-20 19:54:19,4292,42.51,16.14,0.0,3.89,52.0
2026-08-20 19:54:19,4293,40.34,32.12,23.52,4.42,70.0
2026-08-20 19:54:19,4294,40.67,6.98,0.0,3.98,70.0
2026-08-20 19:54:19,4295,41.98,10.09,0.0,4.96,74.4
2026-08-20 19:54:19,4296,39.39,57.66,21.02,5.97,72.5
2026-08-20 19:54:19,4297,42.28,7.95,0.0,4.6,82.4
2026-08-20 19:54:19,4298,41.4,22.31,0.0,5.08,52.0
2026-08-20 19:54:19,4299,39.74,31.56,23.3,4.97,73.3
2026-08-20 19:54:19,4300,39.9,7.76,0.0,4.46,75.0
2026-08-20 19:54:19,4301,42.25,8.07,0.0,4.98,94.7
2026-08-20 19:54:19,4302,39.25,73.55,20.89,5.46,71.3
2026-08-20 19:54:19,4303,42.27,7.97,0.0,3.91,83.3
2026-08-20 19:54:19,4304,41.51,21.37,0.0,4.57,76.9
2026-08-20 19:54:19,4305,39.75,31.12,23.55,4.02,72.5
2026-08-20 19:54:19,4306,40.18,6.84,0.0,3.69,65.1
2026-08-20 19:54:19,4307,41.14,11.46,0.0,6.13,70.0
2026-08-20 19:54:19,4308,38.47,50.64,26.25,3.79,70.7
2026-08-20 19:54:19,4309,39.05,9.24,0.0,5.78,76.3
2026-08-20 19:54:19,4310,40.92,11.05,0.0,6.46,81.0
2026-08-20 19:54:19,4311,39.88,27.88,20.74,3.76,68.3
2026-08-20 19:54:19,4312,38.98,13.3,0.0,6.14,72.5
2026-08-20 19:54:19,4313,38.77,8.91,0.0,5.33,78.6
2026-08-20 19:54:19,4314,36.17,71.03,28.62,5.06,73.3
2026-08-20 19:54:19,4315,38.2,11.09,0.0,7.03,95.2
2026-08-20 19:54:19,4316,40.62,11.26,0.0,3.82,65.0
2026-08-20 19:54:19,4317,39.23,32.65,24.55,4.77,75.6
2026-08-20 19:54:19,4318,39.12,11.68,0.0,3.79,67.5
2026-08-20 19:54:19,4319,43.04,8.49,0.0,3.97,70.0
2026-08-20 19:54:19,4320,40.03,70.23,22.56,5.22,70.7
2026-08-20 19:54:19,4321,39.9,16.08,0.0,12.9,68.3
2026-08-20 19:54:19,4322,43.37,9.35,0.0,4.91,0.0
2026-08-20 19:54:20,4323,41.18,28.75,20.88,4.77,73.3
2026-08-20 19:54:20,4324,41.01,7.03,0.0,3.94,67.5
2026-08-20 19:54:20,4325,42.94,8.06,0.0,4.28,70.0
2026-08-20 19:54:20,4326,39.87,73.63,23.04,6.51,68.0
2026-08-20 19:54:20,4327,39.6,7.06,0.0,3.97,70.0
2026-08-20 19:54:20,4328,41.85,7.17,0.0,3.77,65.0
2026-08-20 19:54:20,4329,40.0,34.0,25.1,3.83,70.0
2026-08-20 19:54:20,4330,40.47,8.33,0.0,5.26,65.0
2026-08-20 19:54:20,4331,42.9,8.26,0.0,4.93,65.0
2026-08-20 19:54:20,4332,40.16,56.7,21.99,4.59,68.8
2026-08-20 19:54:20,4333,43.04,7.2,0.0,4.14,70.0
2026-08-20 19:54:20,4334,42.25,20.14,0.0,4.94,80.5
2026-08-20 19:54:20,4335,40.25,33.21,25.14,4.98,75.0
2026-08-20 19:54:20,4336,39.03,21.84,0.0,5.57,75.0
2026-08-20 19:54:20,4337,40.83,6.85,0.0,3.87,70.0
2026-08-20 19:54:20,4338,38.18,60.77,21.37,5.78,71.3
2026-08-20 19:54:20,4339,38.19,8.33,0.0,5.23,77.1
2026-08-20 19:54:20,4340,40.36,9.06,0.0,3.93,66.7
2026-08-20 19:54:20,4341,39.1,29.1,20.79,5.12,70.0
2026-08-20 19:54:20,4342,39.21,7.03,0.0,3.87,66.7
2026-08-20 19:54:20,4343,39.93,13.01,0.0,6.83,70.0
2026-08-20 19:54:20,4344,37.39,50.84,24.45,6.06,71.6
2026-08-20 19:54:20,4345,38.09,9.35,0.0,5.41,71.8
2026-08-20 19:54:20,4346,40.27,10.54,0.0,4.87,71.4
2026-08-20 19:54:20,4347,37.99,35.95,28.79,3.78,70.0
2026-08-20 19:54:20,4348,39.05,10.46,0.0,5.12,83.3
2026-08-20 19:54:20,4349,38.85,6.87,0.0,3.88,65.2
2026-08-20 19:54:20,4350,36.53,55.01,23.51,6.47,68.4
2026-08-20 19:54:20,4351,38.49,9.22,0.0,5.33,70.0
2026-08-20 19:54:21,4352,39.63,13.23,0.0,6.15,75.0
2026-08-20 19:54:21,4353,37.57,33.83,25.43,5.16,72.1
2026-08-20 19:54:21,4354,38.21,8.01,0.0,4.92,80.0
2026-08-20 19:54:21,4355,41.15,6.82,0.0,3.74,70.0
2026-08-20 19:54:21,4356,38.71,50.42,21.44,5.1,74.7
2026-08-20 19:54:21,4357,43.92,7.58,0.0,4.33,0.0
2026-08-20 19:54:21,4358,42.71,13.28,0.0,5.08,65.0
2026-08-20 19:54:21,4359,41.14,33.5,24.02,5.27,85.5
2026-08-20 19:54:21,4360,39.47,28.23,0.0,4.13,80.5
2026-08-20 19:54:21,4361,39.3,8.25,0.0,4.05,82.1
2026-08-20 19:54:21,4362,36.89,57.79,24.36,5.67,76.5
2026-08-20 19:54:21,4363,39.69,10.2,0.0,7.36,95.0
2026-08-20 19:54:21,4364,40.31,16.49,0.0,5.28,73.8
2026-08-20 19:54:21,4365,38.55,28.43,21.48,3.88,72.5
2026-08-20 19:54:21,4366,38.65,7.71,0.0,4.56,83.3
2026-08-20 19:54:21,4367,40.83,8.76,0.0,5.59,95.0
2026-08-20 19:54:21,4368,38.34,55.35,22.13,3.89,68.8
2026-08-20 19:54:21,4369,40.72,8.43,0.0,4.34,70.0
2026-08-20 19:54:21,4370,40.32,20.18,0.0,4.07,74.4
2026-08-20 19:54:21,4371,38.74,29.07,22.11,3.8,65.9
2026-08-20 19:54:21,4372,37.49,19.21,0.0,4.07,70.5
2026-08-20 19:54:21,4373,37.0,17.32,0.0,12.91,70.0
2026-08-20 19:54:21,4374,34.9,48.82,27.24,5.41,71.2
2026-08-20 19:54:21,4375,35.52,10.65,0.0,6.39,75.0
2026-08-20 19:54:21,4376,35.49,8.13,0.0,4.91,75.0
2026-08-20 19:54:21,4377,34.18,36.57,26.24,5.21,68.3
2026-08-20 19:54:21,4378,36.09,8.89,0.0,5.45,65.0
2026-08-20 19:54:21,4379,39.01,8.21,0.0,5.01,70.0
2026-08-20 19:54:21,4380,37.01,44.87,21.91,3.76,72.4
2026-08-20 19:54:21,4381,36.73,10.06,0.0,6.53,66.7
2026-08-20 19:54:21,4382,39.0,11.4,0.0,4.81,69.0
2026-08-20 19:54:22,4383,36.97,33.8,24.29,5.42,68.8
2026-08-20 19:54:22,4384,36.86,14.74,0.0,4.51,71.8
2026-08-20 19:54:22,4385,37.19,8.17,0.0,5.0,61.9
2026-08-20 19:54:22,4386,34.97,58.87,22.55,11.75,72.9
2026-08-20 19:54:22,4387,39.0,8.33,0.0,5.43,55.6
2026-08-20 19:54:22,4388,40.0,15.06,0.0,5.58,70.6
2026-08-20 19:54:22,4389,38.06,31.72,23.89,3.79,71.2
2026-08-20 19:54:22,4390,39.25,13.28,0.0,9.24,59.1
2026-08-20 19:54:22,4391,40.65,7.72,0.0,4.79,65.0
2026-08-20 19:54:22,4392,38.06,59.93,24.98,6.29,77.8
2026-08-20 19:54:22,4393,38.02,7.96,0.0,4.23,63.6
2026-08-20 19:54:22,4394,41.29,7.11,0.0,3.96,75.0
2026-08-20 19:54:22,4395,39.53,34.38,24.14,4.89,73.3
2026-08-20 19:54:22,4396,38.59,19.49,0.0,4.26,67.5
2026-08-20 19:54:22,4397,39.95,7.13,0.0,3.96,70.0
2026-08-20 19:54:22,4398,37.39,61.03,21.35,6.01,70.7
2026-08-20 19:54:22,4399,37.54,7.18,0.0,3.92,74.4
2026-08-20 19:54:22,4400,39.87,7.64,0.0,4.53,78.9
2026-08-20 19:54:22,4401,38.31,32.76,24.71,4.19,64.4
2026-08-20 19:54:22,4402,38.67,8.64,0.0,5.44,78.9
2026-08-20 19:54:22,4403,40.88,9.57,0.0,6.07,63.6
2026-08-20 19:54:22,4404,38.23,63.19,26.17,4.57,69.6
2026-08-20 19:54:22,4405,38.17,10.1,0.0,5.12,67.5
2026-08-20 19:54:22,4406,42.14,7.14,0.0,3.89,66.7
2026-08-20 19:54:22,4407,40.57,28.92,21.81,3.98,71.8
2026-08-20 19:54:22,4408,38.99,21.23,0.0,4.03,68.9
2026-08-20 19:54:22,4409,40.93,6.89,0.0,3.68,76.5
2026-08-20 19:54:22,4410,38.28,60.15,22.6,4.1,66.3
2026-08-20 19:54:22,4411,42.07,9.27,0.0,4.33,65.0
2026-08-20 19:54:23,4412,41.29,22.97,0.0,6.71,73.2
2026-08-20 19:54:23,4413,39.71,30.2,21.97,5.08,76.8
2026-08-20 19:54:23,4414,39.9,7.12,0.0,4.07,58.3
2026-08-20 19:54:23,4415,41.79,8.75,0.0,4.12,70.0
2026-08-20 19:54:23,4416,39.01,64.18,21.85,6.17,70.0
2026-08-20 19:54:23,4417,39.6,7.48,0.0,4.8,65.0
2026-08-20 19:54:23,4418,41.09,10.3,0.0,4.1,70.0
2026-08-20 19:54:23,4419,39.91,30.6,21.28,5.76,81.1
2026-08-20 19:54:23,4420,37.89,32.18,0.0,10.64,61.8
2026-08-20 19:54:23,4421,38.56,7.09,0.0,3.94,70.0
2026-08-20 19:54:23,4422,36.4,50.24,23.23,4.77,68.8
2026-08-20 19:54:23,4423,37.57,8.31,0.0,5.29,75.0
2026-08-20 19:54:23,4424,38.4,15.3,0.0,5.21,69.2
2026-08-20 19:54:23,4425,36.87,27.45,19.65,4.01,68.3
2026-08-20 19:54:23,4426,38.35,14.65,0.0,4.36,71.8
2026-08-20 19:54:23,4427,38.75,6.93,0.0,3.74,70.0
2026-08-20 19:54:23,4428,36.38,57.27,24.78,4.67,68.3
2026-08-20 19:54:23,4429,39.3,8.52,0.0,5.03,70.0
2026-08-20 19:54:23,4430,39.75,15.15,0.0,5.11,71.8
2026-08-20 19:54:23,4431,37.81,32.3,22.87,6.23,67.2
2026-08-20 19:54:23,4432,37.08,18.03,0.0,4.02,76.2
2026-08-20 19:54:23,4433,37.87,8.75,0.0,5.59,85.3
2026-08-20 19:54:23,4434,35.67,55.57,21.27,5.04,70.4
2026-08-20 19:54:23,4435,37.68,10.43,0.0,7.51,62.5
2026-08-20 19:54:23,4436,38.18,18.45,0.0,4.21,66.7
2026-08-20 19:54:23,4437,36.57,31.54,24.4,3.88,69.5
2026-08-20 19:54:23,4438,36.68,10.13,0.0,5.09,65.9
2026-08-20 19:54:23,4439,36.37,8.42,0.0,5.15,77.5
2026-08-20 19:54:23,4440,34.76,42.79,23.16,5.33,68.3
2026-08-20 19:54:23,4441,34.61,9.43,0.0,5.96,70.7
2026-08-20 19:54:24,4442,37.78,8.53,0.0,5.35,78.9
2026-08-20 19:54:24,4443,36.47,34.08,24.77,5.39,70.7
2026-08-20 19:54:24,4444,35.69,20.88,0.0,5.32,75.4
2026-08-20 19:54:24,4445,37.42,8.24,0.0,5.09,60.9
2026-08-20 19:54:24,4446,35.17,59.28,20.38,5.43,70.9
2026-08-20 19:54:24,4447,40.23,6.88,0.0,3.79,61.9
2026-08-20 19:54:24,4448,39.38,22.93,0.0,4.78,70.7
2026-08-20 19:54:24,4449,37.87,32.17,23.28,5.67,77.3
2026-08-20 19:54:24,4450,38.21,8.32,0.0,5.08,83.8
2026-08-20 19:54:24,4451,40.53,8.83,0.0,5.02,76.2
2026-08-20 19:54:24,4452,37.99,60.38,23.02,4.19,78.8
2026-08-20 19:54:24,4453,37.52,10.93,0.0,6.88,67.5
2026-08-20 19:54:24,4454,40.57,9.66,0.0,6.1,70.0
2026-08-20 19:54:24,4455,39.12,31.87,24.93,3.86,72.1
2026-08-20 19:54:24,4456,37.7,25.05,0.0,4.89,70.0
2026-08-20 19:54:24,4457,40.16,10.58,0.0,5.49,75.0
2026-08-20 19:54:24,4458,37.53,66.8,22.82,4.79,68.3
2026-08-20 19:54:24,4459,39.1,7.99,0.0,5.02,65.0
2026-08-20 19:54:24,4460,40.08,13.54,0.0,4.2,95.5
2026-08-20 19:54:24,4461,38.03,33.7,23.94,6.6,75.9
2026-08-20 19:54:24,4462,38.84,8.35,0.0,5.24,100.0
2026-08-20 19:54:24,4463,42.01,6.91,0.0,3.95,90.0
2026-08-20 19:54:24,4464,39.46,52.64,21.77,3.82,78.0
2026-08-20 19:54:24,4465,40.75,7.74,0.0,4.68,61.9
2026-08-20 19:54:24,4466,40.62,17.6,0.0,5.36,70.0
2026-08-20 19:54:24,4467,38.79,30.28,22.29,4.05,74.5
2026-08-20 19:54:24,4468,37.73,17.84,0.0,4.69,60.0
2026-08-20 19:54:24,4469,38.54,8.1,0.0,5.12,65.0
2026-08-20 19:54:24,4470,36.22,57.39,22.45,5.89,69.1
2026-08-20 19:54:24,4471,36.94,17.41,0.0,14.09,72.5
2026-08-20 19:54:25,4472,37.99,6.93,0.0,3.89,75.0
2026-08-20 19:54:25,4473,36.75,30.97,23.2,3.88,74.1
2026-08-20 19:54:25,4474,36.02,16.89,0.0,13.38,69.0
2026-08-20 19:54:25,4475,36.62,9.19,0.0,5.56,65.0
2026-08-20 19:54:25,4476,34.8,47.66,24.22,7.04,74.7
2026-08-20 19:54:25,4477,35.48,8.03,0.0,5.03,61.9
2026-08-20 19:54:25,4478,37.56,9.95,0.0,5.92,82.9
2026-08-20 19:54:25,4479,36.42,33.23,24.35,5.52,64.4
2026-08-20 19:54:25,4480,35.59,21.61,0.0,3.68,65.0
2026-08-20 19:54:25,4481,38.0,6.86,0.0,3.94,65.0
2026-08-20 19:54:25,4482,35.53,66.47,24.14,5.15,73.0
2026-08-20 19:54:25,4483,36.71,8.13,0.0,5.11,75.7
2026-08-20 19:54:25,4484,39.32,8.02,0.0,5.04,77.8
2026-08-20 19:54:25,4485,37.85,32.71,23.51,5.21,66.7
2026-08-20 19:54:25,4486,38.14,10.23,0.0,5.08,73.2
2026-08-20 19:54:25,4487,41.57,8.51,0.0,5.44,84.2
2026-08-20 19:54:25,4488,38.77,66.14,26.23,3.79,67.9
2026-08-20 19:54:25,4489,39.37,9.43,0.0,5.61,78.4
2026-08-20 19:54:25,4490,40.48,13.75,0.0,5.46,79.2
2026-08-20 19:54:25,4491,38.39,32.82,23.78,3.97,68.3
2026-08-20 19:54:25,4492,38.07,13.22,0.0,4.64,75.0
2026-08-20 19:54:25,4493,38.24,6.88,0.0,3.77,71.8
2026-08-20 19:54:25,4494,36.03,52.88,23.27,5.48,76.0
2026-08-20 19:54:25,4495,37.67,8.39,0.0,5.22,57.7
2026-08-20 19:54:25,4496,38.9,12.44,0.0,5.38,78.9
2026-08-20 19:54:25,4497,36.92,32.89,23.98,5.89,68.4
2026-08-20 19:54:25,4498,37.51,8.2,0.0,5.5,86.4
2026-08-20 19:54:25,4499,40.34,7.95,0.0,4.66,75.0
2026-08-20 19:54:25,4500,37.94,53.27,25.44,3.83,69.1
2026-08-20 19:54:25,4501,39.07,9.61,0.0,6.36,65.0
2026-08-20 19:54:25,4502,40.62,12.46,0.0,5.31,65.0
2026-08-20 19:54:26,4503,39.27,33.29,23.63,6.52,76.7
2026-08-20 19:54:26,4504,37.46,32.51,0.0,4.46,68.3
2026-08-20 19:54:26,4505,38.2,7.27,0.0,4.17,65.0
2026-08-20 19:54:26,4506,36.04,51.65,21.86,4.94,70.0
2026-08-20 19:54:26,4507,37.23,9.98,0.0,5.9,65.0
2026-08-20 19:54:26,4508,37.9,16.78,0.0,4.2,72.5
2026-08-20 19:54:26,4509,36.38,28.75,21.68,4.1,76.4
2026-08-20 19:54:26,4510,36.72,6.95,0.0,3.83,52.0
2026-08-20 19:54:26,4511,38.72,9.03,0.0,3.96,71.4
2026-08-20 19:54:26,4512,36.37,59.65,25.03,3.95,71.7
2026-08-20 19:54:26,4513,36.45,8.22,0.0,5.07,66.7
2026-08-20 19:54:26,4514,39.55,6.89,0.0,3.96,80.0
2026-08-20 19:54:26,4515,38.15,31.15,24.1,3.96,74.1
2026-08-20 19:54:26,4516,37.1,19.28,0.0,4.23,64.3
2026-08-20 19:54:26,4517,37.9,9.92,0.0,6.35,83.3
2026-08-20 19:54:26,4518,35.55,63.51,22.78,5.77,66.7
2026-08-20 19:54:26,4519,36.34,6.92,0.0,3.91,59.1
2026-08-20 19:54:26,4520,37.86,10.4,0.0,5.42,72.5
2026-08-20 19:54:26,4521,36.6,33.93,23.91,4.66,76.9
2026-08-20 19:54:26,4522,37.41,8.24,0.0,5.21,76.9
2026-08-20 19:54:26,4523,39.83,8.81,0.0,4.88,66.7
2026-08-20 19:54:26,4524,37.35,59.57,22.46,5.15,71.6
2026-08-20 19:54:26,4525,42.31,7.16,0.0,4.07,66.7
2026-08-20 19:54:26,4526,41.13,24.34,0.0,6.04,71.8
2026-08-20 19:54:26,4527,39.88,27.34,20.59,3.69,66.7
2026-08-20 19:54:26,4528,38.28,21.23,0.0,4.09,67.8
2026-08-20 19:54:26,4529,39.95,7.88,0.0,3.92,66.7
2026-08-20 19:54:26,4530,37.38,61.87,23.15,4.68,69.1
2026-08-20 19:54:26,4531,37.57,7.67,0.0,4.73,82.1
2026-08-20 19:54:27,4532,39.88,8.3,0.0,4.18,95.7
2026-08-20 19:54:27,4533,38.39,32.37,22.36,6.44,76.2
2026-08-20 19:54:27,4534,38.64,9.76,0.0,5.45,65.0
2026-08-20 19:54:27,4535,41.43,9.31,0.0,4.59,70.0
2026-08-20 19:54:27,4536,38.72,63.26,23.23,3.88,69.7
2026-08-20 19:54:27,4537,43.93,7.25,0.0,4.24,0.0
2026-08-20 19:54:27,4538,42.87,9.72,0.0,4.15,67.5
2026-08-20 19:54:27,4539,41.39,31.67,23.13,5.03,78.8
2026-08-20 19:54:27,4540,39.48,41.89,0.0,4.97,59.2
2026-08-20 19:54:27,4541,39.2,6.95,0.0,3.95,73.2
2026-08-20 19:54:27,4542,36.93,51.85,22.78,6.06,69.1
2026-08-20 19:54:27,4543,38.11,8.7,0.0,5.74,87.0
2026-08-20 19:54:27,4544,39.42,12.23,0.0,4.27,77.1
2026-08-20 19:54:27,4545,37.55,28.62,20.62,5.0,68.3
2026-08-20 19:54:27,4546,37.42,8.22,0.0,5.19,59.1
2026-08-20 19:54:27,4547,39.91,8.74,0.0,5.43,80.0
2026-08-20 19:54:27,4548,37.61,55.25,21.43,4.11,72.5
2026-08-20 19:54:27,4549,38.75,8.18,0.0,4.58,79.4
2026-08-20 19:54:27,4550,39.78,13.05,0.0,3.9,50.0
2026-08-20 19:54:27,4551,37.88,29.34,20.29,4.13,71.9
2026-08-20 19:54:27,4552,37.0,15.61,0.0,5.52,75.0
2026-08-20 19:54:27,4553,37.6,7.4,0.0,3.83,74.4
2026-08-20 19:54:27,4554,35.44,54.07,20.67,6.04,72.7
2026-08-20 19:54:27,4555,36.96,10.28,0.0,6.68,62.5
2026-08-20 19:54:27,4556,38.26,14.33,0.0,3.94,71.4
2026-08-20 19:54:27,4557,36.5,30.84,22.7,3.87,74.1
2026-08-20 19:54:27,4558,37.11,7.01,0.0,4.02,73.2
2026-08-20 19:54:27,4559,39.86,7.03,0.0,3.88,66.7
2026-08-20 19:54:27,4560,37.29,61.63,24.2,9.21,71.6
2026-08-20 19:54:27,4561,37.65,7.58,0.0,4.12,76.9
2026-08-20 19:54:28,4562,39.48,9.37,0.0,5.7,68.2
2026-08-20 19:54:28,4563,38.23,30.63,22.5,4.96,70.0
2026-08-20 19:54:28,4564,37.25,18.68,0.0,5.53,73.8
2026-08-20 19:54:28,4565,38.3,8.13,0.0,4.95,65.0
2026-08-20 19:54:28,4566,35.99,57.7,23.38,4.23,72.5
2026-08-20 19:54:28,4567,38.87,9.85,0.0,6.67,71.4
2026-08-20 19:54:28,4568,38.66,21.81,0.0,5.6,75.6
2026-08-20 19:54:28,4569,37.19,31.65,24.62,3.84,76.7
2026-08-20 19:54:28,4570,37.89,7.28,0.0,3.82,70.0
2026-08-20 19:54:28,4571,40.19,8.05,0.0,4.95,65.0
2026-08-20 19:54:28,4572,37.65,59.73,22.83,4.02,69.1
2026-08-20 19:54:28,4573,43.07,7.53,0.0,4.75,78.9
2026-08-20 19:54:28,4574,42.13,21.04,0.0,4.78,71.4
2026-08-20 19:54:28,4575,40.58,33.32,23.71,5.02,72.5
2026-08-20 19:54:28,4576,38.76,24.27,0.0,3.98,73.3
2026-08-20 19:54:28,4577,39.77,13.16,0.0,8.99,82.1
2026-08-20 19:54:28,4578,37.28,48.23,21.69,6.18,68.7
2026-08-20 19:54:28,4579,38.17,7.32,0.0,3.77,65.0
2026-08-20 19:54:28,4580,39.49,10.77,0.0,4.5,71.4
2026-08-20 19:54:28,4581,38.05,34.62,24.42,6.63,70.0
2026-08-20 19:54:28,4582,38.81,8.5,0.0,3.94,70.0
2026-08-20 19:54:28,4583,40.84,9.94,0.0,5.58,85.3
2026-08-20 19:54:28,4584,38.17,64.35,21.67,4.57,67.4
2026-08-20 19:54:28,4585,38.95,7.15,0.0,3.89,65.0
2026-08-20 19:54:28,4586,40.04,11.66,0.0,5.09,79.5
2026-08-20 19:54:28,4587,38.8,31.81,23.51,4.98,68.3
2026-08-20 19:54:28,4588,37.25,27.8,0.0,4.29,69.0
2026-08-20 19:54:28,4589,37.19,7.53,0.0,4.08,73.0
2026-08-20 19:54:28,4590,35.03,55.93,24.15,5.98,66.7
2026-08-20 19:54:28,4591,37.64,8.67,0.0,5.41,66.7
2026-08-20 19:54:29,4592,38.66,13.65,0.0,5.24,73.7
2026-08-20 19:54:29,4593,36.89,29.35,21.42,4.58,71.2
2026-08-20 19:54:29,4594,36.89,8.37,0.0,4.77,75.6
2026-08-20 19:54:29,4595,39.7,8.29,0.0,4.94,66.7
2026-08-20 19:54:29,4596,37.47,49.49,21.6,3.73,70.0
2026-08-20 19:54:29,4597,38.83,7.09,0.0,3.95,70.0
2026-08-20 19:54:29,4598,38.88,17.04,0.0,4.28,68.2
2026-08-20 19:54:29,4599,37.18,31.64,22.28,6.03,73.3
2026-08-20 19:54:29,4600,36.23,20.9,0.0,5.4,70.2
2026-08-20 19:54:29,4601,37.85,8.39,0.0,5.31,65.2
2026-08-20 19:54:29,4602,35.54,60.04,22.26,6.8,68.8
2026-08-20 19:54:29,4603,35.91,6.97,0.0,3.94,75.0
2026-08-20 19:54:29,4604,38.38,8.26,0.0,4.5,83.3
2026-08-20 19:54:29,4605,37.19,31.21,22.41,5.51,75.0
2026-08-20 19:54:29,4606,37.78,7.41,0.0,4.23,64.3
2026-08-20 19:54:29,4607,39.49,10.14,0.0,4.87,75.0
2026-08-20 19:54:29,4608,36.91,53.5,26.03,6.28,69.7
2026-08-20 19:54:29,4609,38.47,9.56,0.0,6.22,66.7
2026-08-20 19:54:29,4610,41.46,8.44,0.0,3.64,73.7
2026-08-20 19:54:29,4611,39.66,35.19,25.1,5.44,68.3
2026-08-20 19:54:29,4612,38.26,26.12,0.0,5.07,73.8
2026-08-20 19:54:29,4613,37.87,7.86,0.0,4.78,67.5
2026-08-20 19:54:29,4614,35.77,51.05,22.42,5.23,75.3
2026-08-20 19:54:29,4615,36.95,8.47,0.0,5.14,58.3
2026-08-20 19:54:29,4616,38.24,12.61,0.0,5.42,70.0
2026-08-20 19:54:29,4617,37.59,28.14,21.02,3.86,77.5
2026-08-20 19:54:29,4618,36.05,25.07,0.0,14.57,83.9
2026-08-20 19:54:29,4619,37.69,11.53,0.0,7.86,100.0
2026-08-20 19:54:29,4620,35.41,47.88,33.44,4.59,71.0
2026-08-20 19:54:29,4621,36.01,8.47,0.0,5.28,65.0
2026-08-20 19:54:30,4622,38.89,8.86,0.0,3.84,75.0
2026-08-20 19:54:30,4623,37.6,31.35,22.53,5.24,72.4
2026-08-20 19:54:30,4624,37.21,14.03,0.0,3.92,69.2
2026-08-20 19:54:30,4625,41.5,9.24,0.0,5.43,33.3
2026-08-20 19:54:30,4626,38.67,70.95,21.09,5.57,69.0
2026-08-20 19:54:30,4627,40.35,9.97,0.0,6.1,71.4
2026-08-20 19:54:30,4628,40.91,16.27,0.0,4.0,70.7
2026-08-20 19:54:30,4629,38.99,30.29,23.12,4.13,76.4
2026-08-20 19:54:30,4630,39.21,7.53,0.0,4.49,54.2
2026-08-20 19:54:30,4631,41.57,7.99,0.0,4.05,61.9
2026-08-20 19:54:30,4632,38.93,57.54,24.38,4.76,72.8
2026-08-20 19:54:30,4633,42.36,8.11,0.0,4.86,75.0
2026-08-20 19:54:30,4634,41.8,19.89,0.0,4.59,70.0
2026-08-20 19:54:30,4635,39.91,31.5,24.63,3.77,75.9
2026-08-20 19:54:30,4636,38.81,18.07,0.0,3.92,64.3
2026-08-20 19:54:30,4637,42.77,8.68,0.0,5.17,75.0
2026-08-20 19:54:30,4638,39.85,57.39,20.73,5.35,71.4
2026-08-20 19:54:30,4639,43.55,7.25,0.0,3.85,0.0
2026-08-20 19:54:30,4640,42.49,22.17,0.0,4.87,70.0
2026-08-20 19:54:30,4641,40.79,30.48,21.45,5.93,72.4
2026-08-20 19:54:30,4642,40.7,8.48,0.0,5.34,76.3
2026-08-20 19:54:30,4643,43.22,8.21,0.0,5.02,25.0
2026-08-20 19:54:30,4644,40.33,62.22,22.43,3.92,69.7
2026-08-20 19:54:30,4645,39.93,9.71,0.0,5.87,70.0
2026-08-20 19:54:30,4646,43.28,7.86,0.0,4.62,77.3
2026-08-20 19:54:30,4647,41.53,30.45,23.29,4.19,72.5
2026-08-20 19:54:30,4648,39.77,25.29,0.0,4.81,68.3
2026-08-20 19:54:30,4649,43.99,9.06,0.0,5.73,87.5
2026-08-20 19:54:30,4650,40.94,65.56,21.19,5.15,64.7
2026-08-20 19:54:30,4651,40.45,13.75,0.0,10.42,67.5
2026-08-20 19:54:31,4652,39.22,17.2,0.0,13.03,75.0
2026-08-20 19:54:31,4653,37.62,28.25,20.06,4.93,74.6
2026-08-20 19:54:31,4654,41.87,8.77,0.0,5.92,80.0
2026-08-20 19:54:31,4655,44.23,8.51,0.0,4.65,70.0
2026-08-20 19:54:31,4656,41.51,51.49,20.93,4.61,70.0
2026-08-20 19:54:31,4657,40.75,17.9,0.0,13.7,71.1
2026-08-20 19:54:31,4658,41.37,7.75,0.0,4.32,54.2
2026-08-20 19:54:31,4659,39.58,34.24,25.81,5.09,77.6
2026-08-20 19:54:31,4660,39.27,14.69,0.0,3.85,59.1
2026-08-20 19:54:31,4661,39.84,15.29,0.0,9.9,82.1
2026-08-20 19:54:31,4662,37.25,60.95,25.58,5.78,71.6
2026-08-20 19:54:31,4663,36.49,16.18,0.0,12.77,81.8
2026-08-20 19:54:31,4664,36.59,10.81,0.0,5.07,71.4
2026-08-20 19:54:31,4665,35.74,30.34,22.49,4.82,76.4
2026-08-20 19:54:31,4666,36.86,15.17,0.0,12.01,60.0
2026-08-20 19:54:31,4667,38.39,8.39,0.0,5.23,66.7
2026-08-20 19:54:31,4668,36.61,44.49,20.85,5.86,71.7
2026-08-20 19:54:31,4669,40.72,6.93,0.0,3.86,65.0
2026-08-20 19:54:31,4670,39.97,21.48,0.0,5.19,78.0
2026-08-20 19:54:31,4671,38.28,33.79,25.67,5.08,70.0
2026-08-20 19:54:31,4672,37.35,20.32,0.0,4.37,73.2
2026-08-20 19:54:31,4673,38.33,9.96,0.0,5.06,70.0
2026-08-20 19:54:31,4674,36.02,59.68,19.45,5.92,71.9
2026-08-20 19:54:31,4675,35.69,10.71,0.0,5.8,61.5
2026-08-20 19:54:31,4676,36.56,15.89,0.0,12.67,76.9
2026-08-20 19:54:31,4677,34.97,34.42,26.28,5.17,70.5
2026-08-20 19:54:31,4678,36.77,7.93,0.0,4.9,65.0
2026-08-20 19:54:31,4679,38.69,9.85,0.0,5.82,65.0
2026-08-20 19:54:31,4680,36.64,48.37,23.59,4.05,69.1
2026-08-20 19:54:31,4681,36.96,9.94,0.0,5.73,65.0
2026-08-20 19:54:31,4682,39.88,9.58,0.0,4.28,70.0
2026-08-20 19:54:32,4683,38.73,28.77,22.07,3.66,80.7
2026-08-20 19:54:32,4684,37.03,40.89,0.0,5.48,65.1
2026-08-20 19:54:32,4685,36.96,7.82,0.0,4.68,65.0
2026-08-20 19:54:32,4686,35.1,46.31,19.59,5.36,71.2
2026-08-20 19:54:32,4687,35.51,9.32,0.0,6.2,71.1
2026-08-20 19:54:32,4688,37.36,11.76,0.0,4.53,63.6
2026-08-20 19:54:32,4689,36.56,29.82,22.7,4.14,74.4
2026-08-20 19:54:32,4690,36.07,13.43,0.0,5.26,66.7
2026-08-20 19:54:32,4691,36.47,6.9,0.0,3.79,71.8
2026-08-20 19:54:32,4692,34.37,55.55,23.76,6.56,71.8
2026-08-20 19:54:32,4693,37.49,6.78,0.0,3.79,65.2
2026-08-20 19:54:32,4694,38.19,18.57,0.0,5.67,83.3
2026-08-20 19:54:32,4695,36.41,30.72,22.47,5.09,73.8
2026-08-20 19:54:32,4696,35.52,20.07,0.0,9.72,76.8
2026-08-20 19:54:32,4697,37.03,8.27,0.0,5.14,61.5
2026-08-20 19:54:32,4698,34.92,55.28,21.5,7.43,70.5
2026-08-20 19:54:32,4699,37.33,10.18,0.0,5.74,68.2
2026-08-20 19:54:32,4700,37.76,18.71,0.0,5.67,75.0
2026-08-20 19:54:32,4701,35.97,36.87,28.49,4.36,76.6
2026-08-20 19:54:32,4702,37.52,8.24,0.0,5.2,72.7
2026-08-20 19:54:32,4703,39.96,8.93,0.0,3.89,73.7
2026-08-20 19:54:32,4704,37.51,58.76,22.2,6.18,72.0
2026-08-20 19:54:32,4705,37.17,9.49,0.0,5.25,70.0
2026-08-20 19:54:32,4706,40.76,7.24,0.0,4.16,70.0
2026-08-20 19:54:32,4707,39.27,29.88,22.87,3.74,74.4
2026-08-20 19:54:32,4708,37.78,22.87,0.0,5.16,72.6
2026-08-20 19:54:32,4709,40.42,7.02,0.0,3.82,66.7
2026-08-20 19:54:32,4710,37.82,60.36,21.32,5.7,77.4
2026-08-20 19:54:32,4711,37.85,7.06,0.0,4.09,70.0
2026-08-20 19:54:33,4712,40.05,7.73,0.0,4.34,85.0
2026-08-20 19:54:33,4713,38.56,31.65,22.01,4.49,72.9
2026-08-20 19:54:33,4714,39.03,7.69,0.0,4.44,66.7
2026-08-20 19:54:33,4715,40.41,11.15,0.0,5.17,70.0
2026-08-20 19:54:33,4716,37.86,62.3,22.94,4.54,69.7
2026-08-20 19:54:33,4717,37.65,9.76,0.0,6.5,61.9
2026-08-20 19:54:33,4718,41.55,6.84,0.0,3.79,75.0
2026-08-20 19:54:33,4719,39.91,31.71,23.22,5.41,72.1
2026-08-20 19:54:33,4720,38.24,26.78,0.0,4.63,70.2
2026-08-20 19:54:33,4721,42.49,7.55,0.0,4.6,0.0
2026-08-20 19:54:33,4722,39.71,60.93,20.08,4.78,71.7
2026-08-20 19:54:33,4723,39.39,8.75,0.0,5.07,75.0
2026-08-20 19:54:33,4724,41.28,9.87,0.0,4.73,65.6
2026-08-20 19:54:33,4725,39.92,30.03,21.35,5.05,70.7
2026-08-20 19:54:33,4726,39.71,9.53,0.0,4.42,69.2
2026-08-20 19:54:33,4727,42.03,9.36,0.0,6.07,73.7
2026-08-20 19:54:33,4728,39.22,66.01,22.17,3.96,69.5
2026-08-20 19:54:33,4729,43.97,8.66,0.0,5.54,68.4
2026-08-20 19:54:33,4730,43.17,9.88,0.0,3.72,67.5
2026-08-20 19:54:33,4731,41.4,32.97,25.76,4.24,70.7
2026-08-20 19:54:33,4732,39.57,28.24,0.0,5.12,73.3
2026-08-20 19:54:33,4733,39.33,7.64,0.0,4.34,69.2
2026-08-20 19:54:33,4734,37.09,50.72,20.53,6.0,75.0
2026-08-20 19:54:33,4735,38.39,7.94,0.0,4.37,59.3
2026-08-20 19:54:33,4736,39.02,14.54,0.0,5.45,70.0
2026-08-20 19:54:33,4737,37.27,29.01,20.79,4.3,74.1
2026-08-20 19:54:33,4738,36.97,10.13,0.0,6.39,67.4
2026-08-20 19:54:33,4739,36.82,6.89,0.0,3.83,69.2
2026-08-20 19:54:33,4740,35.24,38.34,22.18,5.11,72.1
2026-08-20 19:54:33,4741,37.99,7.24,0.0,4.17,68.4
2026-08-20 19:54:33,4742,38.07,17.57,0.0,4.36,81.6
2026-08-20 19:54:34,4743,36.45,31.28,22.97,5.28,80.4
2026-08-20 19:54:34,4744,35.77,16.92,0.0,4.08,63.3
2026-08-20 19:54:34,4745,36.4,8.94,0.0,6.14,65.0
2026-08-20 19:54:34,4746,34.33,57.1,22.88,6.28,70.0
2026-08-20 19:54:34,4747,36.82,9.93,0.0,5.67,65.0
2026-08-20 19:54:34,4748,36.58,8.54,0.0,4.19,70.7
2026-08-20 19:54:34,4749,35.56,30.38,23.34,4.01,81.8
2026-08-20 19:54:34,4750,36.02,8.24,0.0,5.12,56.0
2026-08-20 19:54:34,4751,38.8,8.45,0.0,4.5,66.7
2026-08-20 19:54:34,4752,36.46,57.37,21.13,5.31,69.1
2026-08-20 19:54:34,4753,40.55,7.31,0.0,4.18,70.0
2026-08-20 19:54:34,4754,40.01,20.23,0.0,4.97,73.2
2026-08-20 19:54:34,4755,38.32,31.56,23.31,4.26,72.9
2026-08-20 19:54:34,4756,36.94,24.3,0.0,5.81,71.4
2026-08-20 19:54:34,4757,39.69,8.43,0.0,4.93,90.0
2026-08-20 19:54:34,4758,37.2,63.13,20.92,4.92,72.0
2026-08-20 19:54:34,4759,40.8,9.55,0.0,6.44,73.7
2026-08-20 19:54:34,4760,40.47,21.87,0.0,4.28,63.6
2026-08-20 19:54:34,4761,38.69,32.24,22.72,5.77,68.3
2026-08-20 19:54:34,4762,39.08,7.7,0.0,4.57,80.0
2026-08-20 19:54:34,4763,40.91,9.57,0.0,6.37,66.7
2026-08-20 19:54:34,4764,38.3,61.11,21.53,5.13,70.4
2026-08-20 19:54:34,4765,38.18,8.57,0.0,4.84,70.0
2026-08-20 19:54:34,4766,40.67,8.41,0.0,4.41,70.0
2026-08-20 19:54:34,4767,39.2,30.92,23.33,4.23,75.0
2026-08-20 19:54:34,4768,37.76,23.06,0.0,5.06,67.8
2026-08-20 19:54:34,4769,40.45,7.07,0.0,4.07,76.2
2026-08-20 19:54:34,4770,37.74,71.82,23.9,6.26,69.7
2026-08-20 19:54:34,4771,39.18,6.95,0.0,3.86,61.9
2026-08-20 19:54:35,4772,41.25,8.66,0.0,5.31,76.2
2026-08-20 19:54:35,4773,39.75,30.77,23.95,3.84,77.5
2026-08-20 19:54:35,4774,39.59,9.99,0.0,4.99,73.2
2026-08-20 19:54:35,4775,42.27,9.07,0.0,6.48,75.0
2026-08-20 19:54:35,4776,39.48,63.13,21.88,4.16,74.4
2026-08-20 19:54:35,4777,39.26,9.95,0.0,6.8,67.5
2026-08-20 19:54:35,4778,40.51,13.7,0.0,6.58,70.0
2026-08-20 19:54:35,4779,38.41,32.93,25.6,4.3,71.2
2026-08-20 19:54:35,4780,38.97,9.72,0.0,3.73,65.0
2026-08-20 19:54:35,4781,42.25,8.37,0.0,5.51,65.0
2026-08-20 19:54:35,4782,39.36,67.3,22.46,3.87,69.0
2026-08-20 19:54:35,4783,39.79,11.18,0.0,6.91,70.0
2026-08-20 19:54:35,4784,40.9,15.36,0.0,4.22,75.0
2026-08-20 19:54:35,4785,38.99,29.19,19.9,5.55,74.6
2026-08-20 19:54:35,4786,37.89,16.98,0.0,13.64,61.7
2026-08-20 19:54:35,4787,38.68,7.39,0.0,4.21,65.0
2026-08-20 19:54:35,4788,37.18,33.57,20.71,3.78,71.7
2026-08-20 19:54:35,4789,37.97,7.67,0.0,4.59,65.0
2026-08-20 19:54:35,4790,38.15,17.33,0.0,5.25,67.5
2026-08-20 19:54:35,4791,36.64,28.67,20.32,5.36,70.7
2026-08-20 19:54:35,4792,35.78,17.32,0.0,4.3,74.4
2026-08-20 19:54:35,4793,36.67,8.18,0.0,5.1,65.0
2026-08-20 19:54:35,4794,34.51,59.63,22.27,6.15,74.2
2026-08-20 19:54:35,4795,34.76,7.06,0.0,3.94,60.9
2026-08-20 19:54:35,4796,37.38,7.53,0.0,3.9,80.0
2026-08-20 19:54:35,4797,36.16,31.15,21.63,4.45,70.5
2026-08-20 19:54:35,4798,35.54,17.5,0.0,13.51,67.5
2026-08-20 19:54:35,4799,36.68,7.11,0.0,4.2,70.0
2026-08-20 19:54:35,4800,34.54,57.57,35.83,4.37,74.7
2026-08-20 19:54:35,4801,37.36,9.94,0.0,6.41,71.4
2026-08-20 19:54:35,4802,40.13,9.52,0.0,5.42,95.0
2026-08-20 19:54:36,4803,38.8,30.71,23.82,3.89,75.0
2026-08-20 19:54:36,4804,37.49,21.53,0.0,4.52,73.7
2026-08-20 19:54:36,4805,39.67,7.04,0.0,3.91,63.6
2026-08-20 19:54:36,4806,37.07,64.04,23.23,4.75,69.1
2026-08-20 19:54:36,4807,38.05,6.89,0.0,3.77,69.2
2026-08-20 19:54:36,4808,40.41,7.15,0.0,3.81,73.7
2026-08-20 19:54:36,4809,39.03,29.64,21.51,4.16,72.5
2026-08-20 19:54:36,4810,38.72,9.45,0.0,5.25,64.3
2026-08-20 19:54:36,4811,40.8,10.79,0.0,6.57,85.0
2026-08-20 19:54:36,4812,38.09,67.95,26.82,4.08,71.0
2026-08-20 19:54:36,4813,39.27,7.94,0.0,4.92,70.0
2026-08-20 19:54:36,4814,40.91,14.4,0.0,4.09,61.9
2026-08-20 19:54:36,4815,39.63,30.02,22.53,4.14,82.5
2026-08-20 19:54:36,4816,37.94,27.04,0.0,4.92,70.5
2026-08-20 19:54:36,4817,42.12,9.2,0.0,5.87,75.0
2026-08-20 19:54:36,4818,39.19,69.54,24.32,6.07,71.3
2026-08-20 19:54:36,4819,40.8,9.68,0.0,6.14,85.0
2026-08-20 19:54:36,4820,41.59,14.81,0.0,5.72,65.0
2026-08-20 19:54:36,4821,39.48,32.68,23.7,4.44,77.8
2026-08-20 19:54:36,4822,40.04,6.93,0.0,3.8,80.8
2026-08-20 19:54:36,4823,42.41,7.06,0.0,4.0,100.0
2026-08-20 19:54:36,4824,39.66,57.97,24.23,5.54,71.2
2026-08-20 19:54:36,4825,43.59,7.66,0.0,4.57,65.0
2026-08-20 19:54:36,4826,43.19,17.36,0.0,4.94,70.0
2026-08-20 19:54:36,4827,41.17,28.9,20.58,5.04,67.5
2026-08-20 19:54:36,4828,39.69,19.74,0.0,4.55,72.6
2026-08-20 19:54:36,4829,40.05,11.32,0.0,8.01,65.0
2026-08-20 19:54:36,4830,37.59,60.33,23.55,6.42,71.1
2026-08-20 19:54:36,4831,37.56,8.52,0.0,5.43,58.3
2026-08-20 19:54:37,4832,40.59,7.31,0.0,4.16,75.0
2026-08-20 19:54:37,4833,38.98,33.18,23.79,4.31,70.0
2026-08-20 19:54:37,4834,39.68,6.9,0.0,3.89,80.0
2026-08-20 19:54:37,4835,41.37,8.53,0.0,5.39,70.0
2026-08-20 19:54:37,4836,38.54,68.66,19.03,14.24,72.3
2026-08-20 19:54:37,4837,39.48,9.39,0.0,6.02,78.8
2026-08-20 19:54:37,4838,42.71,8.2,0.0,4.96,14.3
2026-08-20 19:54:37,4839,41.01,31.97,23.28,5.43,74.1
2026-08-20 19:54:37,4840,39.46,23.15,0.0,3.87,64.3
2026-08-20 19:54:37,4841,42.04,6.94,0.0,3.84,75.0
2026-08-20 19:54:37,4842,39.27,60.68,19.55,6.06,71.0
2026-08-20 19:54:37,4843,38.91,9.09,0.0,5.05,70.0
2026-08-20 19:54:37,4844,41.46,8.75,0.0,5.81,70.0
2026-08-20 19:54:37,4845,40.05,29.49,20.95,5.42,76.9
2026-08-20 19:54:37,4846,39.86,7.58,0.0,4.34,69.2
2026-08-20 19:54:37,4847,41.25,10.18,0.0,5.19,71.4
2026-08-20 19:54:37,4848,38.67,58.86,20.7,4.1,70.0
2026-08-20 19:54:37,4849,42.81,7.16,0.0,4.33,66.7
2026-08-20 19:54:37,4850,41.33,26.99,0.0,5.04,82.9
2026-08-20 19:54:37,4851,39.12,31.6,24.53,3.73,67.8
2026-08-20 19:54:37,4852,39.37,7.56,0.0,4.2,80.5
2026-08-20 19:54:37,4853,41.75,7.66,0.0,3.91,85.0
2026-08-20 19:54:37,4854,38.97,63.82,21.84,5.94,73.7
2026-08-20 19:54:37,4855,39.48,7.03,0.0,3.92,63.6
2026-08-20 19:54:37,4856,41.01,9.26,0.0,5.3,65.0
2026-08-20 19:54:37,4857,39.66,29.76,21.77,3.92,78.2
2026-08-20 19:54:37,4858,39.3,9.38,0.0,4.16,52.0
2026-08-20 19:54:37,4859,41.6,8.94,0.0,5.05,65.0
2026-08-20 19:54:37,4860,38.91,61.16,20.94,5.08,71.9
2026-08-20 19:54:37,4861,38.38,11.84,0.0,8.49,69.2
2026-08-20 19:54:37,4862,42.17,9.47,0.0,4.4,0.0
2026-08-20 19:54:38,4863,40.62,30.89,22.69,3.98,76.3
2026-08-20 19:54:38,4864,38.83,26.93,0.0,4.0,69.5
2026-08-20 19:54:38,4865,38.59,7.88,0.0,4.73,59.1
2026-08-20 19:54:38,4866,36.45,50.3,23.66,3.64,71.2
2026-08-20 19:54:38,4867,37.95,13.86,0.0,9.25,65.0
2026-08-20 19:54:38,4868,38.65,12.45,0.0,5.28,76.3
2026-08-20 19:54:38,4869,37.66,31.22,23.65,4.06,72.5
2026-08-20 19:54:38,4870,37.5,21.54,0.0,3.73,65.9
2026-08-20 19:54:38,4871,40.96,8.78,0.0,5.68,80.0
2026-08-20 19:54:38,4872,38.19,68.28,23.64,4.02,69.1
2026-08-20 19:54:38,4873,39.33,8.35,0.0,4.38,74.4
2026-08-20 19:54:38,4874,40.86,11.34,0.0,4.19,66.7
2026-08-20 19:54:38,4875,39.68,29.65,21.74,4.83,72.5
2026-08-20 19:54:38,4876,37.87,29.01,0.0,3.78,70.0
2026-08-20 19:54:38,4877,37.64,9.55,0.0,5.53,72.5
2026-08-20 19:54:38,4878,35.48,55.95,24.04,5.71,70.4
2026-08-20 19:54:38,4879,38.13,7.93,0.0,3.77,65.0
2026-08-20 19:54:38,4880,38.45,16.74,0.0,6.35,70.0
2026-08-20 19:54:38,4881,36.79,30.41,23.51,3.78,76.7
2026-08-20 19:54:38,4882,36.99,8.3,0.0,4.3,84.4
2026-08-20 19:54:38,4883,39.77,8.2,0.0,5.01,65.0
2026-08-20 19:54:38,4884,37.43,53.12,22.38,3.81,71.2
2026-08-20 19:54:38,4885,39.27,7.22,0.0,4.07,65.0
2026-08-20 19:54:38,4886,39.2,17.67,0.0,4.43,70.0
2026-08-20 19:54:38,4887,37.39,32.95,23.57,6.14,68.3
2026-08-20 19:54:38,4888,36.92,15.61,0.0,4.24,67.5
2026-08-20 19:54:38,4889,37.16,9.51,0.0,6.35,65.0
2026-08-20 19:54:38,4890,34.99,58.97,23.51,5.36,71.1
2026-08-20 19:54:38,4891,39.0,9.32,0.0,5.31,0.0
2026-08-20 19:54:39,4892,39.17,18.46,0.0,5.22,72.5
2026-08-20 19:54:39,4893,37.37,33.59,24.85,3.77,73.8
2026-08-20 19:54:39,4894,38.23,7.52,0.0,4.26,65.0
2026-08-20 19:54:39,4895,40.41,8.71,0.0,5.0,75.0
2026-08-20 19:54:39,4896,37.92,56.82,23.02,3.77,75.3
2026-08-20 19:54:39,4897,43.52,7.41,0.0,4.4,0.0
2026-08-20 19:54:39,4898,42.31,20.49,0.0,4.7,67.5
2026-08-20 19:54:39,4899,40.51,30.06,23.18,3.8,72.4
2026-08-20 19:54:39,4900,38.86,24.46,0.0,4.38,69.0
2026-08-20 19:54:39,4901,41.46,8.53,0.0,5.24,75.0
2026-08-20 19:54:39,4902,38.83,58.76,20.95,3.78,66.7
2026-08-20 19:54:39,4903,43.04,7.05,0.0,3.93,100.0
2026-08-20 19:54:39,4904,41.84,28.51,0.0,5.85,66.7
2026-08-20 19:54:39,4905,40.0,34.49,24.26,6.17,69.8
2026-08-20 19:54:39,4906,41.1,7.06,0.0,3.85,75.0
2026-08-20 19:54:39,4907,42.3,10.42,0.0,6.71,73.7
2026-08-20 19:54:39,4908,39.56,61.45,19.26,4.9,76.8
2026-08-20 19:54:39,4909,43.65,8.04,0.0,4.68,59.1
2026-08-20 19:54:39,4910,42.6,24.1,0.0,5.41,69.2
2026-08-20 19:54:39,4911,41.21,30.6,22.48,4.74,78.0
2026-08-20 19:54:39,4912,39.33,39.93,0.0,3.88,75.0
2026-08-20 19:54:39,4913,41.46,8.94,0.0,3.81,61.9
2026-08-20 19:54:39,4914,38.72,64.59,20.95,5.32,74.5
2026-08-20 19:54:39,4915,38.92,9.66,0.0,5.69,71.4
2026-08-20 19:54:39,4916,40.97,10.46,0.0,5.34,65.0
2026-08-20 19:54:39,4917,39.44,33.43,25.03,5.21,72.1
2026-08-20 19:54:39,4918,39.8,8.64,0.0,4.47,65.0
2026-08-20 19:54:39,4919,41.28,10.95,0.0,5.53,65.0
2026-08-20 19:54:39,4920,38.53,67.64,24.02,4.78,68.0
2026-08-20 19:54:39,4921,39.33,9.09,0.0,5.92,65.0
2026-08-20 19:54:39,4922,40.71,12.37,0.0,4.21,78.9
2026-08-20 19:54:40,4923,38.63,30.65,22.26,4.26,70.5
2026-08-20 19:54:40,4924,38.44,10.87,0.0,3.79,73.7
2026-08-20 19:54:40,4925,42.33,9.68,0.0,6.11,0.0
2026-08-20 19:54:40,4926,39.45,65.96,21.86,4.75,68.3
2026-08-20 19:54:40,4927,40.11,7.6,0.0,4.96,65.0
2026-08-20 19:54:40,4928,40.9,13.03,0.0,3.88,76.9
2026-08-20 19:54:40,4929,38.88,29.26,21.18,4.78,75.0
2026-08-20 19:54:40,4930,38.65,8.57,0.0,5.12,73.0
2026-08-20 19:54:40,4931,41.95,7.06,0.0,3.76,68.2
2026-08-20 19:54:40,4932,39.39,52.17,21.8,5.28,65.6
2026-08-20 19:54:40,4933,40.4,8.3,0.0,4.19,77.5
2026-08-20 19:54:40,4934,41.29,13.1,0.0,3.96,73.7
2026-08-20 19:54:40,4935,39.26,29.63,20.73,5.72,74.6
2026-08-20 19:54:40,4936,38.41,15.12,0.0,3.86,64.3
2026-08-20 19:54:40,4937,38.65,8.1,0.0,4.64,73.8
2026-08-20 19:54:40,4938,36.35,56.29,22.06,6.02,71.2
2026-08-20 19:54:40,4939,38.38,9.92,0.0,5.38,70.0
2026-08-20 19:54:40,4940,38.92,17.27,0.0,3.79,66.7
2026-08-20 19:54:40,4941,37.24,30.41,22.78,4.47,74.6
2026-08-20 19:54:40,4942,37.52,7.35,0.0,4.27,72.5
2026-08-20 19:54:40,4943,39.33,9.86,0.0,4.69,65.0
2026-08-20 19:54:40,4944,36.86,63.96,23.87,6.2,72.5
2026-08-20 19:54:40,4945,37.2,7.61,0.0,3.97,70.7
2026-08-20 19:54:40,4946,39.14,9.25,0.0,6.08,65.0
2026-08-20 19:54:40,4947,37.67,34.17,25.77,4.14,71.7
2026-08-20 19:54:40,4948,36.96,18.81,0.0,5.38,73.3
2026-08-20 19:54:40,4949,37.86,9.06,0.0,5.22,65.0
2026-08-20 19:54:40,4950,35.4,69.34,20.75,13.29,70.0
2026-08-20 19:54:40,4951,37.63,7.15,0.0,3.96,65.0
2026-08-20 19:54:41,4952,39.75,8.1,0.0,4.11,75.0
2026-08-20 19:54:41,4953,38.58,28.83,20.75,4.29,75.9
2026-08-20 19:54:41,4954,38.48,7.49,0.0,4.31,57.7
2026-08-20 19:54:41,4955,40.88,7.96,0.0,4.75,70.0
2026-08-20 19:54:41,4956,38.27,59.53,21.02,5.48,70.8
2026-08-20 19:54:41,4957,37.84,8.85,0.0,5.27,58.3
2026-08-20 19:54:41,4958,41.03,7.78,0.0,3.98,61.9
2026-08-20 19:54:41,4959,39.46,31.29,24.25,3.91,76.3
2026-08-20 19:54:41,4960,38.16,21.1,0.0,3.93,63.4
2026-08-20 19:54:41,4961,41.87,10.03,0.0,6.7,70.0
2026-08-20 19:54:41,4962,39.01,62.15,21.37,6.41,72.7
2026-08-20 19:54:41,4963,44.44,7.78,0.0,4.11,81.0
2026-08-20 19:54:41,4964,43.37,22.93,0.0,3.73,76.3
2026-08-20 19:54:41,4965,41.36,33.98,24.95,5.92,73.8
2026-08-20 19:54:41,4966,41.48,9.39,0.0,5.02,70.0
2026-08-20 19:54:41,4967,42.92,11.74,0.0,6.56,75.0
2026-08-20 19:54:41,4968,40.21,42.97,20.96,3.82,70.5
2026-08-20 19:54:41,4969,43.96,7.67,0.0,4.69,68.2
2026-08-20 19:54:41,4970,42.87,22.03,0.0,4.32,73.7
2026-08-20 19:54:41,4971,40.99,32.03,23.58,5.28,64.3
2026-08-20 19:54:41,4972,39.18,28.66,0.0,6.45,73.8
2026-08-20 19:54:41,4973,39.04,8.73,0.0,5.21,67.5
2026-08-20 19:54:41,4974,36.83,51.45,24.28,4.93,75.0
2026-08-20 19:54:41,4975,38.09,8.34,0.0,5.11,58.3
2026-08-20 19:54:41,4976,39.88,10.25,0.0,5.02,75.0
2026-08-20 19:54:41,4977,38.43,33.53,23.65,5.84,75.0
2026-08-20 19:54:41,4978,37.63,18.42,0.0,12.01,67.5
2026-08-20 19:54:41,4979,38.54,8.34,0.0,4.96,65.0
2026-08-20 19:54:41,4980,36.23,57.1,27.81,4.55,67.5
2026-08-20 19:54:41,4981,39.76,8.07,0.0,4.83,75.0
2026-08-20 19:54:41,4982,40.9,12.15,0.0,3.98,65.0
2026-08-20 19:54:42,4983,39.84,28.92,21.78,4.15,79.3
2026-08-20 19:54:42,4984,37.99,28.98,0.0,3.76,70.7
2026-08-20 19:54:42,4985,37.99,7.76,0.0,4.06,54.2
2026-08-20 19:54:42,4986,35.71,57.7,22.96,5.44,72.5
2026-08-20 19:54:42,4987,37.06,15.03,0.0,8.46,85.4
2026-08-20 19:54:42,4988,37.94,15.03,0.0,7.41,100.0
2026-08-20 19:54:42,4989,36.14,39.49,24.75,9.05,81.7
2026-08-20 19:54:42,4990,37.7,10.98,0.0,5.87,78.4
2026-08-20 19:54:42,4991,41.3,8.89,0.0,5.55,0.0
2026-08-20 19:54:42,4992,38.79,55.92,23.4,4.1,70.0
2026-08-20 19:54:42,4993,41.33,7.49,0.0,4.27,80.0
2026-08-20 19:54:42,4994,40.45,22.71,0.0,8.05,72.5
2026-08-20 19:54:42,4995,38.88,31.1,22.8,4.29,74.6
2026-08-20 19:54:42,4996,37.82,18.35,0.0,4.28,68.3
2026-08-20 19:54:42,4997,38.73,8.23,0.0,5.01,75.0
2026-08-20 19:54:42,4998,36.44,55.45,19.07,5.11,69.6
2026-08-20 19:54:42,4999,39.01,7.54,0.0,4.11,68.2
2026-08-20 19:54:42,5000,38.89,18.42,0.0,4.21,80.0
2026-08-20 19:54:42,5001,37.26,30.53,23.71,3.9,71.2
2026-08-20 19:54:42,5002,37.6,7.32,0.0,4.09,77.5
2026-08-20 19:54:42,5003,39.64,9.06,0.0,4.84,66.7
2026-08-20 19:54:42,5004,37.22,58.01,22.03,4.26,68.8
2026-08-20 19:54:42,5005,36.94,8.99,0.0,5.3,75.0
2026-08-20 19:54:42,5006,39.99,8.38,0.0,5.16,80.0
2026-08-20 19:54:42,5007,38.54,31.56,24.75,3.73,70.0
2026-08-20 19:54:42,5008,37.16,24.12,0.0,5.38,71.7
2026-08-20 19:54:42,5009,40.24,7.33,0.0,3.83,75.0
2026-08-20 19:54:42,5010,37.67,59.96,20.87,4.95,68.7
2026-08-20 19:54:42,5011,42.01,8.32,0.0,5.13,70.0
2026-08-20 19:54:43,5012,41.28,21.68,0.0,4.38,67.5
2026-08-20 19:54:43,5013,39.53,31.72,22.39,5.22,72.4
2026-08-20 19:54:43,5014,39.76,8.62,0.0,4.27,68.2
2026-08-20 19:54:43,5015,41.82,9.69,0.0,5.1,70.0
2026-08-20 19:54:43,5016,39.07,63.7,21.08,6.87,70.1
2026-08-20 19:54:43,5017,39.28,8.92,0.0,5.78,56.5
2026-08-20 19:54:43,5018,38.53,24.89,0.0,4.62,65.0
2026-08-20 19:54:43,5019,37.32,30.75,23.36,4.3,76.4
2026-08-20 19:54:43,5020,36.33,19.26,0.0,12.85,60.0
2026-08-20 19:54:43,5021,37.95,7.81,0.0,4.61,70.0
2026-08-20 19:54:43,5022,35.77,53.82,23.56,5.83,72.5
2026-08-20 19:54:43,5023,38.1,7.54,0.0,4.87,86.4
2026-08-20 19:54:43,5024,39.2,12.38,0.0,5.3,82.9
2026-08-20 19:54:43,5025,38.32,29.35,22.19,3.8,72.7
2026-08-20 19:54:43,5026,37.12,19.32,0.0,10.84,65.9
2026-08-20 19:54:43,5027,38.58,7.12,0.0,3.95,70.0
2026-08-20 19:54:43,5028,36.29,55.0,27.64,4.0,71.2
2026-08-20 19:54:43,5029,38.39,8.44,0.0,4.62,85.3
2026-08-20 19:54:43,5030,37.28,29.55,0.0,6.18,72.9
2026-08-20 19:54:43,5031,35.54,31.85,23.55,4.2,73.3
2026-08-20 19:54:43,5032,35.98,9.26,0.0,5.22,77.5
2026-08-20 19:54:43,5033,38.1,10.85,0.0,5.53,70.0
2026-08-20 19:54:43,5034,35.95,54.99,24.66,4.87,70.9
2026-08-20 19:54:43,5035,37.38,10.72,0.0,6.2,71.4
2026-08-20 19:54:43,5036,38.89,14.49,0.0,4.51,73.7
2026-08-20 19:54:43,5037,37.08,30.62,22.55,3.77,70.0
2026-08-20 19:54:43,5038,37.07,9.52,0.0,5.43,73.2
2026-08-20 19:54:43,5039,41.01,8.19,0.0,5.0,70.0
2026-08-20 19:54:43,5040,38.34,61.16,23.12,9.83,68.4
2026-08-20 19:54:43,5041,38.22,8.41,0.0,5.39,80.5
2026-08-20 19:54:44,5042,39.04,14.14,0.0,3.94,78.3
2026-08-20 19:54:44,5043,37.18,30.93,21.09,4.73,76.3
2026-08-20 19:54:44,5044,37.36,9.17,0.0,5.19,58.3
2026-08-20 19:54:44,5045,39.99,8.93,0.0,5.6,65.0
2026-08-20 19:54:44,5046,37.56,56.34,23.41,5.4,70.0
2026-08-20 19:54:44,5047,39.47,11.03,0.0,6.75,65.0
2026-08-20 19:54:44,5048,40.05,17.64,0.0,5.39,75.0
2026-08-20 19:54:44,5049,38.41,27.85,20.77,3.84,72.3
2026-08-20 19:54:44,5050,38.3,8.61,0.0,5.42,62.9
2026-08-20 19:54:44,5051,39.96,11.36,0.0,6.93,66.7
2026-08-20 19:54:44,5052,37.33,68.41,19.64,14.33,73.0
2026-08-20 19:54:44,5053,38.63,8.09,0.0,5.51,80.0
2026-08-20 19:54:44,5054,38.38,20.46,0.0,5.18,68.3
2026-08-20 19:54:44,5055,36.87,31.37,23.16,5.12,73.7
2026-08-20 19:54:44,5056,36.12,17.37,0.0,13.99,67.4
2026-08-20 19:54:44,5057,37.19,7.31,0.0,4.13,77.3
2026-08-20 19:54:44,5058,35.31,45.74,22.76,5.61,72.5
2026-08-20 19:54:44,5059,35.79,7.13,0.0,3.93,65.0
2026-08-20 19:54:44,5060,38.57,6.91,0.0,3.74,81.0
2026-08-20 19:54:44,5061,37.2,31.25,23.39,3.95,71.9
2026-08-20 19:54:44,5062,37.61,7.45,0.0,4.23,73.8
2026-08-20 19:54:44,5063,39.97,8.11,0.0,5.07,73.7
2026-08-20 19:54:44,5064,37.37,63.86,24.91,4.7,70.4
2026-08-20 19:54:44,5065,37.39,10.47,0.0,5.79,68.3
2026-08-20 19:54:44,5066,37.16,23.44,0.0,4.09,70.0
2026-08-20 19:54:44,5067,36.02,30.13,22.28,4.14,70.0
2026-08-20 19:54:44,5068,36.11,20.25,0.0,5.76,70.7
2026-08-20 19:54:44,5069,39.87,7.4,0.0,4.29,73.7
2026-08-20 19:54:44,5070,37.31,61.7,21.06,5.2,67.5
2026-08-20 19:54:44,5071,37.81,7.78,0.0,4.35,70.0
2026-08-20 19:54:45,5072,40.08,8.37,0.0,4.13,73.7
2026-08-20 19:54:45,5073,38.68,30.62,22.11,5.31,69.0
2026-08-20 19:54:45,5074,38.2,26.44,0.0,4.71,70.0
2026-08-20 19:54:45,5075,38.18,7.94,0.0,3.92,70.0
2026-08-20 19:54:45,5076,36.0,53.01,24.02,6.57,79.0
2026-08-20 19:54:45,5077,37.38,9.09,0.0,5.92,65.0
2026-08-20 19:54:45,5078,36.6,27.38,0.0,5.23,65.0
2026-08-20 19:54:45,5079,35.44,35.3,24.99,5.06,71.7
2026-08-20 19:54:45,5080,35.35,17.26,0.0,6.73,67.5
2026-08-20 19:54:45,5081,35.72,11.34,0.0,5.23,73.7
2026-08-20 19:54:45,5082,33.83,54.97,24.48,6.24,75.6
2026-08-20 19:54:45,5083,36.14,8.35,0.0,4.75,80.0
2026-08-20 19:54:45,5084,37.67,12.44,0.0,4.27,79.4
2026-08-20 19:54:45,5085,36.75,31.61,24.08,4.09,60.9
2026-08-20 19:54:45,5086,36.46,14.1,0.0,4.92,71.1
2026-08-20 19:54:45,5087,36.89,7.18,0.0,3.99,63.6
2026-08-20 19:54:45,5088,34.74,55.85,22.14,6.47,70.0
2026-08-20 19:54:45,5089,37.59,8.68,0.0,5.19,85.0
2026-08-20 19:54:45,5090,36.48,30.93,0.0,3.76,70.0
2026-08-20 19:54:45,5091,34.88,31.87,23.65,3.95,73.3
2026-08-20 19:54:45,5092,35.63,8.39,0.0,5.0,77.3
2026-08-20 19:54:45,5093,37.98,9.8,0.0,5.68,80.0
2026-08-20 19:54:45,5094,35.71,59.5,23.56,5.55,68.7
2026-08-20 19:54:45,5095,39.02,10.12,0.0,6.56,76.2
2026-08-20 19:54:45,5096,39.42,18.81,0.0,5.54,71.4
2026-08-20 19:54:45,5097,37.58,34.16,23.75,4.44,74.6
2026-08-20 19:54:45,5098,38.73,7.67,0.0,4.19,75.9
2026-08-20 19:54:45,5099,41.28,7.74,0.0,4.01,66.7
2026-08-20 19:54:45,5100,38.61,60.58,22.42,4.03,69.9
2026-08-20 19:54:45,5101,38.34,9.28,0.0,4.72,69.0
2026-08-20 19:54:45,5102,41.08,9.15,0.0,5.74,70.0
2026-08-20 19:54:46,5103,39.44,33.6,25.0,4.46,75.0
2026-08-20 19:54:46,5104,38.35,22.65,0.0,4.29,65.9
2026-08-20 19:54:46,5105,40.71,7.0,0.0,4.05,81.2
2026-08-20 19:54:46,5106,38.05,62.08,21.25,4.62,65.5
2026-08-20 19:54:46,5107,38.11,8.53,0.0,5.18,68.3
2026-08-20 19:54:46,5108,39.37,12.28,0.0,4.24,76.2
2026-08-20 19:54:46,5109,38.42,29.79,20.38,6.3,76.9
2026-08-20 19:54:46,5110,38.33,20.82,0.0,3.94,68.3
2026-08-20 19:54:46,5111,40.18,10.02,0.0,6.26,78.9
2026-08-20 19:54:46,5112,37.58,65.04,23.4,3.87,71.1
2026-08-20 19:54:46,5113,38.31,8.35,0.0,5.03,74.4
2026-08-20 19:54:46,5114,41.61,7.24,0.0,4.0,70.0
2026-08-20 19:54:46,5115,39.67,36.29,24.81,5.25,72.9
2026-08-20 19:54:46,5116,38.38,25.67,0.0,4.49,65.9
2026-08-20 19:54:46,5117,41.17,9.23,0.0,5.38,75.0
2026-08-20 19:54:46,5118,38.41,66.68,20.78,5.85,74.0
2026-08-20 19:54:46,5119,39.27,8.97,0.0,5.22,71.4
2026-08-20 19:54:46,5120,39.87,15.71,0.0,5.71,82.4
2026-08-20 19:54:46,5121,38.03,30.31,21.95,5.18,66.7
2026-08-20 19:54:46,5122,38.06,8.35,0.0,4.31,65.2
2026-08-20 19:54:46,5123,41.19,7.55,0.0,4.22,65.0
2026-08-20 19:54:46,5124,38.73,51.61,21.4,4.22,71.2
2026-08-20 19:54:46,5125,39.83,7.68,0.0,4.31,65.0
2026-08-20 19:54:46,5126,42.14,8.13,0.0,4.96,70.0
2026-08-20 19:54:46,5127,40.18,36.23,23.36,3.9,68.3
2026-08-20 19:54:46,5128,38.49,32.31,0.0,4.08,70.0
2026-08-20 19:54:46,5129,38.68,8.55,0.0,5.46,65.0
2026-08-20 19:54:46,5130,36.47,52.93,20.31,5.04,70.0
2026-08-20 19:54:46,5131,38.3,8.19,0.0,4.14,65.0
2026-08-20 19:54:47,5132,38.7,16.34,0.0,5.03,70.0
2026-08-20 19:54:47,5133,36.9,33.57,25.19,5.03,68.3
2026-08-20 19:54:47,5134,38.6,14.06,0.0,5.02,70.0
2026-08-20 19:54:47,5135,40.13,7.19,0.0,4.02,70.0
2026-08-20 19:54:47,5136,37.54,61.28,23.62,7.24,72.4
2026-08-20 19:54:47,5137,37.34,9.85,0.0,4.75,64.3
2026-08-20 19:54:47,5138,40.5,8.43,0.0,5.29,73.7
2026-08-20 19:54:47,5139,38.87,33.62,25.48,4.11,73.2
2026-08-20 19:54:47,5140,38.12,17.61,0.0,4.42,65.0
2026-08-20 19:54:47,5141,38.57,9.57,0.0,6.4,76.9
2026-08-20 19:54:47,5142,36.24,59.17,22.58,5.38,70.4
2026-08-20 19:54:47,5143,40.48,7.88,0.0,4.59,78.9
2026-08-20 19:54:47,5144,39.91,21.04,0.0,4.07,71.8
2026-08-20 19:54:47,5145,38.08,36.21,18.07,12.75,70.0
2026-08-20 19:54:47,5146,39.6,7.01,0.0,3.75,59.1
2026-08-20 19:54:47,5147,41.22,9.41,0.0,6.15,75.0
2026-08-20 19:54:47,5148,38.54,62.69,25.36,4.74,68.8
2026-08-20 19:54:47,5149,38.87,8.63,0.0,3.82,71.8
2026-08-20 19:54:47,5150,41.45,8.61,0.0,5.38,75.0
2026-08-20 19:54:47,5151,39.98,29.87,21.14,5.29,70.7
2026-08-20 19:54:47,5152,38.49,21.88,0.0,3.8,73.3
2026-08-20 19:54:47,5153,40.2,9.16,0.0,5.25,71.4
2026-08-20 19:54:47,5154,37.64,61.37,21.65,4.29,75.3
2026-08-20 19:54:47,5155,37.44,10.13,0.0,5.65,72.5
2026-08-20 19:54:47,5156,39.78,10.59,0.0,5.39,75.0
2026-08-20 19:54:47,5157,38.44,32.49,24.57,3.82,68.3
2026-08-20 19:54:47,5158,38.55,9.68,0.0,4.41,65.0
2026-08-20 19:54:47,5159,40.75,10.2,0.0,5.93,65.0
2026-08-20 19:54:47,5160,38.1,65.12,22.73,4.16,67.0
2026-08-20 19:54:47,5161,38.39,10.51,0.0,7.21,70.0
2026-08-20 19:54:47,5162,42.64,7.35,0.0,4.18,71.4
2026-08-20 19:54:48,5163,40.62,35.87,24.76,3.93,76.7
2026-08-20 19:54:48,5164,39.03,28.31,0.0,3.9,69.5
2026-08-20 19:54:48,5165,38.92,7.21,0.0,4.07,65.0
2026-08-20 19:54:48,5166,36.64,53.12,24.19,4.7,67.1
2026-08-20 19:54:48,5167,38.03,9.78,0.0,6.41,72.5
2026-08-20 19:54:48,5168,38.99,15.34,0.0,5.1,70.0
2026-08-20 19:54:48,5169,37.32,29.14,21.06,4.14,72.4
2026-08-20 19:54:48,5170,37.42,7.2,0.0,4.11,59.1
2026-08-20 19:54:48,5171,39.7,8.37,0.0,5.15,76.9
2026-08-20 19:54:48,5172,37.4,52.12,19.56,4.12,74.7
2026-08-20 19:54:48,5173,39.24,7.09,0.0,3.91,88.9
2026-08-20 19:54:48,5174,40.78,9.89,0.0,4.57,76.9
2026-08-20 19:54:48,5175,38.84,40.55,24.99,4.23,72.1
2026-08-20 19:54:48,5176,37.55,35.12,0.0,4.75,65.9
2026-08-20 19:54:48,5177,36.89,17.91,0.0,13.54,70.7
2026-08-20 19:54:48,5178,34.86,46.21,26.36,5.69,76.9
2026-08-20 19:54:48,5179,35.66,7.0,0.0,3.84,75.7
2026-08-20 19:54:48,5180,38.25,7.05,0.0,3.93,72.7
2026-08-20 19:54:48,5181,37.04,30.61,21.39,4.13,65.1
2026-08-20 19:54:48,5182,37.38,7.33,0.0,3.94,79.5
2026-08-20 19:54:48,5183,39.4,9.11,0.0,5.94,63.6
2026-08-20 19:54:48,5184,36.88,63.7,24.45,5.19,71.8
2026-08-20 19:54:48,5185,37.04,9.72,0.0,4.93,66.7
2026-08-20 19:54:48,5186,40.17,8.89,0.0,5.47,73.7
2026-08-20 19:54:48,5187,38.58,34.12,25.67,5.27,70.7
2026-08-20 19:54:48,5188,36.82,33.72,0.0,13.35,73.7
2026-08-20 19:54:48,5189,37.89,7.31,0.0,4.03,60.9
2026-08-20 19:54:48,5190,35.94,45.58,21.95,5.44,67.2
2026-08-20 19:54:48,5191,36.22,8.92,0.0,5.35,72.5
2026-08-20 19:54:49,5192,39.08,8.29,0.0,4.96,71.4
2026-08-20 19:54:49,5193,37.64,32.76,23.93,5.64,67.8
2026-08-20 19:54:49,5194,38.15,9.12,0.0,4.35,71.4
2026-08-20 19:54:49,5195,40.21,10.16,0.0,5.49,85.0
2026-08-20 19:54:49,5196,37.63,63.82,22.28,4.31,72.7
2026-08-20 19:54:49,5197,37.91,9.54,0.0,6.25,59.1
2026-08-20 19:54:49,5198,40.72,9.07,0.0,4.73,70.0
2026-08-20 19:54:49,5199,39.31,30.75,20.36,5.28,81.1
2026-08-20 19:54:49,5200,37.47,31.57,0.0,5.31,61.2
2026-08-20 19:54:49,5201,37.7,9.11,0.0,4.05,70.0
2026-08-20 19:54:49,5202,35.59,54.68,21.98,6.25,68.8
2026-08-20 19:54:49,5203,37.05,10.6,0.0,6.3,76.2
2026-08-20 19:54:49,5204,37.02,7.3,0.0,4.1,67.5
2026-08-20 19:54:49,5205,35.85,30.74,21.34,5.37,72.9
2026-08-20 19:54:49,5206,37.08,13.83,0.0,8.16,66.7
2026-08-20 19:54:49,5207,38.51,8.29,0.0,5.23,70.0
2026-08-20 19:54:49,5208,36.01,66.55,29.01,6.12,71.0
2026-08-20 19:54:49,5209,37.11,9.37,0.0,6.14,65.0
2026-08-20 19:54:49,5210,40.29,7.83,0.0,4.6,70.0
2026-08-20 19:54:49,5211,38.91,29.57,21.53,3.99,71.9
2026-08-20 19:54:49,5212,37.74,18.35,0.0,4.19,67.4
2026-08-20 19:54:49,5213,38.64,8.22,0.0,4.95,65.0
2026-08-20 19:54:49,5214,36.31,57.4,19.37,6.85,74.2
2026-08-20 19:54:49,5215,39.53,8.95,0.0,5.41,0.0
2026-08-20 19:54:49,5216,38.96,23.07,0.0,5.38,75.0
2026-08-20 19:54:49,5217,37.5,32.11,23.54,4.68,72.1
2026-08-20 19:54:49,5218,38.23,7.35,0.0,4.18,65.0
2026-08-20 19:54:49,5219,40.59,7.91,0.0,4.9,75.0
2026-08-20 19:54:49,5220,38.06,57.65,21.58,3.96,70.8
2026-08-20 19:54:49,5221,41.09,8.8,0.0,5.58,72.7
2026-08-20 19:54:49,5222,42.9,10.19,0.0,5.09,73.7
2026-08-20 19:54:50,5223,40.43,49.93,24.11,5.46,71.4
2026-08-20 19:54:50,5224,39.12,22.47,0.0,4.27,73.2
2026-08-20 19:54:50,5225,40.73,10.09,0.0,4.67,60.9
2026-08-20 19:54:50,5226,38.07,64.91,22.8,5.91,69.1
2026-08-20 19:54:50,5227,38.78,7.5,0.0,3.9,69.2
2026-08-20 19:54:50,5228,40.36,9.88,0.0,5.42,73.7
2026-08-20 19:54:50,5229,39.01,31.08,22.53,5.13,69.0
2026-08-20 19:54:50,5230,38.82,11.05,0.0,3.86,73.8
2026-08-20 19:54:50,5231,39.48,17.03,0.0,13.54,70.0
2026-08-20 19:54:50,5232,36.95,56.17,19.98,12.48,76.0
2026-08-20 19:54:50,5233,39.17,9.08,0.0,5.61,90.5
2026-08-20 19:54:50,5234,41.61,9.31,0.0,5.29,75.0
2026-08-20 19:54:50,5235,40.02,32.05,21.9,3.97,75.0
2026-08-20 19:54:50,5236,38.28,40.83,0.0,5.11,73.3
2026-08-20 19:54:50,5237,37.94,9.45,0.0,5.36,82.2
2026-08-20 19:54:50,5238,35.85,52.32,23.03,4.89,72.5
2026-08-20 19:54:50,5239,37.38,7.76,0.0,4.99,65.0
2026-08-20 19:54:50,5240,38.6,12.51,0.0,4.47,65.0
2026-08-20 19:54:50,5241,36.86,28.58,20.47,4.85,70.0
2026-08-20 19:54:50,5242,38.91,11.59,0.0,4.7,83.3
2026-08-20 19:54:50,5243,39.05,7.35,0.0,3.96,54.2
2026-08-20 19:54:50,5244,36.78,58.04,20.06,5.82,70.0
2026-08-20 19:54:50,5245,38.47,7.0,0.0,3.82,65.0
2026-08-20 19:54:50,5246,40.15,9.65,0.0,5.43,70.0
2026-08-20 19:54:50,5247,38.33,39.07,25.06,4.99,68.3
2026-08-20 19:54:50,5248,37.12,29.37,0.0,4.08,71.2
2026-08-20 19:54:50,5249,41.46,9.06,0.0,6.07,93.3
2026-08-20 19:54:50,5250,38.68,67.39,20.05,4.96,62.8
2026-08-20 19:54:50,5251,39.38,9.33,0.0,6.18,76.9
2026-08-20 19:54:51,5252,39.68,17.46,0.0,5.38,76.0
2026-08-20 19:54:51,5253,37.96,29.9,22.64,4.1,72.9
2026-08-20 19:54:51,5254,39.38,12.13,0.0,5.39,66.7
2026-08-20 19:54:51,5255,40.23,8.38,0.0,5.18,81.8
2026-08-20 19:54:51,5256,37.82,55.66,22.54,3.68,72.2
2026-08-20 19:54:51,5257,40.37,7.44,0.0,4.2,70.8
2026-08-20 19:54:51,5258,41.65,9.74,0.0,6.29,62.5
2026-08-20 19:54:51,5259,39.62,40.68,22.43,3.99,68.9
2026-08-20 19:54:51,5260,38.1,33.64,0.0,4.41,64.3
2026-08-20 19:54:51,5261,38.41,10.32,0.0,6.0,75.0
2026-08-20 19:54:51,5262,36.08,60.78,23.43,6.02,67.5
2026-08-20 19:54:51,5263,36.34,7.1,0.0,3.88,72.5
2026-08-20 19:54:51,5264,38.77,7.61,0.0,4.05,75.0
2026-08-20 19:54:51,5265,37.35,32.31,21.74,5.35,76.9
2026-08-20 19:54:51,5266,36.7,17.67,0.0,13.42,71.2
2026-08-20 19:54:51,5267,37.24,9.82,0.0,5.75,63.6
2026-08-20 19:54:51,5268,35.64,41.07,21.23,4.64,75.9
2026-08-20 19:54:51,5269,38.47,8.73,0.0,4.25,59.1
2026-08-20 19:54:51,5270,40.44,9.75,0.0,6.21,70.0
2026-08-20 19:54:51,5271,38.57,40.42,20.73,4.44,70.0
2026-08-20 19:54:51,5272,36.83,40.56,0.0,4.55,72.1
2026-08-20 19:54:51,5273,40.12,7.4,0.0,4.26,65.0
2026-08-20 19:54:51,5274,37.57,59.99,19.41,6.35,70.0
2026-08-20 19:54:51,5275,37.58,6.94,0.0,3.77,70.0
2026-08-20 19:54:51,5276,39.68,8.07,0.0,4.05,70.0
2026-08-20 19:54:51,5277,38.08,34.25,26.12,4.94,70.0
2026-08-20 19:54:51,5278,39.35,6.77,0.0,3.8,65.0
2026-08-20 19:54:51,5279,41.13,9.44,0.0,5.17,65.0
2026-08-20 19:54:51,5280,38.35,69.17,24.76,6.27,68.3
2026-08-20 19:54:51,5281,39.97,8.44,0.0,5.2,75.0
2026-08-20 19:54:51,5282,43.07,7.04,0.0,3.86,65.0
2026-08-20 19:54:52,5283,41.01,35.57,24.42,4.96,73.3
2026-08-20 19:54:52,5284,39.49,27.4,0.0,3.95,71.9
2026-08-20 19:54:52,5285,43.47,8.44,0.0,5.29,0.0
2026-08-20 19:54:52,5286,40.42,69.59,22.99,5.39,70.0
2026-08-20 19:54:52,5287,42.22,8.65,0.0,4.41,65.0
2026-08-20 19:54:52,5288,41.99,18.41,0.0,5.04,83.3
2026-08-20 19:54:52,5289,40.17,28.39,19.4,4.81,76.4
2026-08-20 19:54:52,5290,40.04,7.14,0.0,3.96,52.0
2026-08-20 19:54:52,5291,42.44,7.19,0.0,4.12,70.0
2026-08-20 19:54:52,5292,39.67,59.07,28.69,4.17,73.2
2026-08-20 19:54:52,5293,43.2,8.43,0.0,5.08,85.0
2026-08-20 19:54:52,5294,45.05,9.1,0.0,3.99,83.3
2026-08-20 19:54:52,5295,42.63,40.99,23.58,4.77,71.2
2026-08-20 19:54:52,5296,41.0,30.98,0.0,3.8,68.3
2026-08-20 19:54:52,5297,44.6,8.15,0.0,5.29,84.2
2026-08-20 19:54:52,5298,41.47,56.67,21.5,4.94,68.6
2026-08-20 19:54:52,5299,44.74,7.13,0.0,3.97,83.3
2026-08-20 19:54:52,5300,43.65,21.12,0.0,5.87,56.5
2026-08-20 19:54:52,5301,41.81,28.76,21.72,3.91,71.2
2026-08-20 19:54:52,5302,41.57,7.16,0.0,4.02,75.0
2026-08-20 19:54:52,5303,43.54,8.29,0.0,3.92,81.0
2026-08-20 19:54:52,5304,40.63,62.15,24.2,3.75,70.5
2026-08-20 19:54:52,5305,40.24,9.4,0.0,5.29,66.7
2026-08-20 19:54:52,5306,43.08,8.51,0.0,4.42,75.0
2026-08-20 19:54:52,5307,41.46,29.72,21.26,4.36,74.4
2026-08-20 19:54:52,5308,39.24,34.73,0.0,13.98,74.6
2026-08-20 19:54:52,5309,40.25,8.25,0.0,4.19,72.5
2026-08-20 19:54:52,5310,37.93,50.76,24.47,5.21,71.2
2026-08-20 19:54:52,5311,38.33,10.72,0.0,6.52,65.4
2026-08-20 19:54:53,5312,40.64,11.53,0.0,6.83,83.3
2026-08-20 19:54:53,5313,39.34,31.71,22.72,5.39,71.4
2026-08-20 19:54:53,5314,39.52,7.98,0.0,3.89,72.5
2026-08-20 19:54:53,5315,41.61,8.54,0.0,5.29,70.0
2026-08-20 19:54:53,5316,38.87,63.76,19.65,4.03,69.4
2026-08-20 19:54:53,5317,39.05,8.28,0.0,5.06,56.5
2026-08-20 19:54:53,5318,41.73,7.77,0.0,4.81,70.0
2026-08-20 19:54:53,5319,39.89,34.92,24.6,4.1,71.7
2026-08-20 19:54:53,5320,38.53,25.94,0.0,3.8,65.0
2026-08-20 19:54:53,5321,41.3,9.49,0.0,6.15,65.0
2026-08-20 19:54:53,5322,38.44,72.08,20.43,10.34,69.3
2026-08-20 19:54:53,5323,40.37,10.31,0.0,5.22,75.0
2026-08-20 19:54:53,5324,41.16,15.64,0.0,6.18,72.5
2026-08-20 19:54:53,5325,39.26,28.59,20.7,4.04,72.9
2026-08-20 19:54:53,5326,39.12,7.01,0.0,3.91,59.1
2026-08-20 19:54:53,5327,41.07,8.64,0.0,5.38,70.0
2026-08-20 19:54:53,5328,38.63,52.62,23.51,3.91,70.4
2026-08-20 19:54:53,5329,40.05,7.56,0.0,4.33,65.0
2026-08-20 19:54:53,5330,42.4,7.75,0.0,4.63,70.0
2026-08-20 19:54:53,5331,40.26,39.47,24.11,4.14,75.0
2026-08-20 19:54:53,5332,38.89,30.23,0.0,3.94,77.0
2026-08-20 19:54:53,5333,38.74,9.43,0.0,6.15,77.1
2026-08-20 19:54:53,5334,36.4,58.57,24.1,5.13,68.7
2026-08-20 19:54:53,5335,39.24,9.91,0.0,5.58,68.2
2026-08-20 19:54:53,5336,39.51,18.55,0.0,5.33,71.4
2026-08-20 19:54:53,5337,37.74,32.22,25.23,3.85,70.0
2026-08-20 19:54:53,5338,38.31,7.27,0.0,4.17,71.8
2026-08-20 19:54:53,5339,40.21,9.11,0.0,4.55,66.7
2026-08-20 19:54:53,5340,37.82,54.66,23.61,3.85,71.4
2026-08-20 19:54:53,5341,42.27,7.92,0.0,4.54,40.0
2026-08-20 19:54:53,5342,42.99,8.01,0.0,5.31,71.8
2026-08-20 19:54:54,5343,40.84,39.02,22.91,3.89,72.9
2026-08-20 19:54:54,5344,39.01,35.43,0.0,5.19,67.2
2026-08-20 19:54:54,5345,39.99,8.49,0.0,4.14,70.0
2026-08-20 19:54:54,5346,37.48,59.49,21.68,5.38,73.8
2026-08-20 19:54:54,5347,39.4,13.1,0.0,8.79,76.2
2026-08-20 19:54:54,5348,39.24,8.14,0.0,5.7,85.7
2026-08-20 19:54:54,5349,37.96,29.81,20.06,4.51,70.0
2026-08-20 19:54:54,5350,37.71,10.11,0.0,6.01,67.5
2026-08-20 19:54:54,5351,40.56,9.76,0.0,6.15,65.0
2026-08-20 19:54:54,5352,38.11,56.27,20.73,4.27,75.3
2026-08-20 19:54:54,5353,41.11,6.98,0.0,3.78,70.0
2026-08-20 19:54:54,5354,42.67,8.59,0.0,5.31,75.0
2026-08-20 19:54:54,5355,40.44,41.83,21.83,3.96,68.3
2026-08-20 19:54:54,5356,38.66,38.21,0.0,4.29,73.3
2026-08-20 19:54:54,5357,40.65,7.79,0.0,4.59,73.7
2026-08-20 19:54:54,5358,38.0,62.47,23.78,4.54,69.6
2026-08-20 19:54:54,5359,42.34,8.46,0.0,5.38,83.3
2026-08-20 19:54:54,5360,41.55,24.33,0.0,6.06,75.0
2026-08-20 19:54:54,5361,39.76,34.56,25.48,5.6,67.4
2026-08-20 19:54:54,5362,40.64,7.12,0.0,3.98,78.4
2026-08-20 19:54:54,5363,42.63,8.69,0.0,4.95,73.7
2026-08-20 19:54:54,5364,39.83,61.26,20.19,4.64,67.9
2026-08-20 19:54:54,5365,39.69,8.33,0.0,5.16,77.5
2026-08-20 19:54:54,5366,42.2,8.27,0.0,4.15,82.4
2026-08-20 19:54:54,5367,40.53,31.55,21.28,4.83,65.9
2026-08-20 19:54:54,5368,38.8,27.62,0.0,5.2,67.2
2026-08-20 19:54:54,5369,38.56,7.59,0.0,4.37,71.1
2026-08-20 19:54:54,5370,36.38,51.1,22.75,6.1,64.5
2026-08-20 19:54:54,5371,37.44,9.41,0.0,6.15,72.5
2026-08-20 19:54:55,5372,39.44,11.33,0.0,4.09,68.4
2026-08-20 19:54:55,5373,38.5,28.64,20.88,4.2,75.0
2026-08-20 19:54:55,5374,37.58,14.77,0.0,4.63,63.4
2026-08-20 19:54:55,5375,37.64,9.46,0.0,5.49,70.0
2026-08-20 19:54:55,5376,35.69,48.7,21.43,3.92,75.0
2026-08-20 19:54:55,5377,36.13,9.57,0.0,6.32,69.2
2026-08-20 19:54:55,5378,39.26,8.94,0.0,5.54,65.0
2026-08-20 19:54:55,5379,37.75,34.25,22.05,3.71,70.5
2026-08-20 19:54:55,5380,36.23,32.51,0.0,4.24,65.0
2026-08-20 19:54:55,5381,36.83,8.76,0.0,5.54,70.0
2026-08-20 19:54:55,5382,34.73,55.98,21.8,6.54,76.5
2026-08-20 19:54:55,5383,37.07,9.15,0.0,5.26,75.0
2026-08-20 19:54:55,5384,37.49,18.17,0.0,4.34,68.3
2026-08-20 19:54:55,5385,36.23,27.27,20.47,3.72,82.9
2026-08-20 19:54:55,5386,37.05,17.76,0.0,5.48,67.5
2026-08-20 19:54:55,5387,37.71,9.17,0.0,5.48,70.0
2026-08-20 19:54:55,5388,35.57,54.69,18.49,5.54,76.8
2026-08-20 19:54:55,5389,37.64,8.43,0.0,5.22,65.0
2026-08-20 19:54:55,5390,39.79,9.35,0.0,6.29,65.0
2026-08-20 19:54:55,5391,37.97,40.13,20.91,5.77,70.0
2026-08-20 19:54:55,5392,36.64,32.67,0.0,4.13,74.2
2026-08-20 19:54:55,5393,37.23,8.6,0.0,5.39,65.0
2026-08-20 19:54:55,5394,34.99,60.1,23.44,5.3,72.6
2026-08-20 19:54:55,5395,35.36,7.35,0.0,4.1,56.0
2026-08-20 19:54:55,5396,37.35,9.14,0.0,5.24,78.6
2026-08-20 19:54:55,5397,36.29,30.71,23.05,4.09,69.2
2026-08-20 19:54:55,5398,35.41,19.25,0.0,13.85,64.3
2026-08-20 19:54:55,5399,36.91,8.64,0.0,4.1,70.0
2026-08-20 19:54:55,5400,34.91,51.63,29.13,4.59,68.8
2026-08-20 19:54:55,5401,36.38,8.79,0.0,4.1,80.6
2026-08-20 19:54:55,5402,39.49,8.18,0.0,4.65,75.0
2026-08-20 19:54:56,5403,38.07,31.72,22.92,5.36,67.4
2026-08-20 19:54:56,5404,36.78,23.38,0.0,5.18,72.1
2026-08-20 19:54:56,5405,39.68,6.96,0.0,3.96,76.5
2026-08-20 19:54:56,5406,37.07,64.58,23.06,6.27,66.7
2026-08-20 19:54:56,5407,37.69,8.22,0.0,4.02,67.5
2026-08-20 19:54:56,5408,40.04,9.55,0.0,4.16,70.0
2026-08-20 19:54:56,5409,38.49,34.28,23.79,6.42,73.2
2026-08-20 19:54:56,5410,38.75,11.56,0.0,4.41,88.4
2026-08-20 19:54:56,5411,38.39,8.53,0.0,5.16,74.4
2026-08-20 19:54:56,5412,36.27,50.97,20.43,8.13,74.7
2026-08-20 19:54:56,5413,37.75,8.47,0.0,4.03,65.2
2026-08-20 19:54:56,5414,40.58,8.16,0.0,4.96,77.8
2026-08-20 19:54:56,5415,38.75,36.89,25.68,4.18,77.4
2026-08-20 19:54:56,5416,37.21,33.92,0.0,4.32,64.3
2026-08-20 19:54:56,5417,37.96,8.72,0.0,5.5,74.4
2026-08-20 19:54:56,5418,35.83,52.98,22.65,3.89,68.8
2026-08-20 19:54:56,5419,37.15,9.29,0.0,5.14,63.6
2026-08-20 19:54:56,5420,37.78,16.88,0.0,6.28,70.0
2026-08-20 19:54:56,5421,36.12,32.18,24.88,3.94,70.0
2026-08-20 19:54:56,5422,36.62,8.45,0.0,5.05,82.9
2026-08-20 19:54:56,5423,39.21,8.77,0.0,4.79,94.4
2026-08-20 19:54:56,5424,36.73,47.55,25.74,7.31,68.3
2026-08-20 19:54:56,5425,37.63,15.97,0.0,13.01,80.0
2026-08-20 19:54:56,5426,39.2,8.77,0.0,5.25,65.0
2026-08-20 19:54:56,5427,38.05,28.9,20.79,3.95,74.4
2026-08-20 19:54:56,5428,36.98,17.34,0.0,4.16,67.2
2026-08-20 19:54:56,5429,37.68,8.63,0.0,5.03,65.0
2026-08-20 19:54:56,5430,35.39,60.42,23.88,5.28,71.1
2026-08-20 19:54:56,5431,35.66,7.1,0.0,3.89,59.1
2026-08-20 19:54:57,5432,35.73,18.63,0.0,12.7,71.4
2026-08-20 19:54:57,5433,34.33,33.65,24.09,4.47,71.7
2026-08-20 19:54:57,5434,35.36,7.98,0.0,5.13,70.0
2026-08-20 19:54:57,5435,37.86,8.97,0.0,4.98,70.0
2026-08-20 19:54:57,5436,36.16,42.07,21.24,4.65,75.0
2026-08-20 19:54:57,5437,35.91,9.77,0.0,4.97,67.5
2026-08-20 19:54:57,5438,39.23,8.76,0.0,5.22,70.0
2026-08-20 19:54:57,5439,37.49,38.57,20.79,13.85,71.7
2026-08-20 19:54:57,5440,36.89,27.9,0.0,3.93,65.0
2026-08-20 19:54:57,5441,38.72,8.88,0.0,3.73,70.0
2026-08-20 19:54:57,5442,36.29,62.44,22.65,3.9,71.7
2026-08-20 19:54:57,5443,37.2,16.19,0.0,12.76,71.4
2026-08-20 19:54:57,5444,38.35,8.44,0.0,5.31,75.0
2026-08-20 19:54:57,5445,37.16,30.35,21.03,5.18,79.5
2026-08-20 19:54:57,5446,37.12,10.52,0.0,5.34,68.3
2026-08-20 19:54:57,5447,40.04,9.53,0.0,5.68,75.0
2026-08-20 19:54:57,5448,37.42,66.47,25.99,4.24,68.8
2026-08-20 19:54:57,5449,38.22,9.42,0.0,4.62,74.4
2026-08-20 19:54:57,5450,41.99,7.0,0.0,3.88,80.0
2026-08-20 19:54:57,5451,40.05,35.41,22.86,6.16,69.0
2026-08-20 19:54:57,5452,38.54,28.51,0.0,4.18,70.0
2026-08-20 19:54:57,5453,38.66,7.19,0.0,3.98,70.0
2026-08-20 19:54:57,5454,36.4,54.5,23.46,4.86,74.7
2026-08-20 19:54:57,5455,37.88,9.86,0.0,6.08,62.5
2026-08-20 19:54:57,5456,38.56,16.91,0.0,5.54,71.4
2026-08-20 19:54:57,5457,36.87,31.04,23.2,4.19,73.3
2026-08-20 19:54:57,5458,37.47,7.36,0.0,4.11,72.5
2026-08-20 19:54:57,5459,39.9,7.87,0.0,3.91,75.0
2026-08-20 19:54:57,5460,37.36,62.09,25.99,6.53,66.7
2026-08-20 19:54:57,5461,37.79,8.11,0.0,4.92,73.7
2026-08-20 19:54:57,5462,40.59,7.82,0.0,4.33,68.2
2026-08-20 19:54:58,5463,39.09,30.88,23.3,4.34,76.9
2026-08-20 19:54:58,5464,37.84,20.58,0.0,4.6,77.0
2026-08-20 19:54:58,5465,40.07,10.64,0.0,6.55,73.7
2026-08-20 19:54:58,5466,37.45,68.52,23.56,5.8,67.5
2026-08-20 19:54:58,5467,37.68,7.27,0.0,3.84,63.4
2026-08-20 19:54:58,5468,37.9,16.27,0.0,12.6,68.2
2026-08-20 19:54:58,5469,36.36,29.64,21.23,5.18,71.2
2026-08-20 19:54:58,5470,41.37,7.12,0.0,3.99,80.0
2026-08-20 19:54:58,5471,43.76,9.57,0.0,4.9,70.0
2026-08-20 19:54:58,5472,40.79,65.2,24.6,4.32,79.4
2026-08-20 19:54:58,5473,40.59,10.94,0.0,6.83,66.7
2026-08-20 19:54:58,5474,44.83,7.49,0.0,4.07,65.0
2026-08-20 19:54:58,5475,42.95,29.93,21.57,4.85,79.1
2026-08-20 19:54:58,5476,41.14,22.26,0.0,4.13,70.7
2026-08-20 19:54:58,5477,44.46,9.37,0.0,6.26,75.0
2026-08-20 19:54:58,5478,41.33,65.13,22.31,5.3,69.3
2026-08-20 19:54:58,5479,41.58,7.92,0.0,4.42,65.0
2026-08-20 19:54:58,5480,42.59,11.79,0.0,4.38,70.0
2026-08-20 19:54:58,5481,40.86,35.4,25.15,7.04,73.3
2026-08-20 19:54:58,5482,41.21,9.86,0.0,4.77,70.0
2026-08-20 19:54:58,5483,43.83,8.75,0.0,5.05,75.0
2026-08-20 19:54:58,5484,40.69,73.63,28.96,5.49,70.3
2026-08-20 19:54:58,5485,43.46,9.3,0.0,6.06,66.7
2026-08-20 19:54:58,5486,45.24,10.15,0.0,4.08,81.2
2026-08-20 19:54:58,5487,43.33,32.45,20.17,5.04,60.0
2026-08-20 19:54:58,5488,41.13,31.23,0.0,5.28,66.1
2026-08-20 19:54:58,5489,41.21,7.25,0.0,4.36,79.4
2026-08-20 19:54:58,5490,38.69,55.33,25.29,4.88,67.1
2026-08-20 19:54:58,5491,40.0,10.64,0.0,5.11,73.7
2026-08-20 19:54:59,5492,41.23,14.28,0.0,4.97,72.7
2026-08-20 19:54:59,5493,39.24,29.17,20.72,4.49,73.3
2026-08-20 19:54:59,5494,39.15,7.25,0.0,4.09,73.8
2026-08-20 19:54:59,5495,41.43,7.91,0.0,4.56,73.7
2026-08-20 19:54:59,5496,38.94,52.29,20.25,4.85,75.0
2026-08-20 19:54:59,5497,40.21,7.55,0.0,3.92,56.0
2026-08-20 19:54:59,5498,42.66,7.44,0.0,4.41,70.0
2026-08-20 19:54:59,5499,40.66,35.68,22.1,4.45,72.9
2026-08-20 19:54:59,5500,38.94,31.31,0.0,4.1,65.9
2026-08-20 19:54:59,5501,38.93,9.56,0.0,6.34,75.0
2026-08-20 19:54:59,5502,36.61,57.28,23.32,5.42,67.5
2026-08-20 19:54:59,5503,38.96,9.86,0.0,5.73,95.2
2026-08-20 19:54:59,5504,39.19,18.32,0.0,5.96,77.5
2026-08-20 19:54:59,5505,36.77,59.59,45.41,8.18,92.6
2026-08-20 19:54:59,5506,38.46,9.64,0.0,5.49,71.4
2026-08-20 19:54:59,5507,41.7,7.77,0.0,4.39,65.0
2026-08-20 19:54:59,5508,39.58,40.48,22.68,5.49,70.0
2026-08-20 19:54:59,5509,42.34,7.38,0.0,4.14,65.0
2026-08-20 19:54:59,5510,43.04,11.61,0.0,6.61,65.0
2026-08-20 19:54:59,5511,40.94,41.43,21.41,4.74,78.3
2026-08-20 19:54:59,5512,39.28,34.63,0.0,5.39,80.3
2026-08-20 19:54:59,5513,39.96,8.78,0.0,5.37,71.4
2026-08-20 19:54:59,5514,37.48,58.8,23.26,5.31,71.9
2026-08-20 19:54:59,5515,37.38,7.62,0.0,4.44,58.3
2026-08-20 19:54:59,5516,39.22,9.59,0.0,5.49,65.0
2026-08-20 19:54:59,5517,38.1,29.31,21.4,3.96,73.3
2026-08-20 19:54:59,5518,37.93,8.74,0.0,4.59,75.0
2026-08-20 19:54:59,5519,40.42,8.52,0.0,5.93,66.7
2026-08-20 19:54:59,5520,37.91,58.5,20.59,5.03,65.9
2026-08-20 19:54:59,5521,41.59,7.95,0.0,4.27,65.0
2026-08-20 19:54:59,5522,43.08,9.47,0.0,5.06,71.4
2026-08-20 19:55:00,5523,40.42,54.77,24.54,14.07,75.0
2026-08-20 19:55:00,5524,39.52,23.55,0.0,4.26,66.7
2026-08-20 19:55:00,5525,41.9,7.83,0.0,4.28,82.4
2026-08-20 19:55:00,5526,39.09,64.61,23.83,5.51,66.3
2026-08-20 19:55:00,5527,39.76,6.7,0.0,3.72,76.3
2026-08-20 19:55:00,5528,41.5,8.44,0.0,4.25,66.7
2026-08-20 19:55:00,5529,39.83,32.67,23.43,5.18,70.7
2026-08-20 19:55:00,5530,40.07,8.37,0.0,5.11,75.0
2026-08-20 19:55:00,5531,41.98,9.27,0.0,4.38,70.0
2026-08-20 19:55:00,5532,39.16,66.4,21.59,6.12,76.0
2026-08-20 19:55:00,5533,39.55,9.56,0.0,5.75,90.9
2026-08-20 19:55:00,5534,43.22,7.19,0.0,4.09,80.0
2026-08-20 19:55:00,5535,41.31,32.66,23.19,4.33,77.0
2026-08-20 19:55:00,5536,39.63,26.38,0.0,5.18,67.5
2026-08-20 19:55:00,5537,43.31,7.99,0.0,4.04,70.0
2026-08-20 19:55:00,5538,40.36,64.35,21.13,5.04,69.3
2026-08-20 19:55:00,5539,40.4,8.87,0.0,5.56,65.0
2026-08-20 19:55:00,5540,41.49,12.92,0.0,5.25,80.0
2026-08-20 19:55:00,5541,39.37,31.16,21.68,6.23,68.3
2026-08-20 19:55:00,5542,39.4,8.37,0.0,5.19,68.2
2026-08-20 19:55:00,5543,41.69,8.96,0.0,5.18,70.0
2026-08-20 19:55:00,5544,39.25,50.7,21.3,4.31,70.7
2026-08-20 19:55:00,5545,40.48,7.06,0.0,3.9,65.0
2026-08-20 19:55:00,5546,42.53,8.01,0.0,4.12,70.0
2026-08-20 19:55:00,5547,40.17,44.71,23.71,8.45,72.4
2026-08-20 19:55:00,5548,38.73,20.53,0.0,9.01,61.4
2026-08-20 19:55:00,5549,39.97,8.55,0.0,5.42,75.0
2026-08-20 19:55:00,5550,37.53,57.11,23.53,5.41,71.1
2026-08-20 19:55:00,5551,40.97,8.96,0.0,5.64,0.0
2026-08-20 19:55:01,5552,40.91,18.29,0.0,5.08,75.0
2026-08-20 19:55:01,5553,39.03,31.25,24.17,4.04,73.3
2026-08-20 19:55:01,5554,39.2,7.87,0.0,4.5,61.9
2026-08-20 19:55:01,5555,41.62,8.13,0.0,4.24,75.0
2026-08-20 19:55:01,5556,38.96,58.61,24.64,4.31,72.4
2026-08-20 19:55:01,5557,42.55,8.01,0.0,4.84,73.7
2026-08-20 19:55:01,5558,43.75,10.31,0.0,6.63,63.6
2026-08-20 19:55:01,5559,41.57,40.41,21.62,4.45,69.4
2026-08-20 19:55:01,5560,39.72,35.76,0.0,4.51,67.5
2026-08-20 19:55:01,5561,40.76,8.16,0.0,4.12,75.0
2026-08-20 19:55:01,5562,38.12,61.78,23.02,7.15,70.5
2026-08-20 19:55:01,5563,39.87,12.02,0.0,7.44,72.7
2026-08-20 19:55:01,5564,40.36,7.43,0.0,4.21,77.5
2026-08-20 19:55:01,5565,38.97,29.31,21.07,4.26,79.5
2026-08-20 19:55:01,5566,38.38,11.59,0.0,5.52,80.5
2026-08-20 19:55:01,5567,39.82,11.75,0.0,5.89,100.0
2026-08-20 19:55:01,5568,37.24,64.0,21.35,14.42,89.2
2026-08-20 19:55:01,5569,38.58,10.32,0.0,5.11,100.0
2026-08-20 19:55:01,5570,41.2,10.24,0.0,4.78,100.0
2026-08-20 19:55:01,5571,39.78,31.37,22.98,5.07,74.5
2026-08-20 19:55:01,5572,38.35,22.45,0.0,4.48,71.7
2026-08-20 19:55:01,5573,40.77,7.01,0.0,3.79,70.0
2026-08-20 19:55:01,5574,38.08,63.17,23.68,5.29,75.8
2026-08-20 19:55:01,5575,38.52,7.26,0.0,4.04,53.8
2026-08-20 19:55:01,5576,38.42,17.88,0.0,12.12,70.0
2026-08-20 19:55:01,5577,36.9,28.84,21.39,4.18,70.7
2026-08-20 19:55:01,5578,37.03,8.22,0.0,3.98,59.1
2026-08-20 19:55:01,5579,39.51,8.9,0.0,5.6,65.0
2026-08-20 19:55:01,5580,37.3,50.17,27.81,4.12,67.9
2026-08-20 19:55:01,5581,37.78,9.89,0.0,6.65,75.0
2026-08-20 19:55:01,5582,41.7,7.4,0.0,4.23,0.0
2026-08-20 19:55:02,5583,40.24,28.24,19.56,5.43,76.3
2026-08-20 19:55:02,5584,38.55,24.08,0.0,3.97,63.4
2026-08-20 19:55:02,5585,41.36,7.62,0.0,3.84,70.0
2026-08-20 19:55:02,5586,38.55,66.97,23.05,5.64,70.0
2026-08-20 19:55:02,5587,39.17,9.33,0.0,5.85,74.4
2026-08-20 19:55:02,5588,41.07,10.81,0.0,3.77,66.7
2026-08-20 19:55:02,5589,39.7,31.47,24.41,3.89,70.7
2026-08-20 19:55:02,5590,39.45,11.3,0.0,5.11,82.9
2026-08-20 19:55:02,5591,42.68,9.26,0.0,6.14,70.0
2026-08-20 19:55:02,5592,39.74,69.18,23.81,5.24,73.7
2026-08-20 19:55:02,5593,41.3,7.29,0.0,4.15,68.2
2026-08-20 19:55:02,5594,42.72,9.83,0.0,4.61,70.0
2026-08-20 19:55:02,5595,40.85,35.14,24.26,3.96,74.6
2026-08-20 19:55:02,5596,39.16,30.11,0.0,4.54,64.3
2026-08-20 19:55:02,5597,39.31,7.23,0.0,3.9,75.6
2026-08-20 19:55:02,5598,36.84,59.94,22.77,10.72,68.8
2026-08-20 19:55:02,5599,36.66,8.85,0.0,5.73,72.5
2026-08-20 19:55:02,5600,40.07,7.03,0.0,3.9,68.4
2026-08-20 19:55:02,5601,38.36,34.4,24.56,6.91,76.2
2026-08-20 19:55:02,5602,39.4,7.09,0.0,4.01,76.2
2026-08-20 19:55:02,5603,41.39,8.48,0.0,5.1,65.0
2026-08-20 19:55:02,5604,38.91,52.88,19.75,4.68,71.2
2026-08-20 19:55:02,5605,40.07,8.7,0.0,4.65,65.0
2026-08-20 19:55:02,5606,42.45,8.32,0.0,4.3,70.0
2026-08-20 19:55:02,5607,40.32,40.09,23.29,5.44,68.9
2026-08-20 19:55:02,5608,38.89,30.57,0.0,4.44,67.8
2026-08-20 19:55:02,5609,38.99,8.02,0.0,3.98,61.9
2026-08-20 19:55:02,5610,36.66,55.84,20.21,6.29,67.5
2026-08-20 19:55:02,5611,39.27,9.78,0.0,6.39,70.0
2026-08-20 19:55:03,5612,38.92,22.14,0.0,4.55,86.0
2026-08-20 19:55:03,5613,37.31,33.95,24.62,5.59,73.8
2026-08-20 19:55:03,5614,38.6,6.94,0.0,3.8,70.0
2026-08-20 19:55:03,5615,40.79,8.47,0.0,4.84,70.0
2026-08-20 19:55:03,5616,38.22,59.18,23.68,4.32,72.2
2026-08-20 19:55:03,5617,42.14,8.12,0.0,4.69,0.0
2026-08-20 19:55:03,5618,44.12,8.13,0.0,5.06,75.0
2026-08-20 19:55:03,5619,41.55,47.02,23.83,5.46,71.2
2026-08-20 19:55:03,5620,40.05,21.46,0.0,4.35,68.3
2026-08-20 19:55:03,5621,41.92,7.18,0.0,4.02,72.2
2026-08-20 19:55:03,5622,39.16,61.1,20.89,5.97,71.3
2026-08-20 19:55:03,5623,39.01,8.63,0.0,3.87,74.4
2026-08-20 19:55:03,5624,41.65,8.38,0.0,4.89,88.2
2026-08-20 19:55:03,5625,40.21,29.08,20.01,5.98,68.9
2026-08-20 19:55:03,5626,39.67,9.8,0.0,5.45,64.3
2026-08-20 19:55:03,5627,42.0,9.67,0.0,4.83,80.0
2026-08-20 19:55:03,5628,39.24,63.78,23.78,3.93,70.0
2026-08-20 19:55:03,5629,39.48,8.77,0.0,5.41,80.0
2026-08-20 19:55:03,5630,42.88,6.81,0.0,3.83,73.7
2026-08-20 19:55:03,5631,40.61,40.42,20.32,13.65,68.3
2026-08-20 19:55:03,5632,39.09,31.75,0.0,5.48,70.7
2026-08-20 19:55:03,5633,44.48,6.94,0.0,3.97,78.9
2026-08-20 19:55:03,5634,41.48,64.16,21.29,4.66,69.1
2026-08-20 19:55:03,5635,41.7,8.98,0.0,5.89,75.6
2026-08-20 19:55:03,5636,42.43,13.99,0.0,5.65,70.0
2026-08-20 19:55:03,5637,40.23,31.13,23.25,3.9,68.3
2026-08-20 19:55:03,5638,40.18,8.17,0.0,4.16,72.5
2026-08-20 19:55:03,5639,42.55,8.4,0.0,5.13,68.4
2026-08-20 19:55:03,5640,39.82,57.8,25.41,4.68,72.8
2026-08-20 19:55:03,5641,42.52,8.79,0.0,4.55,70.0
2026-08-20 19:55:03,5642,44.42,9.54,0.0,5.22,65.0
2026-08-20 19:55:04,5643,42.23,37.81,23.39,4.18,76.7
2026-08-20 19:55:04,5644,40.5,29.98,0.0,4.16,73.7
2026-08-20 19:55:04,5645,39.27,17.98,0.0,13.46,65.1
2026-08-20 19:55:04,5646,37.23,49.0,21.79,6.16,88.5
2026-08-20 19:55:04,5647,38.57,10.61,0.0,5.74,70.0
2026-08-20 19:55:04,5648,39.29,16.95,0.0,3.92,75.0
2026-08-20 19:55:04,5649,37.63,29.0,22.0,3.8,76.8
2026-08-20 19:55:04,5650,39.63,11.97,0.0,4.13,63.6
2026-08-20 19:55:04,5651,39.57,8.45,0.0,5.14,59.1
2026-08-20 19:55:04,5652,37.19,56.02,20.69,6.88,72.2
2026-08-20 19:55:04,5653,39.9,7.58,0.0,4.39,75.0
2026-08-20 19:55:04,5654,41.09,10.9,0.0,5.15,65.5
2026-08-20 19:55:04,5655,39.13,41.79,24.01,4.82,75.9
2026-08-20 19:55:04,5656,37.92,31.89,0.0,3.73,64.3
2026-08-20 19:55:04,5657,38.31,8.3,0.0,5.06,80.5
2026-08-20 19:55:04,5658,35.99,58.35,23.13,5.34,69.6
2026-08-20 19:55:04,5659,35.01,17.98,0.0,13.43,64.3
2026-08-20 19:55:04,5660,35.63,18.16,0.0,13.02,71.8
2026-08-20 19:55:04,5661,34.81,29.79,21.9,4.06,73.8
2026-08-20 19:55:04,5662,35.27,7.67,0.0,4.07,75.0
2026-08-20 19:55:04,5663,38.26,6.89,0.0,3.78,70.0
2026-08-20 19:55:04,5664,36.29,45.02,24.32,4.56,75.9
2026-08-20 19:55:04,5665,36.31,9.35,0.0,5.27,64.3
2026-08-20 19:55:04,5666,39.15,9.36,0.0,4.09,68.2
2026-08-20 19:55:04,5667,37.8,32.33,23.82,5.02,72.5
2026-08-20 19:55:04,5668,36.57,23.49,0.0,5.36,79.0
2026-08-20 19:55:04,5669,39.55,7.07,0.0,3.81,71.4
2026-08-20 19:55:04,5670,37.07,59.05,21.51,5.36,67.5
2026-08-20 19:55:04,5671,41.98,7.6,0.0,4.41,65.0
2026-08-20 19:55:05,5672,41.08,22.45,0.0,5.29,70.0
2026-08-20 19:55:05,5673,39.28,34.65,26.29,4.98,71.7
2026-08-20 19:55:05,5674,40.28,6.92,0.0,3.81,70.0
2026-08-20 19:55:05,5675,41.85,8.77,0.0,4.75,70.0
2026-08-20 19:55:05,5676,39.09,63.89,21.83,5.8,69.0
2026-08-20 19:55:05,5677,39.42,8.41,0.0,5.19,65.0
2026-08-20 19:55:05,5678,42.65,7.15,0.0,3.93,66.7
2026-08-20 19:55:05,5679,40.69,34.57,24.36,4.95,70.0
2026-08-20 19:55:05,5680,39.22,25.0,0.0,3.79,65.0
2026-08-20 19:55:05,5681,41.61,9.38,0.0,4.13,75.0
2026-08-20 19:55:05,5682,38.81,66.77,20.96,5.51,69.0
2026-08-20 19:55:05,5683,39.33,9.47,0.0,5.56,91.4
2026-08-20 19:55:05,5684,40.78,12.46,0.0,4.89,55.6
2026-08-20 19:55:05,5685,38.62,32.78,23.77,5.85,70.0
2026-08-20 19:55:05,5686,39.04,8.12,0.0,4.84,78.4
2026-08-20 19:55:05,5687,43.46,8.95,0.0,5.43,0.0
2026-08-20 19:55:05,5688,40.4,66.31,22.86,5.22,68.0
2026-08-20 19:55:05,5689,42.29,10.73,0.0,5.43,90.0
2026-08-20 19:55:05,5690,42.87,9.32,0.0,5.16,84.1
2026-08-20 19:55:05,5691,41.23,31.15,22.36,4.96,70.7
2026-08-20 19:55:05,5692,40.54,12.37,0.0,5.19,71.8
2026-08-20 19:55:05,5693,44.23,8.09,0.0,5.5,71.4
2026-08-20 19:55:05,5694,41.16,67.73,22.82,4.21,77.1
2026-08-20 19:55:05,5695,41.95,8.12,0.0,4.98,65.2
2026-08-20 19:55:05,5696,42.65,13.09,0.0,3.89,70.0
2026-08-20 19:55:05,5697,40.5,29.48,20.17,6.09,70.0
2026-08-20 19:55:05,5698,40.28,7.48,0.0,4.23,65.9
2026-08-20 19:55:05,5699,42.8,7.32,0.0,4.12,78.9
2026-08-20 19:55:05,5700,39.82,68.31,19.86,4.32,66.3
2026-08-20 19:55:05,5701,40.93,7.38,0.0,4.1,65.0
2026-08-20 19:55:06,5702,42.54,8.81,0.0,5.75,75.0
2026-08-20 19:55:06,5703,40.95,31.36,22.87,5.25,80.3
2026-08-20 19:55:06,5704,39.78,18.6,0.0,4.75,70.0
2026-08-20 19:55:06,5705,40.57,8.01,0.0,4.04,65.0
2026-08-20 19:55:06,5706,38.03,57.97,23.57,5.1,70.0
2026-08-20 19:55:06,5707,40.01,11.24,0.0,7.22,81.0
2026-08-20 19:55:06,5708,39.57,7.82,0.0,4.58,77.5
2026-08-20 19:55:06,5709,38.1,32.09,25.04,3.96,75.4
2026-08-20 19:55:06,5710,38.56,8.57,0.0,5.37,65.0
2026-08-20 19:55:06,5711,40.84,8.81,0.0,5.26,60.0
2026-08-20 19:55:06,5712,37.99,74.1,22.19,4.19,72.5
2026-08-20 19:55:06,5713,41.7,8.58,0.0,5.2,75.0
2026-08-20 19:55:06,5714,44.5,8.27,0.0,4.34,70.0
2026-08-20 19:55:06,5715,42.65,30.62,22.51,4.96,78.9
2026-08-20 19:55:06,5716,40.99,21.07,0.0,4.77,61.4
2026-08-20 19:55:06,5717,42.64,6.97,0.0,3.74,75.0
2026-08-20 19:55:06,5718,39.8,66.42,22.82,5.96,70.0
2026-08-20 19:55:06,5719,39.71,7.41,0.0,4.2,61.9
2026-08-20 19:55:06,5720,41.09,10.09,0.0,4.82,76.9
2026-08-20 19:55:06,5721,39.49,34.04,25.01,5.23,70.7
2026-08-20 19:55:06,5722,38.79,16.76,0.0,12.15,72.5
2026-08-20 19:55:06,5723,39.05,10.4,0.0,6.25,73.0
2026-08-20 19:55:06,5724,36.61,62.52,22.07,5.07,69.1
2026-08-20 19:55:06,5725,36.84,9.77,0.0,5.57,70.7
2026-08-20 19:55:06,5726,39.09,10.71,0.0,5.49,76.2
2026-08-20 19:55:06,5727,38.0,30.09,22.41,5.49,76.3
2026-08-20 19:55:06,5728,37.99,8.35,0.0,4.23,70.7
2026-08-20 19:55:06,5729,39.95,10.24,0.0,5.23,66.7
2026-08-20 19:55:06,5730,37.38,67.08,21.13,4.99,67.5
2026-08-20 19:55:06,5731,37.86,8.14,0.0,4.06,78.9
2026-08-20 19:55:07,5732,39.76,10.31,0.0,5.14,68.2
2026-08-20 19:55:07,5733,38.33,33.56,24.82,4.75,75.6
2026-08-20 19:55:07,5734,37.3,21.21,0.0,12.25,71.7
2026-08-20 19:55:07,5735,38.84,8.73,0.0,5.0,65.0
2026-08-20 19:55:07,5736,36.37,63.54,22.63,3.69,79.2
2026-08-20 19:55:07,5737,36.95,7.64,0.0,4.25,52.0
2026-08-20 19:55:07,5738,39.45,7.88,0.0,4.3,65.0
2026-08-20 19:55:07,5739,37.92,33.15,24.25,3.85,70.0
2026-08-20 19:55:07,5740,37.89,22.41,0.0,4.42,65.0
2026-08-20 19:55:07,5741,37.92,7.25,0.0,4.29,70.7
2026-08-20 19:55:07,5742,35.78,52.98,22.07,4.76,67.9
2026-08-20 19:55:07,5743,36.87,10.34,0.0,5.28,71.4
2026-08-20 19:55:07,5744,38.4,14.06,0.0,4.9,77.1
2026-08-20 19:55:07,5745,36.65,29.95,20.69,6.18,68.3
2026-08-20 19:55:07,5746,37.06,7.42,0.0,4.46,59.1
2026-08-20 19:55:07,5747,40.03,6.77,0.0,3.9,70.0
2026-08-20 19:55:07,5748,37.3,69.38,19.33,5.85,69.3
2026-08-20 19:55:07,5749,38.76,8.47,0.0,5.15,65.0
2026-08-20 19:55:07,5750,41.21,8.99,0.0,5.4,90.0
2026-08-20 19:55:07,5751,39.18,40.81,22.31,13.5,72.1
2026-08-20 19:55:07,5752,39.97,15.05,0.0,3.98,78.9
2026-08-20 19:55:07,5753,39.94,8.24,0.0,4.37,59.1
2026-08-20 19:55:07,5754,37.54,55.08,21.12,4.89,71.2
2026-08-20 19:55:07,5755,38.98,10.33,0.0,5.41,81.6
2026-08-20 19:55:07,5756,38.05,28.43,0.0,12.65,75.0
2026-08-20 19:55:07,5757,36.38,28.27,19.76,5.22,71.7
2026-08-20 19:55:07,5758,36.47,8.16,0.0,5.52,74.4
2026-08-20 19:55:07,5759,39.41,7.66,0.0,3.71,87.5
2026-08-20 19:55:07,5760,37.01,56.38,20.46,4.86,63.5
2026-08-20 19:55:07,5761,39.59,9.26,0.0,6.25,70.0
2026-08-20 19:55:07,5762,41.77,9.88,0.0,4.24,76.2
2026-08-20 19:55:08,5763,40.24,31.85,22.56,5.76,78.0
2026-08-20 19:55:08,5764,38.9,21.18,0.0,4.09,70.7
2026-08-20 19:55:08,5765,40.01,9.66,0.0,4.45,63.6
2026-08-20 19:55:08,5766,37.53,59.52,20.54,4.97,70.0
2026-08-20 19:55:08,5767,42.46,7.06,0.0,3.92,73.7
2026-08-20 19:55:08,5768,41.38,22.63,0.0,5.06,70.0
2026-08-20 19:55:08,5769,39.57,34.06,23.77,6.04,76.8
2026-08-20 19:55:08,5770,39.74,10.03,0.0,6.03,60.0
2026-08-20 19:55:08,5771,42.41,10.15,0.0,6.47,65.0
2026-08-20 19:55:08,5772,40.96,30.71,21.97,5.54,78.0
2026-08-20 19:55:08,5773,40.68,9.88,0.0,4.82,77.5
2026-08-20 19:55:08,5774,43.2,9.08,0.0,4.02,65.0
2026-08-20 19:55:08,5775,40.26,65.42,25.34,4.3,77.0
2026-08-20 19:55:08,5776,38.76,25.45,0.0,4.25,67.5
2026-08-20 19:55:08,5777,41.33,9.48,0.0,4.19,70.0
2026-08-20 19:55:08,5778,38.57,66.32,19.57,5.01,69.6
2026-08-20 19:55:08,5779,39.97,8.18,0.0,5.25,65.0
2026-08-20 19:55:08,5780,40.8,13.54,0.0,5.46,100.0
2026-08-20 19:55:08,5781,38.79,30.85,22.59,4.39,75.0
2026-08-20 19:55:08,5782,37.82,17.25,0.0,13.85,71.7
2026-08-20 19:55:08,5783,38.53,8.04,0.0,4.9,65.0
2026-08-20 19:55:08,5784,37.22,31.33,23.37,4.72,74.1
2026-08-20 19:55:08,5785,36.84,13.22,0.0,9.76,68.3
2026-08-20 19:55:08,5786,36.9,8.49,0.0,4.48,59.1
2026-08-20 19:55:08,5787,35.57,34.82,25.3,6.42,70.0
2026-08-20 19:55:08,5788,35.6,16.67,0.0,4.37,67.5
2026-08-20 19:55:08,5789,36.43,7.89,0.0,4.81,65.0
2026-08-20 19:55:08,5790,34.26,60.12,22.68,7.02,69.1
2026-08-20 19:55:08,5791,34.69,7.53,0.0,4.39,58.3
2026-08-20 19:55:09,5792,38.33,8.95,0.0,5.31,78.3
2026-08-20 19:55:09,5793,36.89,31.45,22.87,5.21,74.6
2026-08-20 19:55:09,5794,36.07,18.25,0.0,13.72,70.7
2026-08-20 19:55:09,5795,37.12,8.25,0.0,5.2,65.0
2026-08-20 19:55:09,5796,35.91,32.11,23.82,4.48,73.3
2026-08-20 19:55:09,5797,36.64,7.3,0.0,3.9,65.0
2026-08-20 19:55:09,5798,39.22,8.14,0.0,5.18,75.0
2026-08-20 19:55:09,5799,37.1,48.21,23.58,5.48,75.3
2026-08-20 19:55:09,5800,35.99,23.69,0.0,5.6,65.0
2026-08-20 19:55:09,5801,38.64,8.21,0.0,5.12,70.0
2026-08-20 19:55:09,5802,36.24,60.4,20.97,5.23,71.1
2026-08-20 19:55:09,5803,41.75,7.33,0.0,3.86,75.0
2026-08-20 19:55:09,5804,40.76,22.67,0.0,5.08,71.8
2026-08-20 19:55:09,5805,39.0,34.5,24.9,6.39,70.5
2026-08-20 19:55:09,5806,39.54,8.93,0.0,4.63,69.2
2026-08-20 19:55:09,5807,41.46,9.85,0.0,4.86,71.4
2026-08-20 19:55:09,5808,39.95,32.47,23.21,6.12,72.5
2026-08-20 19:55:09,5809,40.21,7.96,0.0,4.96,70.0
2026-08-20 19:55:09,5810,41.99,9.23,0.0,3.85,65.0
2026-08-20 19:55:09,5811,39.29,59.54,21.08,3.71,70.0
2026-08-20 19:55:09,5812,37.65,24.83,0.0,4.42,71.2
2026-08-20 19:55:09,5813,40.12,9.39,0.0,5.42,66.7
2026-08-20 19:55:09,5814,37.47,66.84,21.6,5.89,73.5
2026-08-20 19:55:09,5815,38.35,8.4,0.0,4.12,60.9
2026-08-20 19:55:09,5816,40.06,10.95,0.0,5.32,90.5
2026-08-20 19:55:09,5817,38.73,32.2,22.86,6.02,73.8
2026-08-20 19:55:09,5818,38.69,10.44,0.0,5.24,65.0
2026-08-20 19:55:09,5819,41.12,10.34,0.0,5.79,65.0
2026-08-20 19:55:09,5820,39.98,28.49,20.13,4.83,70.0
2026-08-20 19:55:09,5821,38.95,14.13,0.0,5.66,75.9
2026-08-20 19:55:09,5822,38.83,8.66,0.0,4.89,53.8
2026-08-20 19:55:10,5823,36.63,52.53,23.75,5.44,70.0
2026-08-20 19:55:10,5824,35.57,27.95,0.0,3.92,71.4
2026-08-20 19:55:10,5825,39.6,9.11,0.0,5.43,25.0
2026-08-20 19:55:10,5826,36.94,70.62,25.13,4.72,72.5
2026-08-20 19:55:10,5827,38.99,7.88,0.0,4.91,65.0
2026-08-20 19:55:10,5828,39.64,14.52,0.0,3.98,75.0
2026-08-20 19:55:10,5829,37.72,32.3,23.93,4.97,73.3
2026-08-20 19:55:10,5830,37.94,9.38,0.0,5.32,73.0
2026-08-20 19:55:10,5831,41.44,7.61,0.0,4.49,0.0
2026-08-20 19:55:10,5832,39.74,32.49,23.9,3.97,71.7
2026-08-20 19:55:10,5833,40.11,7.51,0.0,3.85,73.7
2026-08-20 19:55:10,5834,42.45,7.26,0.0,3.93,83.3
2026-08-20 19:55:10,5835,39.75,55.54,23.17,5.5,74.4
2026-08-20 19:55:10,5836,38.51,28.88,0.0,3.75,66.7
2026-08-20 19:55:10,5837,38.34,8.52,0.0,5.44,74.4
2026-08-20 19:55:10,5838,36.02,58.42,25.31,4.95,67.9
2026-08-20 19:55:10,5839,41.22,7.8,0.0,4.54,71.4
2026-08-20 19:55:10,5840,40.69,20.07,0.0,4.67,66.7
2026-08-20 19:55:10,5841,38.93,31.26,22.46,5.36,68.3
2026-08-20 19:55:10,5842,39.75,16.18,0.0,4.51,79.5
2026-08-20 19:55:10,5843,40.92,7.51,0.0,4.22,68.2
2026-08-20 19:55:10,5844,39.41,30.25,22.83,3.87,73.7
2026-08-20 19:55:10,5845,39.9,6.81,0.0,3.8,71.4
2026-08-20 19:55:10,5846,42.47,7.08,0.0,3.77,75.0
2026-08-20 19:55:10,5847,39.65,60.81,24.37,4.9,68.8
2026-08-20 19:55:10,5848,38.22,21.95,0.0,4.61,76.7
2026-08-20 19:55:10,5849,39.02,12.13,0.0,5.88,73.7
2026-08-20 19:55:10,5850,36.65,61.01,19.73,6.25,71.2
2026-08-20 19:55:10,5851,36.87,6.8,0.0,4.28,78.0
2026-08-20 19:55:11,5852,39.03,8.42,0.0,5.34,100.0
2026-08-20 19:55:11,5853,37.65,31.99,23.23,5.64,81.0
2026-08-20 19:55:11,5854,37.98,10.41,0.0,5.38,68.2
2026-08-20 19:55:11,5855,40.47,10.32,0.0,6.72,100.0
2026-08-20 19:55:11,5856,39.02,33.31,24.79,5.42,78.0
2026-08-20 19:55:11,5857,38.78,13.63,0.0,4.53,69.6
2026-08-20 19:55:11,5858,38.76,8.46,0.0,5.03,67.5
2026-08-20 19:55:11,5859,36.71,47.84,20.93,3.8,76.2
2026-08-20 19:55:11,5860,35.2,30.16,0.0,4.42,66.7
2026-08-20 19:55:11,5861,35.75,7.25,0.0,3.92,64.9
2026-08-20 19:55:11,5862,33.83,52.52,22.16,5.07,67.5
2026-08-20 19:55:11,5863,34.98,11.41,0.0,6.37,75.0
2026-08-20 19:55:11,5864,35.19,7.03,0.0,3.98,67.5
2026-08-20 19:55:11,5865,34.17,32.11,24.76,3.95,69.5
2026-08-20 19:55:11,5866,34.89,8.26,0.0,5.18,61.9
2026-08-20 19:55:11,5867,37.89,8.14,0.0,5.01,70.0
2026-08-20 19:55:11,5868,36.66,31.11,21.83,5.47,73.7
2026-08-20 19:55:11,5869,36.77,9.65,0.0,5.01,56.5
2026-08-20 19:55:11,5870,40.82,7.66,0.0,4.58,70.0
2026-08-20 19:55:11,5871,38.23,58.66,24.93,4.9,75.3
2026-08-20 19:55:11,5872,37.03,17.19,0.0,4.15,70.0
2026-08-20 19:55:11,5873,37.75,8.28,0.0,4.54,65.0
2026-08-20 19:55:11,5874,35.24,72.39,33.99,6.8,77.2
2026-08-20 19:55:11,5875,36.63,12.14,0.0,8.01,90.0
2026-08-20 19:55:11,5876,36.67,9.25,0.0,5.57,90.0
2026-08-20 19:55:11,5877,35.49,33.4,24.19,5.27,70.0
2026-08-20 19:55:11,5878,36.36,8.01,0.0,4.95,65.0
2026-08-20 19:55:11,5879,38.61,9.43,0.0,4.46,82.4
2026-08-20 19:55:11,5880,37.3,32.68,23.45,6.02,60.9
2026-08-20 19:55:11,5881,37.71,9.82,0.0,5.63,73.7
2026-08-20 19:55:11,5882,39.83,10.72,0.0,5.59,66.7
2026-08-20 19:55:12,5883,37.85,45.33,23.35,3.89,70.0
2026-08-20 19:55:12,5884,36.49,23.52,0.0,4.46,69.5
2026-08-20 19:55:12,5885,38.94,8.21,0.0,4.42,78.9
2026-08-20 19:55:12,5886,36.4,66.03,21.77,5.22,67.9
2026-08-20 19:55:12,5887,35.99,18.04,0.0,13.63,80.0
2026-08-20 19:55:12,5888,37.26,7.04,0.0,4.06,72.5
2026-08-20 19:55:12,5889,36.04,31.0,21.82,5.95,71.8
2026-08-20 19:55:12,5890,36.51,8.05,0.0,4.72,70.0
2026-08-20 19:55:12,5891,38.93,8.98,0.0,5.95,71.4
2026-08-20 19:55:12,5892,37.73,30.06,21.03,5.23,70.0
2026-08-20 19:55:12,5893,41.12,10.26,0.0,4.27,70.0
2026-08-20 19:55:12,5894,44.84,8.8,0.0,5.28,75.0
2026-08-20 19:55:12,5895,41.69,67.76,23.69,4.46,73.5
2026-08-20 19:55:12,5896,40.1,28.0,0.0,3.95,65.9
2026-08-20 19:55:12,5897,44.09,9.17,0.0,5.65,80.0
2026-08-20 19:55:12,5898,41.08,64.59,19.61,4.68,68.3
2026-08-20 19:55:12,5899,41.01,10.38,0.0,6.69,61.9
2026-08-20 19:55:12,5900,40.97,19.48,0.0,5.32,73.2
2026-08-20 19:55:12,5901,39.23,29.78,19.97,5.2,70.7
2026-08-20 19:55:12,5902,38.94,9.31,0.0,5.34,75.6
2026-08-20 19:55:12,5903,42.47,7.31,0.0,4.2,65.0
2026-08-20 19:55:12,5904,40.71,32.41,24.12,4.7,73.8
2026-08-20 19:55:12,5905,42.75,10.77,0.0,4.29,80.0
2026-08-20 19:55:12,5906,42.84,8.65,0.0,5.67,65.0
2026-08-20 19:55:12,5907,40.12,59.5,21.16,4.69,68.8
2026-08-20 19:55:12,5908,38.58,33.49,0.0,4.1,66.7
2026-08-20 19:55:12,5909,38.86,10.1,0.0,6.08,70.0
2026-08-20 19:55:12,5910,36.52,58.75,23.72,5.84,71.2
2026-08-20 19:55:12,5911,40.25,8.31,0.0,5.13,80.0
2026-08-20 19:55:13,5912,40.14,18.34,0.0,4.49,76.9
2026-08-20 19:55:13,5913,38.5,28.38,21.6,3.86,72.1
2026-08-20 19:55:13,5914,38.54,8.23,0.0,5.2,61.9
2026-08-20 19:55:13,5915,40.98,8.98,0.0,5.01,70.0
2026-08-20 19:55:13,5916,39.5,31.13,20.7,5.28,70.7
2026-08-20 19:55:13,5917,39.77,6.89,0.0,3.92,72.7
2026-08-20 19:55:13,5918,42.12,6.77,0.0,3.77,65.0
2026-08-20 19:55:13,5919,39.4,57.41,20.57,4.48,71.1
2026-08-20 19:55:13,5920,37.79,22.0,0.0,3.92,60.5
2026-08-20 19:55:13,5921,39.79,8.64,0.0,3.8,65.0
2026-08-20 19:55:13,5922,37.2,64.68,22.26,5.35,70.0
2026-08-20 19:55:13,5923,37.69,8.46,0.0,4.0,88.6
2026-08-20 19:55:13,5924,39.77,10.11,0.0,5.01,53.8
2026-08-20 19:55:13,5925,38.52,30.65,22.78,4.28,75.6
2026-08-20 19:55:13,5926,38.55,8.51,0.0,5.29,67.5
2026-08-20 19:55:13,5927,40.37,10.11,0.0,4.18,78.9
2026-08-20 19:55:13,5928,39.28,28.58,19.65,5.83,73.2
2026-08-20 19:55:13,5929,38.66,11.69,0.0,5.41,76.2
2026-08-20 19:55:13,5930,42.64,8.51,0.0,5.44,73.7
2026-08-20 19:55:13,5931,39.77,64.39,23.0,3.88,67.1
2026-08-20 19:55:13,5932,38.22,26.08,0.0,4.06,78.7
2026-08-20 19:55:13,5933,40.65,10.03,0.0,5.32,68.4
2026-08-20 19:55:13,5934,37.96,67.42,21.12,5.05,72.9
2026-08-20 19:55:13,5935,39.06,8.68,0.0,4.66,57.7
2026-08-20 19:55:13,5936,39.43,16.69,0.0,5.48,70.0
2026-08-20 19:55:13,5937,37.4,36.91,24.05,8.9,70.9
2026-08-20 19:55:13,5938,37.17,17.36,0.0,13.56,70.0
2026-08-20 19:55:13,5939,38.11,7.4,0.0,4.31,65.0
2026-08-20 19:55:13,5940,36.8,31.17,24.47,3.78,71.9
2026-08-20 19:55:13,5941,36.94,9.53,0.0,5.32,64.0
2026-08-20 19:55:13,5942,39.85,8.69,0.0,3.83,65.0
2026-08-20 19:55:14,5943,38.17,36.57,21.81,3.78,74.6
2026-08-20 19:55:14,5944,36.8,29.3,0.0,4.19,70.2
2026-08-20 19:55:14,5945,36.95,8.08,0.0,4.49,58.3
2026-08-20 19:55:14,5946,34.79,57.13,25.12,5.35,70.0
2026-08-20 19:55:14,5947,38.12,7.76,0.0,4.78,70.0
2026-08-20 19:55:14,5948,38.7,15.35,0.0,4.05,71.1
2026-08-20 19:55:14,5949,36.98,29.94,20.61,5.4,68.9
2026-08-20 19:55:14,5950,37.04,8.51,0.0,5.41,87.0
2026-08-20 19:55:14,5951,40.03,7.96,0.0,4.9,75.0
2026-08-20 19:55:14,5952,38.85,27.48,20.18,4.23,81.8
2026-08-20 19:55:14,5953,40.34,13.85,0.0,3.81,54.2
2026-08-20 19:55:14,5954,44.11,9.04,0.0,5.88,78.9
2026-08-20 19:55:14,5955,41.03,69.67,23.1,4.52,75.0
2026-08-20 19:55:14,5956,39.31,33.2,0.0,4.09,67.9
2026-08-20 19:55:14,5957,39.85,8.99,0.0,5.44,77.5
2026-08-20 19:55:14,5958,37.29,63.29,24.34,6.38,69.6
2026-08-20 19:55:14,5959,37.6,8.49,0.0,4.14,76.2
2026-08-20 19:55:14,5960,40.09,8.53,0.0,5.32,73.7
2026-08-20 19:55:14,5961,38.75,30.94,22.64,4.62,71.8
2026-08-20 19:55:14,5962,38.96,7.47,0.0,4.39,71.4
2026-08-20 19:55:14,5963,41.24,8.63,0.0,5.57,77.8
2026-08-20 19:55:14,5964,39.76,30.82,20.7,5.12,73.8
2026-08-20 19:55:14,5965,39.88,7.35,0.0,4.21,70.0
2026-08-20 19:55:14,5966,42.39,6.79,0.0,3.66,70.0
2026-08-20 19:55:14,5967,39.55,62.48,23.97,5.08,72.8
2026-08-20 19:55:14,5968,38.21,22.19,0.0,5.15,71.2
2026-08-20 19:55:14,5969,39.78,10.25,0.0,5.14,65.0
2026-08-20 19:55:14,5970,37.2,65.55,22.17,6.6,66.3
2026-08-20 19:55:14,5971,37.82,9.61,0.0,5.56,77.5
2026-08-20 19:55:15,5972,39.32,13.03,0.0,6.49,85.0
2026-08-20 19:55:15,5973,37.98,33.7,25.96,4.3,71.7
2026-08-20 19:55:15,5974,37.27,20.99,0.0,13.19,82.5
2026-08-20 19:55:15,5975,37.87,12.57,0.0,8.3,65.0
2026-08-20 19:55:15,5976,36.07,31.93,24.91,3.85,71.7
2026-08-20 19:55:15,5977,36.48,9.81,0.0,6.48,75.6
2026-08-20 19:55:15,5978,39.61,8.09,0.0,4.76,65.0
2026-08-20 19:55:15,5979,37.93,35.76,22.88,4.04,79.7
2026-08-20 19:55:15,5980,36.56,29.14,0.0,4.12,65.0
2026-08-20 19:55:15,5981,36.71,7.91,0.0,4.36,70.0
2026-08-20 19:55:15,5982,34.63,55.68,23.76,4.85,67.5
2026-08-20 19:55:15,5983,37.11,8.39,0.0,4.83,81.0
2026-08-20 19:55:15,5984,38.15,14.08,0.0,4.97,77.8
2026-08-20 19:55:15,5985,36.28,33.51,26.65,3.77,63.1
2026-08-20 19:55:15,5986,37.34,7.51,0.0,4.26,65.0
2026-08-20 19:55:15,5987,40.35,6.77,0.0,3.77,75.0
2026-08-20 19:55:15,5988,38.8,31.12,24.44,3.69,75.4
2026-08-20 19:55:15,5989,39.07,7.23,0.0,4.15,56.5
2026-08-20 19:55:15,5990,41.35,8.39,0.0,5.18,65.0
2026-08-20 19:55:15,5991,38.85,54.45,20.4,5.41,68.8
2026-08-20 19:55:15,5992,37.2,37.8,0.0,5.06,76.7
2026-08-20 19:55:15,5993,38.34,9.67,0.0,5.36,65.0
2026-08-20 19:55:15,5994,36.0,60.56,21.4,5.93,78.1
2026-08-20 19:55:15,5995,40.57,8.77,0.0,5.65,0.0
2026-08-20 19:55:15,5996,40.13,20.9,0.0,5.75,78.0
2026-08-20 19:55:15,5997,38.37,33.26,23.14,5.81,68.3
2026-08-20 19:55:15,5998,38.9,8.17,0.0,5.15,65.0
2026-08-20 19:55:15,5999,41.08,8.63,0.0,4.4,79.5
2026-08-20 19:55:15,6000,39.1,40.01,22.51,12.16,75.0
2026-08-20 19:55:15,6001,41.7,7.37,0.0,4.11,68.4
2026-08-20 19:55:15,6002,43.42,8.32,0.0,5.32,63.0
2026-08-20 19:55:16,6003,40.61,57.63,21.73,4.38,73.1
2026-08-20 19:55:16,6004,38.86,37.53,0.0,4.34,70.0
2026-08-20 19:55:16,6005,40.77,7.21,0.0,4.13,66.7
2026-08-20 19:55:16,6006,38.07,64.02,23.84,6.19,69.1
2026-08-20 19:55:16,6007,38.4,8.14,0.0,5.57,76.3
2026-08-20 19:55:16,6008,40.82,8.61,0.0,5.31,72.7
2026-08-20 19:55:16,6009,39.14,34.17,25.12,5.78,81.8
2026-08-20 19:55:16,6010,39.85,8.86,0.0,4.87,52.0
2026-08-20 19:55:16,6011,42.5,8.93,0.0,4.01,73.7
2026-08-20 19:55:16,6012,41.12,28.22,20.19,5.04,79.1
2026-08-20 19:55:16,6013,40.49,9.87,0.0,3.93,70.3
2026-08-20 19:55:16,6014,43.14,8.94,0.0,3.88,59.1
2026-08-20 19:55:16,6015,40.15,68.14,24.98,4.64,73.3
2026-08-20 19:55:16,6016,38.81,26.06,0.0,3.96,80.0
2026-08-20 19:55:16,6017,42.39,9.98,0.0,6.23,70.0
2026-08-20 19:55:16,6018,39.51,65.39,21.84,5.61,69.7
2026-08-20 19:55:16,6019,40.39,7.96,0.0,5.09,59.1
2026-08-20 19:55:16,6020,41.17,13.48,0.0,4.08,100.0
2026-08-20 19:55:16,6021,39.02,32.31,24.51,3.72,71.2
2026-08-20 19:55:16,6022,39.05,9.72,0.0,6.38,75.0
2026-08-20 19:55:16,6023,42.74,7.33,0.0,4.21,70.0
2026-08-20 19:55:16,6024,41.11,30.24,23.19,4.0,75.4
2026-08-20 19:55:16,6025,40.92,8.74,0.0,4.62,56.5
2026-08-20 19:55:16,6026,44.03,7.64,0.0,4.58,65.0
2026-08-20 19:55:16,6027,41.23,58.34,23.7,3.83,68.8
2026-08-20 19:55:16,6028,39.53,31.87,0.0,3.77,71.2
2026-08-20 19:55:16,6029,39.81,8.02,0.0,4.87,61.9
2026-08-20 19:55:16,6030,37.31,59.27,21.39,5.46,69.5
2026-08-20 19:55:16,6031,39.74,11.42,0.0,6.78,75.0
2026-08-20 19:55:17,6032,39.41,7.46,0.0,3.89,65.2
2026-08-20 19:55:17,6033,37.81,33.99,25.76,4.15,71.7
2026-08-20 19:55:17,6034,38.43,8.84,0.0,5.32,70.0
2026-08-20 19:55:17,6035,41.06,8.29,0.0,4.22,75.0
2026-08-20 19:55:17,6036,39.66,29.48,22.47,3.87,72.4
2026-08-20 19:55:17,6037,39.75,7.32,0.0,4.13,68.2
2026-08-20 19:55:17,6038,42.01,8.23,0.0,3.95,75.0
2026-08-20 19:55:17,6039,39.33,57.82,22.58,4.83,70.7
2026-08-20 19:55:17,6040,37.77,22.66,0.0,4.57,61.9
2026-08-20 19:55:17,6041,40.14,7.24,0.0,4.24,75.0
2026-08-20 19:55:17,6042,37.56,60.89,20.57,5.27,70.7
2026-08-20 19:55:17,6043,37.77,7.09,0.0,3.95,66.7
2026-08-20 19:55:17,6044,39.36,10.24,0.0,4.48,74.4
2026-08-20 19:55:17,6045,38.28,29.14,19.75,6.37,87.8
2026-08-20 19:55:17,6046,38.03,9.12,0.0,4.11,71.1
2026-08-20 19:55:17,6047,40.12,10.1,0.0,5.18,65.2
2026-08-20 19:55:17,6048,38.91,30.33,21.64,5.59,72.5
2026-08-20 19:55:17,6049,38.79,9.8,0.0,3.8,69.2
2026-08-20 19:55:17,6050,41.53,9.91,0.0,6.8,70.0
2026-08-20 19:55:17,6051,38.77,65.61,22.29,4.71,76.7
2026-08-20 19:55:17,6052,36.83,37.58,0.0,12.04,74.4
2026-08-20 19:55:17,6053,38.51,8.76,0.0,5.64,66.7
2026-08-20 19:55:17,6054,36.45,48.57,19.45,4.74,71.0
2026-08-20 19:55:17,6055,36.81,9.4,0.0,5.56,75.0
2026-08-20 19:55:17,6056,37.74,15.76,0.0,7.13,80.0
2026-08-20 19:55:17,6057,36.16,30.3,22.47,3.97,76.3
2026-08-20 19:55:17,6058,36.17,9.86,0.0,6.7,73.2
2026-08-20 19:55:17,6059,39.99,7.86,0.0,4.68,70.0
2026-08-20 19:55:17,6060,38.65,29.46,21.47,3.98,69.2
2026-08-20 19:55:17,6061,38.53,8.14,0.0,4.2,65.9
2026-08-20 19:55:17,6062,40.73,8.69,0.0,5.13,80.0
2026-08-20 19:55:18,6063,38.32,52.85,23.66,3.73,77.6
2026-08-20 19:55:18,6064,36.97,29.8,0.0,3.75,65.0
2026-08-20 19:55:18,6065,37.02,8.99,0.0,5.85,67.5
2026-08-20 19:55:18,6066,34.87,57.44,22.82,5.42,70.9
2026-08-20 19:55:18,6067,36.83,11.78,0.0,7.33,61.9
2026-08-20 19:55:18,6068,37.59,18.78,0.0,5.49,67.5
2026-08-20 19:55:18,6069,36.08,31.13,22.5,5.36,70.0
2026-08-20 19:55:18,6070,36.62,8.31,0.0,5.24,65.0
2026-08-20 19:55:18,6071,39.26,8.18,0.0,3.8,70.0
2026-08-20 19:55:18,6072,38.04,29.76,22.21,4.09,72.4
2026-08-20 19:55:18,6073,37.81,9.78,0.0,5.73,91.3
2026-08-20 19:55:18,6074,41.61,7.01,0.0,3.88,70.0
2026-08-20 19:55:18,6075,38.97,57.26,20.92,5.08,74.5
2026-08-20 19:55:18,6076,37.57,34.07,0.0,3.97,64.3
2026-08-20 19:55:18,6077,38.05,10.13,0.0,7.1,76.9
2026-08-20 19:55:18,6078,35.78,59.31,22.14,5.53,71.8
2026-08-20 19:55:18,6079,39.85,8.35,0.0,4.34,75.0
2026-08-20 19:55:18,6080,39.0,24.29,0.0,5.4,62.8
2026-08-20 19:55:18,6081,37.87,28.9,20.85,4.25,71.8
2026-08-20 19:55:18,6082,37.92,6.99,0.0,3.92,73.8
2026-08-20 19:55:18,6083,40.35,8.01,0.0,4.95,71.4
2026-08-20 19:55:18,6084,38.98,29.98,22.05,4.12,70.7
2026-08-20 19:55:18,6085,39.08,6.99,0.0,3.94,73.7
2026-08-20 19:55:18,6086,41.75,7.14,0.0,4.23,66.7
2026-08-20 19:55:18,6087,38.95,63.67,22.71,5.5,68.3
2026-08-20 19:55:18,6088,37.68,22.26,0.0,4.07,68.9
2026-08-20 19:55:18,6089,39.52,7.55,0.0,4.55,80.0
2026-08-20 19:55:18,6090,36.98,62.31,21.06,5.15,67.9
2026-08-20 19:55:18,6091,37.31,7.9,0.0,5.08,76.2
2026-08-20 19:55:19,6092,39.8,8.66,0.0,4.74,80.0
2026-08-20 19:55:19,6093,38.36,32.11,24.24,4.97,75.9
2026-08-20 19:55:19,6094,38.45,10.51,0.0,5.12,66.7
2026-08-20 19:55:19,6095,41.14,9.87,0.0,5.46,78.9
2026-08-20 19:55:19,6096,39.78,30.76,22.2,5.58,78.6
2026-08-20 19:55:19,6097,39.33,10.8,0.0,4.99,72.5
2026-08-20 19:55:19,6098,42.34,9.46,0.0,6.38,65.0
2026-08-20 19:55:19,6099,39.49,67.14,27.18,3.89,68.0
2026-08-20 19:55:19,6100,38.03,28.22,0.0,4.25,65.0
2026-08-20 19:55:19,6101,37.82,10.56,0.0,5.83,80.5
2026-08-20 19:55:19,6102,35.7,54.7,21.64,5.67,67.5
2026-08-20 19:55:19,6103,37.57,9.16,0.0,5.46,75.0
2026-08-20 19:55:19,6104,38.43,15.3,0.0,5.17,73.7
2026-08-20 19:55:19,6105,36.75,29.61,22.77,3.79,71.2
2026-08-20 19:55:19,6106,36.68,9.36,0.0,5.26,56.5
2026-08-20 19:55:19,6107,40.06,7.57,0.0,4.19,70.0
2026-08-20 19:55:19,6108,38.87,27.62,20.99,3.8,72.9
2026-08-20 19:55:19,6109,38.35,9.54,0.0,5.34,66.7
2026-08-20 19:55:19,6110,40.95,9.09,0.0,5.79,75.0
2026-08-20 19:55:19,6111,38.48,54.15,23.96,3.72,76.2
2026-08-20 19:55:19,6112,37.03,32.57,0.0,5.5,74.2
2026-08-20 19:55:19,6113,38.07,7.13,0.0,3.98,65.0
2026-08-20 19:55:19,6114,35.78,56.97,22.93,4.97,76.0
2026-08-20 19:55:19,6115,38.67,9.44,0.0,6.43,65.2
2026-08-20 19:55:19,6116,38.43,20.93,0.0,5.33,63.6
2026-08-20 19:55:19,6117,36.91,32.66,23.78,3.8,68.3
2026-08-20 19:55:19,6118,37.65,7.15,0.0,4.17,79.4
2026-08-20 19:55:19,6119,39.75,8.26,0.0,4.91,56.0
2026-08-20 19:55:19,6120,37.93,39.06,30.07,5.03,88.7
2026-08-20 19:55:19,6121,39.64,10.36,0.0,6.54,90.0
2026-08-20 19:55:19,6122,41.51,10.39,0.0,6.52,100.0
2026-08-20 19:55:20,6123,38.91,59.06,22.26,5.13,70.0
2026-08-20 19:55:20,6124,37.48,35.93,0.0,4.95,71.2
2026-08-20 19:55:20,6125,37.3,17.71,0.0,12.9,66.7
2026-08-20 19:55:20,6126,35.25,45.29,22.82,5.41,73.8
2026-08-20 19:55:20,6127,35.31,9.14,0.0,5.23,66.7
2026-08-20 19:55:20,6128,38.5,8.4,0.0,5.12,63.6
2026-08-20 19:55:20,6129,37.23,31.3,22.35,5.54,76.3
2026-08-20 19:55:20,6130,37.67,7.07,0.0,4.35,84.1
2026-08-20 19:55:20,6131,39.56,8.77,0.0,4.96,92.0
2026-08-20 19:55:20,6132,38.36,29.66,21.62,4.86,80.0
2026-08-20 19:55:20,6133,38.55,7.51,0.0,4.49,78.0
2026-08-20 19:55:20,6134,40.32,9.32,0.0,4.2,75.0
2026-08-20 19:55:20,6135,37.79,60.89,21.83,4.29,77.5
2026-08-20 19:55:20,6136,36.27,25.66,0.0,5.48,70.0
2026-08-20 19:55:20,6137,36.79,18.74,0.0,13.5,73.8
2026-08-20 19:55:20,6138,34.62,53.51,23.77,5.45,67.5
2026-08-20 19:55:20,6139,36.54,8.08,0.0,5.06,65.0
2026-08-20 19:55:20,6140,38.61,9.99,0.0,5.07,80.0
2026-08-20 19:55:20,6141,37.72,27.64,20.68,4.0,67.5
2026-08-20 19:55:20,6142,37.35,9.15,0.0,4.1,70.0
2026-08-20 19:55:20,6143,39.79,9.31,0.0,6.34,81.0
2026-08-20 19:55:20,6144,38.64,29.18,21.42,3.83,74.1
2026-08-20 19:55:20,6145,37.89,13.22,0.0,4.2,70.0
2026-08-20 19:55:20,6146,38.11,7.21,0.0,4.19,59.1
2026-08-20 19:55:20,6147,36.06,47.97,21.05,4.25,73.4
2026-08-20 19:55:20,6148,34.75,28.06,0.0,3.95,67.8
2026-08-20 19:55:20,6149,34.93,7.96,0.0,4.31,63.6
2026-08-20 19:55:20,6150,32.9,60.22,23.53,10.53,70.7
2026-08-20 19:55:20,6151,36.56,10.55,0.0,5.45,66.7
2026-08-20 19:55:21,6152,37.6,16.44,0.0,4.97,71.4
2026-08-20 19:55:21,6153,35.61,40.92,24.88,12.92,72.5
2026-08-20 19:55:21,6154,38.32,8.9,0.0,4.69,78.9
2026-08-20 19:55:21,6155,41.54,7.08,0.0,4.4,66.7
2026-08-20 19:55:21,6156,39.82,32.6,25.68,3.88,70.0
2026-08-20 19:55:21,6157,40.05,8.31,0.0,5.21,73.7
2026-08-20 19:55:21,6158,42.35,8.19,0.0,5.07,70.0
2026-08-20 19:55:21,6159,39.77,52.29,21.4,4.49,69.1
2026-08-20 19:55:21,6160,38.15,32.37,0.0,4.28,63.4
2026-08-20 19:55:21,6161,38.62,9.19,0.0,4.53,75.0
2026-08-20 19:55:21,6162,36.29,58.81,23.48,6.27,67.5
2026-08-20 19:55:21,6163,36.14,8.04,0.0,3.96,71.1
2026-08-20 19:55:21,6164,39.06,7.33,0.0,4.23,71.4
2026-08-20 19:55:21,6165,37.63,31.76,24.74,3.92,80.0
2026-08-20 19:55:21,6166,39.09,14.23,0.0,5.79,66.7
2026-08-20 19:55:21,6167,40.12,7.13,0.0,3.88,70.0
2026-08-20 19:55:21,6168,38.83,28.41,21.35,3.94,70.7
2026-08-20 19:55:21,6169,38.7,7.05,0.0,3.89,70.0
2026-08-20 19:55:21,6170,41.09,6.99,0.0,3.88,65.0
2026-08-20 19:55:21,6171,38.45,59.06,23.55,5.63,67.5
2026-08-20 19:55:21,6172,36.98,23.73,0.0,5.49,73.8
2026-08-20 19:55:21,6173,37.09,18.48,0.0,12.84,67.5
2026-08-20 19:55:21,6174,35.0,55.65,23.89,6.39,69.1
2026-08-20 19:55:21,6175,35.58,8.46,0.0,5.18,70.0
2026-08-20 19:55:21,6176,38.44,8.62,0.0,5.33,80.0
2026-08-20 19:55:21,6177,37.04,33.48,23.08,5.85,71.2
2026-08-20 19:55:21,6178,37.72,8.31,0.0,4.91,61.9
2026-08-20 19:55:21,6179,39.62,10.51,0.0,5.67,80.0
2026-08-20 19:55:21,6180,38.42,31.62,21.89,5.82,65.1
2026-08-20 19:55:21,6181,38.68,8.99,0.0,4.61,59.1
2026-08-20 19:55:21,6182,41.18,8.69,0.0,5.05,75.0
2026-08-20 19:55:22,6183,38.37,70.3,20.22,13.26,72.0
2026-08-20 19:55:22,6184,37.54,24.04,0.0,3.94,65.0
2026-08-20 19:55:22,6185,39.98,8.16,0.0,4.03,78.3
2026-08-20 19:55:22,6186,37.32,67.71,24.78,4.87,67.3
2026-08-20 19:55:22,6187,38.48,8.08,0.0,5.07,74.4
2026-08-20 19:55:22,6188,40.2,10.48,0.0,4.87,66.7
2026-08-20 19:55:22,6189,39.04,29.54,22.57,3.87,72.5
2026-08-20 19:55:22,6190,38.77,9.11,0.0,3.98,67.5
2026-08-20 19:55:22,6191,40.48,11.01,0.0,6.49,70.0
2026-08-20 19:55:22,6192,39.41,29.02,21.06,3.89,82.1
2026-08-20 19:55:22,6193,38.91,10.04,0.0,4.91,67.5
2026-08-20 19:55:22,6194,41.69,9.14,0.0,5.86,75.0
2026-08-20 19:55:22,6195,38.86,67.43,22.58,4.16,73.5
2026-08-20 19:55:22,6196,37.38,29.56,0.0,5.02,63.6
2026-08-20 19:55:22,6197,37.77,7.35,0.0,3.84,80.5
2026-08-20 19:55:22,6198,35.56,56.13,23.15,6.5,69.1
2026-08-20 19:55:22,6199,37.88,8.97,0.0,5.15,65.0
2026-08-20 19:55:22,6200,38.78,14.93,0.0,3.72,70.0
2026-08-20 19:55:22,6201,36.95,31.69,24.53,3.95,81.2
2026-08-20 19:55:22,6202,37.4,8.74,0.0,5.61,72.2
2026-08-20 19:55:22,6203,40.37,8.72,0.0,3.9,70.0
2026-08-20 19:55:22,6204,38.9,31.92,22.75,4.08,73.2
2026-08-20 19:55:22,6205,38.04,17.07,0.0,13.0,75.0
2026-08-20 19:55:22,6206,38.53,8.35,0.0,5.14,70.0
2026-08-20 19:55:22,6207,36.6,44.87,25.15,5.6,68.9
2026-08-20 19:55:22,6208,35.67,17.44,0.0,4.2,70.8
2026-08-20 19:55:22,6209,39.55,10.54,0.0,7.56,76.2
2026-08-20 19:55:22,6210,36.92,58.65,22.06,5.76,72.2
2026-08-20 19:55:22,6211,36.89,7.04,0.0,3.99,69.0
2026-08-20 19:55:23,6212,39.63,7.03,0.0,3.86,76.2
2026-08-20 19:55:23,6213,38.11,33.05,25.04,3.85,70.0
2026-08-20 19:55:23,6214,38.81,7.2,0.0,4.04,75.0
2026-08-20 19:55:23,6215,40.9,7.96,0.0,4.81,70.0
2026-08-20 19:55:23,6216,38.87,40.85,24.59,12.33,68.3
2026-08-20 19:55:23,6217,41.79,10.89,0.0,5.75,80.0
2026-08-20 19:55:23,6218,43.95,7.34,0.0,3.87,70.0
2026-08-20 19:55:23,6219,40.98,61.52,25.12,4.9,69.0
2026-08-20 19:55:23,6220,39.38,22.17,0.0,4.59,65.0
2026-08-20 19:55:23,6221,41.31,7.19,0.0,4.14,69.6
2026-08-20 19:55:23,6222,38.63,65.46,21.15,5.79,72.4
2026-08-20 19:55:23,6223,37.43,18.66,0.0,12.66,70.0
2026-08-20 19:55:23,6224,39.29,10.54,0.0,6.98,80.0
2026-08-20 19:55:23,6225,37.49,35.73,26.57,6.2,71.7
2026-08-20 19:55:23,6226,38.76,8.8,0.0,4.01,75.0
2026-08-20 19:55:23,6227,41.07,9.54,0.0,6.19,75.0
2026-08-20 19:55:23,6228,39.77,29.13,21.55,3.87,76.3
2026-08-20 19:55:23,6229,39.52,7.95,0.0,4.54,68.3
2026-08-20 19:55:23,6230,42.2,8.03,0.0,4.88,70.0
2026-08-20 19:55:23,6231,39.62,53.08,23.65,5.56,73.4
2026-08-20 19:55:23,6232,38.48,24.97,0.0,3.76,75.6
2026-08-20 19:55:23,6233,40.92,8.88,0.0,5.03,71.4
2026-08-20 19:55:23,6234,38.28,62.27,18.59,5.29,73.4
2026-08-20 19:55:23,6235,38.35,8.93,0.0,5.52,66.7
2026-08-20 19:55:23,6236,39.75,12.55,0.0,5.28,75.0
2026-08-20 19:55:23,6237,38.02,41.02,22.0,13.04,72.9
2026-08-20 19:55:23,6238,39.31,12.68,0.0,5.08,63.6
2026-08-20 19:55:23,6239,39.04,8.47,0.0,4.13,88.1
2026-08-20 19:55:23,6240,37.63,32.24,24.82,4.29,67.2
2026-08-20 19:55:23,6241,37.96,8.91,0.0,5.56,66.7
2026-08-20 19:55:23,6242,41.16,7.15,0.0,3.92,70.0
2026-08-20 19:55:24,6243,38.66,53.39,25.16,4.01,73.2
2026-08-20 19:55:24,6244,37.18,32.71,0.0,5.78,70.5
2026-08-20 19:55:24,6245,37.52,9.89,0.0,5.6,65.0
2026-08-20 19:55:24,6246,35.46,52.95,21.09,5.47,71.2
2026-08-20 19:55:24,6247,36.79,11.44,0.0,8.09,65.0
2026-08-20 19:55:24,6248,37.77,17.41,0.0,5.64,75.0
2026-08-20 19:55:24,6249,36.26,29.44,22.23,3.88,77.8
2026-08-20 19:55:24,6250,36.48,7.48,0.0,4.12,50.0
2026-08-20 19:55:24,6251,38.36,9.57,0.0,4.78,70.0
2026-08-20 19:55:24,6252,36.85,36.97,25.83,5.09,72.1
2026-08-20 19:55:24,6253,38.26,8.61,0.0,4.47,70.0
2026-08-20 19:55:24,6254,41.34,7.11,0.0,3.88,85.0
2026-08-20 19:55:24,6255,38.67,60.3,25.81,4.33,72.4
2026-08-20 19:55:24,6256,37.38,20.57,0.0,5.17,64.3
2026-08-20 19:55:24,6257,39.18,7.12,0.0,3.71,70.0
2026-08-20 19:55:24,6258,36.71,60.23,21.89,5.87,73.0
2026-08-20 19:55:24,6259,36.73,7.27,0.0,3.92,78.4
2026-08-20 19:55:24,6260,38.71,9.37,0.0,4.14,56.0
2026-08-20 19:55:24,6261,37.57,31.03,22.04,5.19,70.0
2026-08-20 19:55:24,6262,38.11,14.52,0.0,3.99,76.2
2026-08-20 19:55:24,6263,39.12,12.07,0.0,6.43,75.0
2026-08-20 19:55:24,6264,37.97,32.75,23.53,5.55,72.5
2026-08-20 19:55:24,6265,38.6,7.31,0.0,4.02,74.4
2026-08-20 19:55:24,6266,40.36,9.13,0.0,3.79,70.0
2026-08-20 19:55:24,6267,37.71,66.59,24.93,4.68,67.9
2026-08-20 19:55:24,6268,36.66,23.79,0.0,4.52,71.7
2026-08-20 19:55:24,6269,38.7,9.27,0.0,4.45,70.0
2026-08-20 19:55:24,6270,36.22,65.5,23.04,4.89,69.1
2026-08-20 19:55:24,6271,37.06,7.92,0.0,3.95,74.4
2026-08-20 19:55:25,6272,38.93,10.39,0.0,6.0,71.4
2026-08-20 19:55:25,6273,37.71,32.77,25.08,4.32,70.7
2026-08-20 19:55:25,6274,37.48,12.95,0.0,4.28,72.5
2026-08-20 19:55:25,6275,37.48,8.2,0.0,4.22,70.0
2026-08-20 19:55:25,6276,36.57,27.49,20.04,4.07,73.7
2026-08-20 19:55:25,6277,36.39,9.14,0.0,5.63,69.0
2026-08-20 19:55:25,6278,40.0,6.96,0.0,3.73,68.4
2026-08-20 19:55:25,6279,37.65,51.59,23.92,3.73,71.2
2026-08-20 19:55:25,6280,36.41,34.01,0.0,4.39,68.3
2026-08-20 19:55:25,6281,36.56,7.53,0.0,3.92,92.9
2026-08-20 19:55:25,6282,34.45,56.2,22.43,5.36,70.0
2026-08-20 19:55:25,6283,36.96,10.01,0.0,4.75,75.0
2026-08-20 19:55:25,6284,37.72,16.94,0.0,5.44,72.5
2026-08-20 19:55:25,6285,36.24,28.64,21.36,3.86,70.0
2026-08-20 19:55:25,6286,36.52,7.21,0.0,3.91,71.8
2026-08-20 19:55:25,6287,38.09,10.36,0.0,5.48,66.7
2026-08-20 19:55:25,6288,36.24,29.91,22.72,3.74,76.5
2026-08-20 19:55:25,6289,36.44,8.08,0.0,4.79,65.0
2026-08-20 19:55:25,6290,39.01,8.19,0.0,4.84,70.0
2026-08-20 19:55:25,6291,37.03,44.82,26.29,5.29,70.9
2026-08-20 19:55:25,6292,35.93,34.01,0.0,4.34,78.6
2026-08-20 19:55:25,6293,35.65,17.88,0.0,13.35,70.0
2026-08-20 19:55:25,6294,33.86,42.19,21.34,5.49,73.7
2026-08-20 19:55:25,6295,37.49,8.43,0.0,4.67,68.8
2026-08-20 19:55:25,6296,37.3,20.54,0.0,4.76,64.3
2026-08-20 19:55:25,6297,35.92,31.44,22.28,3.89,69.5
2026-08-20 19:55:25,6298,36.8,7.04,0.0,3.77,61.9
2026-08-20 19:55:25,6299,38.94,8.13,0.0,3.99,76.9
2026-08-20 19:55:25,6300,37.76,29.45,20.16,4.11,75.7
2026-08-20 19:55:25,6301,37.84,8.36,0.0,5.14,71.1
2026-08-20 19:55:25,6302,40.48,7.93,0.0,4.63,62.5
2026-08-20 19:55:26,6303,37.9,59.85,20.68,5.36,72.2
2026-08-20 19:55:26,6304,36.49,22.35,0.0,5.08,69.8
2026-08-20 19:55:26,6305,37.94,9.5,0.0,5.65,70.0
2026-08-20 19:55:26,6306,35.2,87.74,37.14,13.61,72.0
2026-08-20 19:55:26,6307,37.17,10.47,0.0,6.93,60.9
2026-08-20 19:55:26,6308,39.98,9.75,0.0,5.35,78.9
2026-08-20 19:55:26,6309,38.83,28.86,20.2,5.44,65.9
2026-08-20 19:55:26,6310,38.56,9.6,0.0,6.17,83.3
2026-08-20 19:55:26,6311,41.42,8.99,0.0,4.63,75.0
2026-08-20 19:55:26,6312,39.7,34.18,24.83,6.04,75.0
2026-08-20 19:55:26,6313,40.72,7.15,0.0,3.9,75.0
2026-08-20 19:55:26,6314,41.98,10.0,0.0,4.92,85.0
2026-08-20 19:55:26,6315,39.72,46.2,21.57,4.09,79.4
2026-08-20 19:55:26,6316,37.98,27.89,0.0,4.16,70.5
2026-08-20 19:55:26,6317,41.59,9.37,0.0,5.34,70.0
2026-08-20 19:55:26,6318,38.83,65.32,20.67,6.36,68.3
2026-08-20 19:55:26,6319,39.21,8.8,0.0,5.55,65.0
2026-08-20 19:55:26,6320,40.5,12.39,0.0,5.21,70.0
2026-08-20 19:55:26,6321,38.41,32.61,24.06,5.12,70.0
2026-08-20 19:55:26,6322,38.56,9.59,0.0,5.35,75.0
2026-08-20 19:55:26,6323,42.04,7.69,0.0,3.9,75.0
2026-08-20 19:55:26,6324,40.41,30.51,23.34,3.88,77.2
2026-08-20 19:55:26,6325,40.17,8.89,0.0,5.6,56.5
2026-08-20 19:55:26,6326,42.29,9.14,0.0,5.77,70.0
2026-08-20 19:55:26,6327,39.82,50.06,22.31,3.92,71.2
2026-08-20 19:55:26,6328,38.14,30.97,0.0,5.57,68.3
2026-08-20 19:55:26,6329,40.45,9.5,0.0,5.49,75.0
2026-08-20 19:55:26,6330,37.84,53.53,22.51,5.92,68.8
2026-08-20 19:55:26,6331,39.14,10.37,0.0,6.71,84.6
2026-08-20 19:55:27,6332,39.55,18.03,0.0,4.55,92.9
2026-08-20 19:55:27,6333,37.59,36.16,29.09,3.92,69.5
2026-08-20 19:55:27,6334,38.99,8.64,0.0,4.55,76.9
2026-08-20 19:55:27,6335,43.06,9.58,0.0,6.03,0.0
2026-08-20 19:55:27,6336,41.26,29.54,22.25,4.2,69.5
2026-08-20 19:55:27,6337,41.03,7.19,0.0,4.18,72.5
2026-08-20 19:55:27,6338,43.31,6.91,0.0,3.73,77.8
2026-08-20 19:55:27,6339,40.48,57.57,24.02,4.97,67.1
2026-08-20 19:55:27,6340,38.81,36.15,0.0,6.1,71.4
2026-08-20 19:55:27,6341,40.26,8.35,0.0,4.45,62.5
2026-08-20 19:55:27,6342,37.71,60.09,23.69,5.24,69.1
2026-08-20 19:55:27,6343,37.64,8.11,0.0,5.14,76.3
2026-08-20 19:55:27,6344,40.63,7.2,0.0,3.93,70.0
2026-08-20 19:55:27,6345,39.09,31.03,22.13,5.15,75.6
2026-08-20 19:55:27,6346,39.36,6.95,0.0,3.9,67.5
2026-08-20 19:55:27,6347,41.05,9.65,0.0,5.54,85.0
2026-08-20 19:55:27,6348,39.54,32.73,23.24,5.5,70.7
2026-08-20 19:55:27,6349,40.04,8.15,0.0,4.26,74.4
2026-08-20 19:55:27,6350,42.65,8.28,0.0,4.68,70.0
2026-08-20 19:55:27,6351,39.75,65.28,25.21,4.56,69.1
2026-08-20 19:55:27,6352,38.24,26.41,0.0,4.63,77.0
2026-08-20 19:55:27,6353,41.27,8.79,0.0,4.43,73.7
2026-08-20 19:55:27,6354,38.53,65.76,19.95,6.58,72.2
2026-08-20 19:55:27,6355,39.61,7.99,0.0,3.98,58.3
2026-08-20 19:55:27,6356,40.57,12.9,0.0,5.8,75.0
2026-08-20 19:55:27,6357,38.49,32.4,23.06,6.25,68.9
2026-08-20 19:55:27,6358,38.18,12.55,0.0,5.07,69.2
2026-08-20 19:55:27,6359,37.06,18.22,0.0,13.93,83.3
2026-08-20 19:55:27,6360,35.51,32.58,21.15,6.53,70.0
2026-08-20 19:55:27,6361,35.13,17.02,0.0,13.46,75.0
2026-08-20 19:55:28,6362,36.1,7.91,0.0,4.9,65.0
2026-08-20 19:55:28,6363,35.16,30.18,21.28,5.16,70.0
2026-08-20 19:55:28,6364,38.06,12.06,0.0,3.82,75.0
2026-08-20 19:55:28,6365,37.95,9.34,0.0,6.18,72.5
2026-08-20 19:55:28,6366,35.75,56.87,22.04,5.75,69.6
2026-08-20 19:55:28,6367,37.86,10.64,0.0,6.41,61.9
2026-08-20 19:55:28,6368,36.95,29.36,0.0,13.21,84.5
2026-08-20 19:55:28,6369,35.33,30.0,21.53,5.4,68.3
2026-08-20 19:55:28,6370,35.9,8.39,0.0,5.11,56.5
2026-08-20 19:55:28,6371,38.58,8.84,0.0,3.77,75.0
2026-08-20 19:55:28,6372,37.36,30.8,22.81,4.98,71.2
2026-08-20 19:55:28,6373,37.73,7.24,0.0,4.18,70.0
2026-08-20 19:55:28,6374,40.08,7.47,0.0,4.43,71.4
2026-08-20 19:55:28,6375,37.9,46.74,23.86,5.66,71.8
2026-08-20 19:55:28,6376,36.7,21.32,0.0,5.25,62.8
2026-08-20 19:55:28,6377,37.26,13.44,0.0,10.12,70.7
2026-08-20 19:55:28,6378,34.94,52.7,19.97,13.52,68.8
2026-08-20 19:55:28,6379,37.11,7.31,0.0,4.22,65.0
2026-08-20 19:55:28,6380,39.43,8.39,0.0,4.39,71.4
2026-08-20 19:55:28,6381,37.97,32.81,24.59,4.79,70.0
2026-08-20 19:55:28,6382,36.56,27.66,0.0,5.58,71.0
2026-08-20 19:55:28,6383,36.41,8.73,0.0,5.69,77.1
2026-08-20 19:55:28,6384,35.38,31.03,22.02,5.02,63.6
2026-08-20 19:55:28,6385,35.89,8.63,0.0,5.68,68.3
2026-08-20 19:55:28,6386,39.56,6.49,0.0,3.75,0.0
2026-08-20 19:55:28,6387,38.15,30.21,22.3,3.89,71.2
2026-08-20 19:55:28,6388,36.68,24.75,0.0,3.72,68.3
2026-08-20 19:55:28,6389,39.96,8.08,0.0,4.65,66.7
2026-08-20 19:55:28,6390,37.23,71.64,25.11,6.2,68.0
2026-08-20 19:55:28,6391,39.15,11.47,0.0,6.13,66.7
2026-08-20 19:55:29,6392,38.96,6.87,0.0,3.85,84.8
2026-08-20 19:55:29,6393,37.44,33.87,25.12,4.5,61.7
2026-08-20 19:55:29,6394,37.25,15.09,0.0,3.96,70.0
2026-08-20 19:55:29,6395,37.82,6.83,0.0,3.83,79.4
2026-08-20 19:55:29,6396,36.71,28.33,21.44,3.89,65.2
2026-08-20 19:55:29,6397,36.65,7.98,0.0,4.01,70.0
2026-08-20 19:55:29,6398,38.9,8.91,0.0,3.89,75.0
2026-08-20 19:55:29,6399,37.17,39.65,23.84,3.73,70.5
2026-08-20 19:55:29,6400,36.01,30.74,0.0,3.76,65.0
2026-08-20 19:55:29,6401,36.3,8.93,0.0,5.55,76.3
2026-08-20 19:55:29,6402,34.27,55.34,21.23,5.11,68.3
2026-08-20 19:55:29,6403,36.61,8.68,0.0,5.52,73.7
2026-08-20 19:55:29,6404,36.56,20.45,0.0,4.88,69.0
2026-08-20 19:55:29,6405,35.37,30.26,23.55,3.88,72.5
2026-08-20 19:55:29,6406,34.5,21.93,0.0,5.04,70.0
2026-08-20 19:55:29,6407,36.26,9.59,0.0,6.51,90.0
2026-08-20 19:55:29,6408,35.24,31.95,23.52,5.35,74.4
2026-08-20 19:55:29,6409,36.09,6.78,0.0,3.73,68.3
2026-08-20 19:55:29,6410,38.23,8.13,0.0,5.22,95.2
2026-08-20 19:55:29,6411,36.23,47.29,23.41,5.74,85.3
2026-08-20 19:55:29,6412,35.29,20.55,0.0,4.6,60.9
2026-08-20 19:55:29,6413,39.7,9.14,0.0,5.98,66.7
2026-08-20 19:55:29,6414,37.08,59.25,20.49,5.61,71.2
2026-08-20 19:55:29,6415,41.5,7.48,0.0,3.94,65.0
2026-08-20 19:55:29,6416,40.65,21.84,0.0,4.33,70.0
2026-08-20 19:55:29,6417,38.96,32.41,22.95,4.62,72.1
2026-08-20 19:55:29,6418,37.5,26.46,0.0,6.28,71.4
2026-08-20 19:55:29,6419,41.33,9.15,0.0,5.97,0.0
2026-08-20 19:55:29,6420,39.76,32.23,25.41,3.82,70.0
2026-08-20 19:55:29,6421,40.21,6.84,0.0,3.75,65.0
2026-08-20 19:55:29,6422,41.51,9.6,0.0,5.56,78.9
2026-08-20 19:55:30,6423,39.31,45.47,20.37,5.04,69.8
2026-08-20 19:55:30,6424,37.73,23.93,0.0,3.91,71.9
2026-08-20 19:55:30,6425,40.03,8.09,0.0,3.84,70.0
2026-08-20 19:55:30,6426,37.39,66.54,21.39,6.84,68.7
2026-08-20 19:55:30,6427,38.21,8.48,0.0,4.21,67.5
2026-08-20 19:55:30,6428,40.6,9.06,0.0,4.12,70.0
2026-08-20 19:55:30,6429,39.26,29.9,22.41,3.78,72.5
2026-08-20 19:55:30,6430,37.24,48.23,0.0,13.1,66.7
2026-08-20 19:55:30,6431,38.04,8.86,0.0,4.94,76.9
2026-08-20 19:55:30,6432,36.37,39.78,31.39,5.42,75.0
2026-08-20 19:55:30,6433,38.99,7.77,0.0,4.73,66.7
2026-08-20 19:55:30,6434,41.94,6.37,0.0,3.89,70.0
2026-08-20 19:55:30,6435,40.53,26.61,18.97,3.75,76.9
2026-08-20 19:55:30,6436,38.65,25.73,0.0,3.73,68.3
2026-08-20 19:55:30,6437,41.75,8.02,0.0,4.9,80.0
2026-08-20 19:55:30,6438,38.9,67.77,24.18,4.87,73.8
2026-08-20 19:55:30,6439,40.24,7.96,0.0,5.15,68.2
2026-08-20 19:55:30,6440,40.69,15.02,0.0,6.73,85.0
2026-08-20 19:55:30,6441,38.62,32.93,24.46,4.82,71.2
2026-08-20 19:55:30,6442,38.89,9.08,0.0,6.04,68.4
2026-08-20 19:55:30,6443,42.03,6.85,0.0,3.87,66.7
2026-08-20 19:55:30,6444,40.28,31.61,24.64,3.9,76.7
2026-08-20 19:55:30,6445,40.06,9.81,0.0,6.76,59.1
2026-08-20 19:55:30,6446,43.55,7.18,0.0,4.16,75.0
2026-08-20 19:55:30,6447,40.86,51.34,22.22,4.56,68.8
2026-08-20 19:55:30,6448,39.17,30.58,0.0,4.39,66.7
2026-08-20 19:55:30,6449,39.29,7.79,0.0,3.87,65.0
2026-08-20 19:55:30,6450,37.03,52.02,20.92,4.93,70.9
2026-08-20 19:55:30,6451,38.08,9.03,0.0,4.61,73.0
2026-08-20 19:55:31,6452,38.69,16.17,0.0,6.04,68.0
2026-08-20 19:55:31,6453,36.89,32.57,24.79,4.75,71.7
2026-08-20 19:55:31,6454,37.26,9.16,0.0,5.55,75.0
2026-08-20 19:55:31,6455,39.9,8.86,0.0,5.24,75.0
2026-08-20 19:55:31,6456,38.93,30.08,21.33,5.16,73.7
2026-08-20 19:55:31,6457,40.24,14.79,0.0,3.81,61.9
2026-08-20 19:55:31,6458,40.55,6.8,0.0,3.77,75.0
2026-08-20 19:55:31,6459,38.02,56.65,23.05,5.1,68.3
2026-08-20 19:55:31,6460,36.7,33.36,0.0,4.31,62.8
2026-08-20 19:55:31,6461,37.65,7.48,0.0,3.79,72.5
2026-08-20 19:55:31,6462,35.32,61.13,24.3,5.48,69.6
2026-08-20 19:55:31,6463,35.44,8.48,0.0,5.5,71.4
2026-08-20 19:55:31,6464,38.28,8.63,0.0,5.36,80.0
2026-08-20 19:55:31,6465,37.21,29.94,22.26,4.04,75.0
2026-08-20 19:55:31,6466,37.17,9.03,0.0,5.88,73.2
2026-08-20 19:55:31,6467,39.73,9.02,0.0,5.96,75.0
2026-08-20 19:55:31,6468,38.31,32.77,24.0,3.79,70.7
2026-08-20 19:55:31,6469,39.14,7.07,0.0,4.18,67.5
2026-08-20 19:55:31,6470,41.67,6.74,0.0,3.77,65.0
2026-08-20 19:55:31,6471,38.91,62.47,25.04,3.92,70.0
2026-08-20 19:55:31,6472,37.49,24.51,0.0,5.19,74.1
2026-08-20 19:55:31,6473,39.58,10.47,0.0,5.13,61.9
2026-08-20 19:55:31,6474,37.09,47.08,20.2,5.32,69.1
2026-08-20 19:55:31,6475,37.88,8.3,0.0,5.44,79.5
2026-08-20 19:55:31,6476,38.58,15.2,0.0,4.95,66.7
2026-08-20 19:55:31,6477,36.85,30.13,21.59,5.16,68.3
2026-08-20 19:55:31,6478,36.74,10.09,0.0,6.86,70.0
2026-08-20 19:55:31,6479,37.28,17.3,0.0,12.95,88.1
2026-08-20 19:55:31,6480,35.77,30.31,23.72,3.68,67.5
2026-08-20 19:55:31,6481,36.44,6.97,0.0,3.92,70.0
2026-08-20 19:55:31,6482,38.82,7.58,0.0,4.66,65.0
2026-08-20 19:55:32,6483,37.25,35.27,23.15,4.19,75.0
2026-08-20 19:55:32,6484,35.71,34.98,0.0,4.59,73.3
2026-08-20 19:55:32,6485,36.82,8.83,0.0,5.89,65.0
2026-08-20 19:55:32,6486,34.64,59.58,22.84,7.38,71.6
2026-08-20 19:55:32,6487,38.81,8.63,0.0,5.58,85.0
2026-08-20 19:55:32,6488,39.34,15.36,0.0,3.76,71.1
2026-08-20 19:55:32,6489,37.39,34.06,27.38,3.75,67.7
2026-08-20 19:55:32,6490,38.45,6.93,0.0,3.87,65.0
2026-08-20 19:55:32,6491,38.19,18.88,0.0,13.39,72.5
2026-08-20 19:55:32,6492,36.74,36.16,24.52,8.64,73.8
2026-08-20 19:55:32,6493,41.76,8.48,0.0,4.74,0.0
2026-08-20 19:55:32,6494,44.42,9.48,0.0,5.33,80.0
2026-08-20 19:55:32,6495,41.66,54.12,19.54,4.04,71.2
2026-08-20 19:55:32,6496,39.62,37.75,0.0,4.76,70.0
2026-08-20 19:55:32,6497,41.25,7.1,0.0,3.94,70.0
2026-08-20 19:55:32,6498,38.55,60.95,21.66,6.09,71.7
2026-08-20 19:55:32,6499,38.5,8.18,0.0,4.14,70.4
2026-08-20 19:55:32,6500,41.1,8.02,0.0,5.19,88.2
2026-08-20 19:55:32,6501,39.67,29.42,20.45,5.52,72.4
2026-08-20 19:55:32,6502,38.7,15.79,0.0,12.47,71.4
2026-08-20 19:55:32,6503,39.02,8.2,0.0,5.1,82.4
2026-08-20 19:55:32,6504,37.61,32.26,24.26,4.98,63.0
2026-08-20 19:55:32,6505,38.02,8.28,0.0,5.18,71.8
2026-08-20 19:55:32,6506,40.57,9.05,0.0,5.4,80.0
2026-08-20 19:55:32,6507,38.38,46.64,22.56,4.54,69.5
2026-08-20 19:55:32,6508,36.93,25.98,0.0,4.93,66.7
2026-08-20 19:55:32,6509,40.37,7.94,0.0,4.16,71.4
2026-08-20 19:55:32,6510,37.71,65.26,21.69,5.31,66.7
2026-08-20 19:55:32,6511,38.49,8.19,0.0,4.99,76.9
2026-08-20 19:55:33,6512,39.38,13.73,0.0,4.75,82.6
2026-08-20 19:55:33,6513,37.44,32.89,24.64,5.04,73.8
2026-08-20 19:55:33,6514,37.52,10.95,0.0,7.61,76.9
2026-08-20 19:55:33,6515,36.98,9.64,0.0,5.3,70.0
2026-08-20 19:55:33,6516,36.07,29.47,22.64,3.81,73.2
2026-08-20 19:55:33,6517,35.48,14.56,0.0,10.49,66.7
2026-08-20 19:55:33,6518,35.65,10.06,0.0,6.93,70.0
2026-08-20 19:55:33,6519,34.74,31.58,21.95,5.61,70.7
2026-08-20 19:55:33,6520,34.56,13.99,0.0,3.87,70.0
2026-08-20 19:55:33,6521,34.95,8.5,0.0,5.31,70.0
2026-08-20 19:55:33,6522,33.03,55.94,20.12,8.42,72.4
2026-08-20 19:55:33,6523,35.3,9.77,0.0,4.76,75.0
2026-08-20 19:55:33,6524,37.08,13.21,0.0,5.06,75.0
2026-08-20 19:55:33,6525,35.51,28.89,21.68,4.29,70.2
2026-08-20 19:55:33,6526,35.94,7.13,0.0,3.95,67.5
2026-08-20 19:55:33,6527,38.49,7.11,0.0,4.03,75.0
2026-08-20 19:55:33,6528,37.42,27.85,20.66,4.07,71.8
2026-08-20 19:55:33,6529,38.35,17.26,0.0,4.31,70.7
2026-08-20 19:55:33,6530,39.3,7.19,0.0,3.79,65.0
2026-08-20 19:55:33,6531,36.91,55.83,23.13,4.65,67.5
2026-08-20 19:55:33,6532,35.65,33.52,0.0,3.91,70.5
2026-08-20 19:55:33,6533,40.24,8.89,0.0,5.39,73.7
2026-08-20 19:55:33,6534,37.49,61.14,22.76,5.87,72.4
2026-08-20 19:55:33,6535,37.54,7.39,0.0,4.12,60.9
2026-08-20 19:55:33,6536,40.14,7.65,0.0,4.35,75.0
2026-08-20 19:55:33,6537,38.61,32.78,23.26,4.53,71.7
2026-08-20 19:55:33,6538,39.45,7.18,0.0,4.1,65.0
2026-08-20 19:55:33,6539,41.04,9.25,0.0,6.09,77.8
2026-08-20 19:55:33,6540,39.64,30.66,22.53,4.39,66.7
2026-08-20 19:55:33,6541,39.56,8.45,0.0,5.26,73.2
2026-08-20 19:55:33,6542,42.95,6.83,0.0,3.94,0.0
2026-08-20 19:55:34,6543,40.1,60.5,23.64,4.26,73.7
2026-08-20 19:55:34,6544,38.52,22.09,0.0,3.94,68.8
2026-08-20 19:55:34,6545,40.42,7.39,0.0,3.85,68.8
2026-08-20 19:55:34,6546,37.79,66.09,21.85,4.93,68.3
2026-08-20 19:55:34,6547,38.27,7.43,0.0,4.18,71.1
2026-08-20 19:55:34,6548,39.73,10.9,0.0,5.41,80.0
2026-08-20 19:55:34,6549,37.95,40.49,22.94,13.31,75.9
2026-08-20 19:55:34,6550,40.77,7.65,0.0,4.32,58.3
2026-08-20 19:55:34,6551,42.0,10.4,0.0,5.04,65.0
2026-08-20 19:55:34,6552,40.68,29.62,19.58,5.96,75.0
2026-08-20 19:55:34,6553,39.95,12.45,0.0,5.63,69.2
2026-08-20 19:55:34,6554,39.47,9.09,0.0,5.23,70.0
2026-08-20 19:55:34,6555,37.34,48.09,21.1,5.34,67.2
2026-08-20 19:55:34,6556,35.86,28.87,0.0,4.55,71.7
2026-08-20 19:55:34,6557,36.2,6.92,0.0,3.77,76.2
2026-08-20 19:55:34,6558,34.3,48.91,21.94,3.78,76.2
2026-08-20 19:55:34,6559,35.17,9.02,0.0,5.08,65.0
2026-08-20 19:55:34,6560,36.89,12.77,0.0,5.62,75.0
2026-08-20 19:55:34,6561,35.28,29.9,22.47,3.74,71.0
2026-08-20 19:55:34,6562,34.73,15.38,0.0,11.41,82.8
2026-08-20 19:55:34,6563,35.5,7.54,0.0,4.42,54.2
2026-08-20 19:55:34,6564,34.39,32.44,25.31,3.92,71.7
2026-08-20 19:55:34,6565,35.39,6.96,0.0,3.93,65.0
2026-08-20 19:55:34,6566,38.03,7.06,0.0,4.07,70.0
2026-08-20 19:55:34,6567,36.5,35.75,21.41,4.21,70.0
2026-08-20 19:55:34,6568,35.14,32.3,0.0,4.26,66.7
2026-08-20 19:55:34,6569,35.96,8.86,0.0,4.76,66.7
2026-08-20 19:55:34,6570,33.98,54.54,19.37,6.03,77.0
2026-08-20 19:55:34,6571,36.54,8.45,0.0,5.25,70.0
2026-08-20 19:55:35,6572,36.56,19.71,0.0,4.57,70.0
2026-08-20 19:55:35,6573,35.43,27.68,20.86,3.76,72.4
2026-08-20 19:55:35,6574,35.65,8.26,0.0,5.18,59.1
2026-08-20 19:55:35,6575,38.55,7.67,0.0,4.63,75.0
2026-08-20 19:55:35,6576,37.36,29.71,21.7,4.24,70.7
2026-08-20 19:55:35,6577,37.39,8.33,0.0,5.08,63.6
2026-08-20 19:55:35,6578,40.32,7.33,0.0,4.19,65.0
2026-08-20 19:55:35,6579,37.81,58.1,21.54,4.04,72.0
2026-08-20 19:55:35,6580,36.26,40.38,0.0,5.24,58.7
2026-08-20 19:55:35,6581,39.66,6.73,0.0,3.76,68.2
2026-08-20 19:55:35,6582,37.09,62.89,21.88,4.98,70.4
2026-08-20 19:55:35,6583,37.53,7.09,0.0,3.95,63.6
2026-08-20 19:55:35,6584,39.18,10.12,0.0,4.52,76.3
2026-08-20 19:55:35,6585,37.76,34.2,25.52,5.62,69.0
2026-08-20 19:55:35,6586,38.79,6.96,0.0,3.81,76.5
2026-08-20 19:55:35,6587,39.33,13.65,0.0,7.43,64.0
2026-08-20 19:55:35,6588,38.13,32.54,23.86,5.45,70.7
2026-08-20 19:55:35,6589,38.96,9.25,0.0,4.2,74.4
2026-08-20 19:55:35,6590,41.58,8.58,0.0,5.2,66.7
2026-08-20 19:55:35,6591,38.81,64.8,23.58,3.71,69.1
2026-08-20 19:55:35,6592,37.22,28.97,0.0,4.22,82.3
2026-08-20 19:55:35,6593,37.16,8.83,0.0,5.69,67.5
2026-08-20 19:55:35,6594,35.12,52.33,24.36,4.73,75.0
2026-08-20 19:55:35,6595,35.37,14.86,0.0,10.71,58.3
2026-08-20 19:55:35,6596,36.12,6.7,0.0,3.68,71.1
2026-08-20 19:55:35,6597,35.05,30.16,21.74,5.44,65.9
2026-08-20 19:55:35,6598,35.12,10.05,0.0,7.02,73.8
2026-08-20 19:55:35,6599,38.48,9.07,0.0,4.41,95.0
2026-08-20 19:55:35,6600,37.64,26.38,19.47,3.88,67.5
2026-08-20 19:55:35,6601,39.57,11.91,0.0,3.84,65.0
2026-08-20 19:55:35,6602,43.83,8.07,0.0,4.88,65.0
2026-08-20 19:55:36,6603,40.8,67.13,23.37,4.18,71.0
2026-08-20 19:55:36,6604,39.2,29.88,0.0,3.81,65.0
2026-08-20 19:55:36,6605,39.24,8.59,0.0,5.52,84.4
2026-08-20 19:55:36,6606,36.84,58.25,22.65,5.55,72.5
2026-08-20 19:55:36,6607,36.85,7.25,0.0,4.29,65.0
2026-08-20 19:55:36,6608,39.6,7.44,0.0,4.29,95.0
2026-08-20 19:55:36,6609,38.1,33.18,23.74,5.37,77.0
2026-08-20 19:55:36,6610,38.78,7.49,0.0,4.29,65.0
2026-08-20 19:55:36,6611,41.12,7.48,0.0,4.22,65.0
2026-08-20 19:55:36,6612,39.41,33.55,24.49,4.01,72.9
2026-08-20 19:55:36,6613,40.15,6.99,0.0,3.88,66.7
2026-08-20 19:55:36,6614,42.28,7.29,0.0,3.91,66.7
2026-08-20 19:55:36,6615,39.53,58.94,22.23,4.98,71.6
2026-08-20 19:55:36,6616,37.98,21.03,0.0,3.83,68.3
2026-08-20 19:55:36,6617,39.84,6.69,0.0,4.06,70.0
2026-08-20 19:55:36,6618,37.33,59.32,20.12,4.97,70.7
2026-08-20 19:55:36,6619,41.07,8.71,0.0,4.57,0.0
2026-08-20 19:55:36,6620,39.98,25.88,0.0,6.04,75.4
2026-08-20 19:55:36,6621,38.81,29.75,20.39,5.9,63.6
2026-08-20 19:55:36,6622,38.03,15.9,0.0,12.34,73.2
2026-08-20 19:55:36,6623,42.08,8.47,0.0,5.43,73.7
2026-08-20 19:55:36,6624,39.86,31.26,22.59,4.07,71.2
2026-08-20 19:55:36,6625,39.96,7.79,0.0,3.86,62.5
2026-08-20 19:55:36,6626,42.11,8.08,0.0,4.84,72.2
2026-08-20 19:55:36,6627,39.63,54.82,25.46,4.66,71.4
2026-08-20 19:55:36,6628,38.19,25.89,0.0,4.64,66.7
2026-08-20 19:55:36,6629,40.91,9.25,0.0,5.06,83.3
2026-08-20 19:55:36,6630,38.15,68.69,24.13,6.17,68.4
2026-08-20 19:55:36,6631,39.31,8.78,0.0,4.43,56.0
2026-08-20 19:55:37,6632,40.82,11.63,0.0,4.36,73.7
2026-08-20 19:55:37,6633,38.7,31.66,23.47,4.91,72.9
2026-08-20 19:55:37,6634,38.23,13.09,0.0,8.66,71.4
2026-08-20 19:55:37,6635,37.72,11.76,0.0,6.28,77.5
2026-08-20 19:55:37,6636,35.53,55.37,39.4,9.28,87.8
2026-08-20 19:55:37,6637,35.61,8.15,0.0,4.51,63.4
2026-08-20 19:55:37,6638,37.93,9.18,0.0,5.49,83.3
2026-08-20 19:55:37,6639,36.93,29.93,19.76,5.04,69.8
2026-08-20 19:55:37,6640,36.88,11.48,0.0,7.33,74.4
2026-08-20 19:55:37,6641,36.88,7.04,0.0,3.8,75.0
2026-08-20 19:55:37,6642,35.14,42.48,22.36,5.62,70.5
2026-08-20 19:55:37,6643,37.94,11.25,0.0,6.51,75.0
2026-08-20 19:55:37,6644,38.39,18.76,0.0,4.51,73.7
2026-08-20 19:55:37,6645,36.7,33.72,24.56,4.19,70.5
2026-08-20 19:55:37,6646,37.48,8.34,0.0,5.19,72.7
2026-08-20 19:55:37,6647,40.1,9.04,0.0,5.45,70.0
2026-08-20 19:55:37,6648,38.76,31.01,22.01,3.84,74.4
2026-08-20 19:55:37,6649,37.85,28.01,0.0,13.12,83.6
2026-08-20 19:55:37,6650,38.07,10.63,0.0,5.34,81.0
2026-08-20 19:55:37,6651,36.36,42.92,21.03,4.44,71.7
2026-08-20 19:55:37,6652,35.03,22.16,0.0,5.13,71.7
2026-08-20 19:55:37,6653,37.69,6.5,0.0,3.91,65.0
2026-08-20 19:55:37,6654,35.38,59.59,20.71,4.86,70.0
2026-08-20 19:55:37,6655,35.43,7.49,0.0,4.16,70.0
2026-08-20 19:55:37,6656,37.39,10.1,0.0,4.19,70.0
2026-08-20 19:55:37,6657,36.4,30.56,21.37,5.89,75.0
2026-08-20 19:55:37,6658,37.03,6.93,0.0,3.84,54.2
2026-08-20 19:55:37,6659,38.76,10.36,0.0,5.01,66.7
2026-08-20 19:55:37,6660,37.76,29.67,20.66,5.69,79.2
2026-08-20 19:55:37,6661,37.64,8.91,0.0,3.78,48.1
2026-08-20 19:55:37,6662,40.4,8.31,0.0,5.17,70.0
2026-08-20 19:55:38,6663,37.72,65.71,25.9,4.16,69.0
2026-08-20 19:55:38,6664,36.38,27.35,0.0,4.11,69.5
2026-08-20 19:55:38,6665,40.1,8.97,0.0,4.12,93.3
2026-08-20 19:55:38,6666,37.48,65.27,21.94,5.74,64.0
2026-08-20 19:55:38,6667,38.05,8.43,0.0,5.24,71.8
2026-08-20 19:55:38,6668,39.98,10.2,0.0,4.23,73.7
2026-08-20 19:55:38,6669,38.81,29.67,22.55,4.01,69.0
2026-08-20 19:55:38,6670,38.86,7.2,0.0,3.93,71.8
2026-08-20 19:55:38,6671,39.56,12.98,0.0,5.88,68.2
2026-08-20 19:55:38,6672,37.71,28.95,21.93,3.71,72.9
2026-08-20 19:55:38,6673,37.56,9.49,0.0,6.31,68.3
2026-08-20 19:55:38,6674,41.01,7.39,0.0,4.17,75.0
2026-08-20 19:55:38,6675,38.6,50.64,24.2,3.74,73.3
2026-08-20 19:55:38,6676,36.78,36.22,0.0,10.76,70.3
2026-08-20 19:55:38,6677,38.5,7.25,0.0,3.71,68.2
2026-08-20 19:55:38,6678,36.28,53.48,19.99,5.16,70.5
2026-08-20 19:55:38,6679,37.76,9.1,0.0,5.53,61.9
2026-08-20 19:55:38,6680,38.59,15.26,0.0,5.04,71.4
2026-08-20 19:55:38,6681,36.86,30.22,23.15,3.86,79.7
2026-08-20 19:55:38,6682,41.88,7.54,0.0,4.5,69.6
2026-08-20 19:55:38,6683,42.25,15.68,0.0,4.13,85.7
2026-08-20 19:55:38,6684,40.26,28.81,21.35,4.31,60.0
2026-08-20 19:55:38,6685,40.15,7.36,0.0,4.17,72.5
2026-08-20 19:55:38,6686,42.06,8.27,0.0,4.98,65.0
2026-08-20 19:55:38,6687,39.47,57.98,20.69,4.53,68.8
2026-08-20 19:55:38,6688,37.97,32.38,0.0,4.14,66.7
2026-08-20 19:55:38,6689,38.45,8.21,0.0,4.87,65.0
2026-08-20 19:55:38,6690,36.21,55.22,19.62,5.41,67.5
2026-08-20 19:55:38,6691,38.88,8.11,0.0,4.04,70.0
2026-08-20 19:55:39,6692,38.38,21.58,0.0,6.81,79.5
2026-08-20 19:55:39,6693,36.89,32.77,24.15,4.74,70.0
2026-08-20 19:55:39,6694,37.85,7.29,0.0,4.12,65.0
2026-08-20 19:55:39,6695,40.02,7.82,0.0,4.87,75.0
2026-08-20 19:55:39,6696,38.59,31.57,23.47,4.07,73.2
2026-08-20 19:55:39,6697,38.91,7.43,0.0,4.3,66.7
2026-08-20 19:55:39,6698,40.46,10.6,0.0,4.85,65.0
2026-08-20 19:55:39,6699,37.98,59.66,20.16,3.83,74.5
2026-08-20 19:55:39,6700,36.45,40.1,0.0,3.96,58.7
2026-08-20 19:55:39,6701,38.31,10.52,0.0,4.76,83.3
2026-08-20 19:55:39,6702,35.86,67.28,24.5,5.4,65.5
2026-08-20 19:55:39,6703,37.22,7.47,0.0,4.16,84.2
2026-08-20 19:55:39,6704,38.91,10.47,0.0,4.34,81.6
2026-08-20 19:55:39,6705,37.69,31.93,23.57,4.33,73.8
2026-08-20 19:55:39,6706,38.23,7.12,0.0,3.91,74.3
2026-08-20 19:55:39,6707,39.05,12.64,0.0,6.13,61.5
2026-08-20 19:55:39,6708,37.14,31.41,24.0,4.14,70.0
2026-08-20 19:55:39,6709,37.58,8.43,0.0,5.16,68.3
2026-08-20 19:55:39,6710,39.87,8.96,0.0,5.48,70.0
2026-08-20 19:55:39,6711,37.67,48.85,22.82,4.39,68.3
2026-08-20 19:55:39,6712,35.87,37.3,0.0,12.05,77.9
2026-08-20 19:55:39,6713,37.89,7.63,0.0,4.28,60.9
2026-08-20 19:55:39,6714,35.63,56.9,19.46,10.24,75.6
2026-08-20 19:55:39,6715,38.51,8.28,0.0,5.23,65.2
2026-08-20 19:55:39,6716,39.31,14.5,0.0,5.3,70.0
2026-08-20 19:55:39,6717,37.52,29.15,20.71,5.13,69.5
2026-08-20 19:55:39,6718,37.24,9.87,0.0,6.6,68.3
2026-08-20 19:55:39,6719,41.33,6.71,0.0,3.72,73.7
2026-08-20 19:55:39,6720,39.76,30.13,21.46,5.46,70.0
2026-08-20 19:55:39,6721,40.99,12.52,0.0,4.15,69.0
2026-08-20 19:55:39,6722,40.04,17.03,0.0,13.67,85.4
2026-08-20 19:55:40,6723,37.96,38.73,22.33,5.13,75.0
2026-08-20 19:55:40,6724,36.63,32.21,0.0,3.86,75.0
2026-08-20 19:55:40,6725,37.12,8.77,0.0,5.48,65.0
2026-08-20 19:55:40,6726,34.91,59.62,23.81,6.23,70.0
2026-08-20 19:55:40,6727,35.19,7.03,0.0,3.88,70.0
2026-08-20 19:55:40,6728,37.94,7.49,0.0,4.34,90.5
2026-08-20 19:55:40,6729,36.58,32.34,23.21,5.14,70.0
2026-08-20 19:55:40,6730,37.06,9.75,0.0,5.61,65.0
2026-08-20 19:55:40,6731,39.81,10.25,0.0,6.72,65.0
2026-08-20 19:55:40,6732,38.03,40.09,22.35,12.28,72.1
2026-08-20 19:55:40,6733,40.77,7.39,0.0,4.14,75.0
2026-08-20 19:55:40,6734,43.36,7.37,0.0,4.14,65.0
2026-08-20 19:55:40,6735,40.51,58.63,20.16,5.78,70.0
2026-08-20 19:55:40,6736,38.78,22.13,0.0,4.03,66.7
2026-08-20 19:55:40,6737,40.31,8.79,0.0,5.12,70.0
2026-08-20 19:55:40,6738,37.67,64.82,23.38,6.18,71.6
2026-08-20 19:55:40,6739,38.57,7.06,0.0,4.0,65.0
2026-08-20 19:55:40,6740,40.42,9.26,0.0,5.7,80.0
2026-08-20 19:55:40,6741,39.08,30.33,22.2,5.03,74.6
2026-08-20 19:55:40,6742,39.24,6.89,0.0,3.77,61.9
2026-08-20 19:55:40,6743,40.06,11.96,0.0,4.82,75.0
2026-08-20 19:55:40,6744,38.18,28.59,21.49,3.87,71.2
2026-08-20 19:55:40,6745,38.05,8.68,0.0,5.46,61.9
2026-08-20 19:55:40,6746,40.73,8.11,0.0,4.92,70.0
2026-08-20 19:55:40,6747,38.47,50.61,21.48,4.09,71.2
2026-08-20 19:55:40,6748,36.87,29.21,0.0,4.22,67.8
2026-08-20 19:55:40,6749,36.79,9.43,0.0,4.11,80.0
2026-08-20 19:55:40,6750,34.65,59.13,21.72,8.39,69.6
2026-08-20 19:55:40,6751,38.63,9.51,0.0,5.7,69.6
2026-08-20 19:55:41,6752,39.33,16.03,0.0,5.52,66.7
2026-08-20 19:55:41,6753,37.59,30.53,21.87,5.56,75.4
2026-08-20 19:55:41,6754,36.99,15.24,0.0,11.87,67.4
2026-08-20 19:55:41,6755,37.5,7.46,0.0,4.09,65.0
2026-08-20 19:55:41,6756,36.21,32.09,23.93,4.04,75.0
2026-08-20 19:55:41,6757,37.32,8.34,0.0,5.14,65.0
2026-08-20 19:55:41,6758,39.47,9.23,0.0,6.12,85.3
2026-08-20 19:55:41,6759,37.45,45.78,25.33,5.31,69.2
2026-08-20 19:55:41,6760,36.25,23.07,0.0,3.95,61.9
2026-08-20 19:55:41,6761,39.33,6.8,0.0,3.84,75.0
2026-08-20 19:55:41,6762,36.84,60.79,21.01,4.56,70.4
2026-08-20 19:55:41,6763,36.75,8.36,0.0,4.39,77.1
2026-08-20 19:55:41,6764,38.56,11.27,0.0,3.89,60.0
2026-08-20 19:55:41,6765,37.34,33.3,23.26,6.85,71.4
2026-08-20 19:55:41,6766,38.64,7.09,0.0,3.73,65.0
2026-08-20 19:55:41,6767,39.22,13.66,0.0,6.41,76.9
2026-08-20 19:55:41,6768,37.52,27.24,20.26,3.76,71.7
2026-08-20 19:55:41,6769,37.36,7.99,0.0,4.91,74.1
2026-08-20 19:55:41,6770,40.72,7.1,0.0,4.02,56.2
2026-08-20 19:55:41,6771,38.29,52.28,23.72,3.91,68.8
2026-08-20 19:55:41,6772,36.69,33.51,0.0,4.41,75.8
2026-08-20 19:55:41,6773,37.56,8.04,0.0,4.95,78.6
2026-08-20 19:55:41,6774,35.44,53.2,22.28,4.67,70.3
2026-08-20 19:55:41,6775,37.12,10.34,0.0,5.26,68.0
2026-08-20 19:55:41,6776,37.83,16.92,0.0,5.32,61.9
2026-08-20 19:55:41,6777,36.29,30.1,23.08,3.99,70.7
2026-08-20 19:55:41,6778,35.72,15.79,0.0,12.17,66.7
2026-08-20 19:55:41,6779,36.39,8.6,0.0,4.53,78.4
2026-08-20 19:55:41,6780,35.53,28.76,21.12,3.87,67.4
2026-08-20 19:55:41,6781,35.65,8.07,0.0,4.97,70.0
2026-08-20 19:55:41,6782,37.96,9.11,0.0,5.86,66.7
2026-08-20 19:55:42,6783,36.18,42.97,23.55,5.44,74.6
2026-08-20 19:55:42,6784,34.99,21.31,0.0,4.22,73.8
2026-08-20 19:55:42,6785,36.66,8.68,0.0,4.33,63.6
2026-08-20 19:55:42,6786,34.47,60.74,21.5,6.03,70.5
2026-08-20 19:55:42,6787,34.73,8.69,0.0,5.59,80.5
2026-08-20 19:55:42,6788,38.07,7.98,0.0,4.9,66.7
2026-08-20 19:55:42,6789,36.65,34.01,25.98,4.88,77.3
2026-08-20 19:55:42,6790,37.61,7.6,0.0,4.49,68.4
2026-08-20 19:55:42,6791,38.9,11.35,0.0,5.28,73.7
2026-08-20 19:55:42,6792,37.88,30.73,21.7,5.37,72.5
2026-08-20 19:55:42,6793,38.08,7.87,0.0,4.64,70.7
2026-08-20 19:55:42,6794,40.15,8.85,0.0,3.77,100.0
2026-08-20 19:55:42,6795,37.38,72.87,23.98,13.78,74.0
2026-08-20 19:55:42,6796,37.04,22.84,0.0,3.7,67.5
2026-08-20 19:55:42,6797,39.12,9.14,0.0,3.91,70.0
2026-08-20 19:55:42,6798,36.63,63.8,21.93,4.86,69.3
2026-08-20 19:55:42,6799,37.45,8.17,0.0,4.96,65.0
2026-08-20 19:55:42,6800,38.66,12.75,0.0,4.66,80.0
2026-08-20 19:55:42,6801,36.77,32.7,24.15,5.21,71.2
2026-08-20 19:55:42,6802,36.9,10.9,0.0,7.83,70.0
2026-08-20 19:55:42,6803,42.7,7.4,0.0,4.12,70.0
2026-08-20 19:55:42,6804,40.81,31.86,21.97,6.86,73.3
2026-08-20 19:55:42,6805,43.23,8.37,0.0,5.18,70.0
2026-08-20 19:55:42,6806,43.14,6.93,0.0,3.77,65.0
2026-08-20 19:55:42,6807,40.61,47.03,19.29,4.06,68.8
2026-08-20 19:55:42,6808,38.53,35.87,0.0,6.14,72.1
2026-08-20 19:55:42,6809,39.76,8.12,0.0,5.09,70.0
2026-08-20 19:55:42,6810,37.39,54.41,20.1,6.13,67.5
2026-08-20 19:55:42,6811,39.21,8.4,0.0,5.26,70.0
2026-08-20 19:55:43,6812,39.14,18.34,0.0,5.67,72.5
2026-08-20 19:55:43,6813,37.42,32.36,25.03,3.84,71.7
2026-08-20 19:55:43,6814,37.84,8.41,0.0,5.18,71.8
2026-08-20 19:55:43,6815,40.67,7.53,0.0,4.12,100.0
2026-08-20 19:55:43,6816,39.4,27.84,20.02,4.48,73.3
2026-08-20 19:55:43,6817,39.83,18.67,0.0,5.68,71.4
2026-08-20 19:55:43,6818,40.79,6.93,0.0,3.93,81.8
2026-08-20 19:55:43,6819,38.37,51.31,19.96,3.76,61.2
2026-08-20 19:55:43,6820,36.74,32.77,0.0,3.71,71.7
2026-08-20 19:55:43,6821,37.53,7.81,0.0,4.05,71.8
2026-08-20 19:55:43,6822,35.03,71.91,31.29,6.21,78.4
2026-08-20 19:55:43,6823,39.65,7.78,0.0,4.96,66.7
2026-08-20 19:55:43,6824,41.05,7.32,0.0,4.13,70.0
2026-08-20 19:55:43,6825,39.18,36.21,25.83,4.52,72.6
2026-08-20 19:55:43,6826,40.01,9.26,0.0,5.54,77.8
2026-08-20 19:55:43,6827,39.3,8.11,0.0,4.99,75.0
2026-08-20 19:55:43,6828,37.84,32.66,24.48,4.45,84.6
2026-08-20 19:55:43,6829,38.92,7.15,0.0,3.82,65.0
2026-08-20 19:55:43,6830,40.29,10.15,0.0,5.22,81.0
2026-08-20 19:55:43,6831,38.3,43.72,21.76,5.0,70.0
2026-08-20 19:55:43,6832,36.86,36.41,0.0,4.35,70.5
2026-08-20 19:55:43,6833,38.92,7.77,0.0,4.66,65.0
2026-08-20 19:55:43,6834,36.4,65.43,22.62,5.7,70.0
2026-08-20 19:55:43,6835,37.2,7.64,0.0,4.24,70.0
2026-08-20 19:55:43,6836,38.68,11.64,0.0,5.23,70.0
2026-08-20 19:55:43,6837,37.5,32.9,23.69,5.81,71.2
2026-08-20 19:55:43,6838,38.24,7.19,0.0,3.89,61.9
2026-08-20 19:55:43,6839,39.16,13.25,0.0,4.98,74.4
2026-08-20 19:55:43,6840,37.31,30.13,20.9,5.14,67.2
2026-08-20 19:55:43,6841,37.4,9.29,0.0,5.98,61.9
2026-08-20 19:55:43,6842,40.42,8.09,0.0,4.42,75.0
2026-08-20 19:55:44,6843,38.21,46.62,20.92,3.92,73.8
2026-08-20 19:55:44,6844,36.52,30.93,0.0,4.66,68.3
2026-08-20 19:55:44,6845,37.05,7.0,0.0,4.02,61.9
2026-08-20 19:55:44,6846,35.01,52.47,23.03,4.2,68.8
2026-08-20 19:55:44,6847,36.17,10.94,0.0,6.82,78.4
2026-08-20 19:55:44,6848,37.37,16.68,0.0,4.08,60.9
2026-08-20 19:55:44,6849,35.76,33.19,25.79,3.83,70.5
2026-08-20 19:55:44,6850,36.78,6.95,0.0,3.86,65.0
2026-08-20 19:55:44,6851,39.58,6.34,0.0,3.83,100.0
2026-08-20 19:55:44,6852,38.15,30.43,20.9,5.29,78.2
2026-08-20 19:55:44,6853,39.83,13.71,0.0,5.37,52.0
2026-08-20 19:55:44,6854,40.38,7.67,0.0,5.14,65.0
2026-08-20 19:55:44,6855,37.88,57.25,21.53,5.98,71.4
2026-08-20 19:55:44,6856,36.64,18.91,0.0,3.82,70.2
2026-08-20 19:55:44,6857,38.64,4.64,0.0,2.41,70.0
2026-08-20 19:55:44,6858,36.08,65.89,22.7,6.99,68.3
2026-08-20 19:55:44,6859,37.58,7.39,0.0,5.22,65.0
2026-08-20 19:55:44,6860,40.01,8.18,0.0,4.65,65.0
2026-08-20 19:55:44,6861,38.84,27.43,21.59,3.62,73.7
2026-08-20 19:55:44,6862,38.91,4.77,0.0,2.51,58.3
2026-08-20 19:55:44,6863,40.93,5.62,0.0,2.58,85.7
2026-08-20 19:55:44,6864,39.64,25.77,21.27,2.24,75.4
2026-08-20 19:55:44,6865,39.05,24.48,0.0,3.09,65.2
2026-08-20 19:55:44,6866,42.48,6.07,0.0,3.55,70.0
2026-08-20 19:55:44,6867,39.52,67.67,25.97,5.02,69.0
2026-08-20 19:55:44,6868,38.28,25.14,0.0,4.97,66.7
2026-08-20 19:55:44,6869,41.34,10.25,0.0,7.32,73.7
2026-08-20 19:55:44,6870,38.57,65.41,23.06,4.05,66.7
2026-08-20 19:55:44,6871,39.56,6.12,0.0,3.9,73.7
2026-08-20 19:55:45,6872,40.37,11.58,0.0,4.2,90.9
2026-08-20 19:55:45,6873,39.08,31.98,25.79,3.81,72.5
2026-08-20 19:55:45,6874,44.69,4.36,0.0,2.31,70.0
2026-08-20 19:55:45,6875,43.51,9.93,0.0,2.3,70.0
2026-08-20 19:55:45,6876,41.9,30.32,25.33,2.31,70.0
2026-08-20 19:55:45,6877,41.43,9.7,0.0,2.34,70.0
2026-08-20 19:55:45,6878,46.5,4.54,0.0,2.39,73.7
2026-08-20 19:55:45,6879,43.14,67.08,22.27,5.09,67.7
2026-08-20 19:55:45,6880,41.14,30.76,0.0,5.54,64.3
2026-08-20 19:55:45,6881,41.12,8.75,0.0,6.51,70.7
2026-08-20 19:55:45,6882,38.65,53.66,19.59,5.59,69.6
2026-08-20 19:55:45,6883,41.18,6.3,0.0,4.03,71.4
2026-08-20 19:55:45,6884,41.08,15.18,0.0,2.4,65.0
2026-08-20 19:55:45,6885,39.13,30.05,25.68,2.31,83.6
2026-08-20 19:55:45,6886,39.86,4.64,0.0,2.5,80.0
2026-08-20 19:55:45,6887,42.08,5.8,0.0,3.52,70.0
2026-08-20 19:55:45,6888,40.35,30.52,24.13,2.35,75.0
2026-08-20 19:55:45,6889,40.53,7.49,0.0,5.17,65.1
2026-08-20 19:55:45,6890,42.74,8.42,0.0,5.37,70.0
2026-08-20 19:55:45,6891,39.95,59.49,22.62,5.12,67.9
2026-08-20 19:55:45,6892,38.3,22.72,0.0,5.59,80.6
2026-08-20 19:55:45,6893,39.7,9.84,0.0,7.47,75.0
2026-08-20 19:55:45,6894,37.11,50.87,24.62,7.94,72.3
2026-08-20 19:55:45,6895,38.46,7.41,0.0,5.27,70.0
2026-08-20 19:55:45,6896,40.44,9.25,0.0,6.92,65.0
2026-08-20 19:55:45,6897,39.01,31.5,23.37,5.97,75.0
2026-08-20 19:55:45,6898,39.25,7.64,0.0,5.41,52.0
2026-08-20 19:55:45,6899,40.53,11.89,0.0,6.66,70.0
2026-08-20 19:55:45,6900,39.57,28.61,18.93,7.5,73.8
2026-08-20 19:55:45,6901,38.79,11.95,0.0,6.79,71.7
2026-08-20 19:55:45,6902,38.33,9.32,0.0,6.91,56.0
2026-08-20 19:55:46,6903,36.44,44.88,23.86,2.3,72.2
2026-08-20 19:55:46,6904,34.83,31.53,0.0,9.04,66.1
2026-08-20 19:55:46,6905,35.97,5.67,0.0,3.42,65.0
2026-08-20 19:55:46,6906,34.02,50.32,24.08,2.97,70.0
2026-08-20 19:55:46,6907,36.08,5.47,0.0,3.42,65.0
2026-08-20 19:55:46,6908,36.45,15.21,0.0,6.73,72.5
2026-08-20 19:55:46,6909,35.0,28.87,20.49,6.2,73.3
2026-08-20 19:55:46,6910,34.58,13.4,0.0,10.89,64.3
2026-08-20 19:55:46,6911,35.54,4.51,0.0,2.32,80.0
2026-08-20 19:55:46,6912,34.57,27.09,21.29,3.56,72.9
2026-08-20 19:55:46,6913,41.61,4.61,0.0,2.47,0.0
2026-08-20 19:55:46,6914,43.77,4.46,0.0,2.28,66.7
2026-08-20 19:55:46,6915,41.02,56.3,22.04,5.2,73.8
2026-08-20 19:55:46,6916,39.11,32.99,0.0,6.78,71.7
2026-08-20 19:55:46,6917,39.56,8.45,0.0,6.15,73.2
2026-08-20 19:55:46,6918,37.16,56.65,22.32,7.14,68.8
2026-08-20 19:55:46,6919,38.88,11.09,0.0,8.75,80.0
2026-08-20 19:55:46,6920,39.55,16.48,0.0,6.47,71.4
2026-08-20 19:55:46,6921,37.49,37.18,26.66,6.23,70.9
2026-08-20 19:55:46,6922,39.45,7.84,0.0,5.63,63.6
2026-08-20 19:55:46,6923,41.08,9.78,0.0,5.53,68.4
2026-08-20 19:55:46,6924,39.8,29.64,21.79,5.25,82.9
2026-08-20 19:55:46,6925,39.68,7.47,0.0,5.29,77.5
2026-08-20 19:55:46,6926,42.03,7.35,0.0,5.19,65.0
2026-08-20 19:55:46,6927,39.31,58.84,25.75,5.41,68.8
2026-08-20 19:55:46,6928,38.04,17.85,0.0,5.65,72.1
2026-08-20 19:55:46,6929,38.73,8.59,0.0,6.4,65.0
2026-08-20 19:55:46,6930,36.34,60.17,22.26,7.67,66.7
2026-08-20 19:55:46,6931,36.35,7.63,0.0,5.37,70.0
2026-08-20 19:55:47,6932,38.19,10.34,0.0,8.17,75.0
2026-08-20 19:55:47,6933,36.98,32.48,24.04,5.38,76.7
2026-08-20 19:55:47,6934,37.82,7.64,0.0,5.43,65.0
2026-08-20 19:55:47,6935,39.99,8.45,0.0,6.24,80.0
2026-08-20 19:55:47,6936,38.06,41.25,22.11,14.64,70.0
2026-08-20 19:55:47,6937,40.51,9.1,0.0,6.72,75.0
2026-08-20 19:55:47,6938,43.07,8.37,0.0,5.69,70.0
2026-08-20 19:55:47,6939,40.29,57.61,21.7,5.39,70.7
2026-08-20 19:55:47,6940,38.58,22.41,0.0,5.27,63.4
2026-08-20 19:55:47,6941,38.41,17.57,0.0,15.25,80.5
2026-08-20 19:55:47,6942,36.25,45.51,21.0,6.3,70.5
2026-08-20 19:55:47,6943,36.65,7.16,0.0,5.08,80.0
2026-08-20 19:55:47,6944,38.61,9.66,0.0,7.38,57.1
2026-08-20 19:55:47,6945,37.27,33.38,24.0,7.17,73.2
2026-08-20 19:55:47,6946,38.08,7.39,0.0,5.23,71.8
2026-08-20 19:55:47,6947,39.4,10.96,0.0,6.68,75.0
2026-08-20 19:55:47,6948,38.27,31.06,21.39,7.48,73.8
2026-08-20 19:55:47,6949,38.36,8.56,0.0,5.32,69.2
2026-08-20 19:55:47,6950,40.2,10.13,0.0,5.91,70.0
2026-08-20 19:55:47,6951,37.64,62.79,21.68,5.55,67.9
2026-08-20 19:55:47,6952,36.2,26.37,0.0,4.31,71.7
2026-08-20 19:55:47,6953,38.65,10.83,0.0,6.62,65.0
2026-08-20 19:55:47,6954,36.14,70.26,24.65,6.56,78.6
2026-08-20 19:55:47,6955,37.86,9.06,0.0,4.92,68.2
2026-08-20 19:55:47,6956,39.52,11.95,0.0,4.65,68.4
2026-08-20 19:55:47,6957,38.38,31.48,23.43,4.19,74.4
2026-08-20 19:55:47,6958,38.73,7.4,0.0,4.23,79.5
2026-08-20 19:55:47,6959,39.05,15.24,0.0,5.01,79.4
2026-08-20 19:55:47,6960,37.27,30.68,23.4,4.12,67.2
2026-08-20 19:55:47,6961,37.36,8.87,0.0,4.91,52.0
2026-08-20 19:55:47,6962,40.15,8.25,0.0,4.68,71.4
2026-08-20 19:55:48,6963,37.81,52.1,23.0,3.78,71.2
2026-08-20 19:55:48,6964,36.63,27.9,0.0,3.84,65.0
2026-08-20 19:55:48,6965,39.59,11.86,0.0,8.0,75.0
2026-08-20 19:55:48,6966,36.99,69.0,21.08,4.82,72.0
2026-08-20 19:55:48,6967,38.05,9.79,0.0,4.91,65.0
2026-08-20 19:55:48,6968,39.27,14.45,0.0,5.19,71.8
2026-08-20 19:55:48,6969,37.38,31.47,22.15,5.61,72.4
2026-08-20 19:55:48,6970,37.37,10.34,0.0,7.14,66.7
2026-08-20 19:55:48,6971,41.21,7.52,0.0,4.37,0.0
2026-08-20 19:55:48,6972,39.78,29.21,21.87,4.1,74.6
2026-08-20 19:55:48,6973,39.63,7.34,0.0,3.97,76.3
2026-08-20 19:55:48,6974,41.85,7.55,0.0,4.09,71.4
2026-08-20 19:55:48,6975,39.33,51.61,22.39,3.66,66.1
2026-08-20 19:55:48,6976,37.78,31.14,0.0,3.9,72.4
2026-08-20 19:55:48,6977,37.97,8.82,0.0,5.62,69.0
2026-08-20 19:55:48,6978,35.59,63.29,23.98,7.9,70.4
2026-08-20 19:55:48,6979,36.33,7.43,0.0,3.76,69.2
2026-08-20 19:55:48,6980,39.13,7.53,0.0,3.98,70.0
2026-08-20 19:55:48,6981,37.68,31.93,21.64,5.3,69.0
2026-08-20 19:55:48,6982,38.21,7.44,0.0,4.23,80.0
2026-08-20 19:55:48,6983,40.28,8.37,0.0,4.23,66.7
2026-08-20 19:55:48,6984,38.87,31.07,22.45,5.37,75.6
2026-08-20 19:55:48,6985,39.12,8.24,0.0,5.04,76.9
2026-08-20 19:55:48,6986,40.88,10.89,0.0,4.49,70.0
2026-08-20 19:55:48,6987,38.3,61.13,24.46,4.96,68.8
2026-08-20 19:55:48,6988,36.37,34.19,0.0,13.67,75.6
2026-08-20 19:55:48,6989,38.37,12.02,0.0,8.49,60.9
2026-08-20 19:55:48,6990,36.28,45.74,22.42,6.05,66.7
2026-08-20 19:55:48,6991,36.44,8.1,0.0,4.3,72.5
2026-08-20 19:55:49,6992,39.28,8.0,0.0,4.79,71.4
2026-08-20 19:55:49,6993,38.2,28.1,19.5,5.31,75.0
2026-08-20 19:55:49,6994,38.39,6.96,0.0,3.86,67.5
2026-08-20 19:55:49,6995,39.54,11.07,0.0,3.85,95.2
2026-08-20 19:55:49,6996,37.48,32.4,23.82,4.25,79.3
2026-08-20 19:55:49,6997,37.97,7.97,0.0,3.89,65.0
2026-08-20 19:55:49,6998,40.0,9.13,0.0,5.91,65.0
2026-08-20 19:55:49,6999,37.74,50.47,24.47,4.32,71.2
2026-08-20 19:55:49,7000,36.45,28.31,0.0,4.96,63.4
2026-08-20 19:55:49,7001,36.51,7.77,0.0,3.92,70.0
2026-08-20 19:55:49,7002,34.57,50.38,21.11,6.09,70.0
2026-08-20 19:55:49,7003,35.54,8.93,0.0,5.52,75.0
2026-08-20 19:55:49,7004,37.19,12.69,0.0,5.48,77.5
2026-08-20 19:55:49,7005,35.59,27.76,19.41,5.16,72.9
2026-08-20 19:55:49,7006,35.43,9.16,0.0,5.94,73.5
2026-08-20 19:55:49,7007,38.0,9.45,0.0,3.91,72.0
2026-08-20 19:55:49,7008,36.92,30.8,22.29,5.15,69.0
2026-08-20 19:55:49,7009,37.16,8.21,0.0,4.96,68.3
2026-08-20 19:55:49,7010,39.96,7.42,0.0,3.88,77.8
2026-08-20 19:55:49,7011,37.7,49.13,21.55,3.85,65.6
2026-08-20 19:55:49,7012,36.28,30.16,0.0,4.02,68.9
2026-08-20 19:55:49,7013,36.53,8.5,0.0,4.83,72.2
2026-08-20 19:55:49,7014,34.51,53.98,20.86,4.68,74.7
2026-08-20 19:55:49,7015,36.02,10.1,0.0,5.81,62.5
2026-08-20 19:55:49,7016,35.42,26.88,0.0,12.57,71.4
2026-08-20 19:55:49,7017,34.68,28.84,20.65,4.66,72.5
2026-08-20 19:55:49,7018,35.17,8.82,0.0,5.47,70.0
2026-08-20 19:55:49,7019,38.56,7.22,0.0,4.15,70.0
2026-08-20 19:55:49,7020,37.47,27.96,20.79,3.98,76.3
2026-08-20 19:55:49,7021,37.24,8.33,0.0,4.76,73.8
2026-08-20 19:55:49,7022,40.19,7.4,0.0,4.18,90.0
2026-08-20 19:55:50,7023,37.73,55.63,24.69,4.31,70.9
2026-08-20 19:55:50,7024,36.19,36.91,0.0,6.28,68.9
2026-08-20 19:55:50,7025,36.23,16.71,0.0,12.97,90.2
2026-08-20 19:55:50,7026,34.14,49.78,26.03,10.29,86.2
2026-08-20 19:55:50,7027,35.63,7.19,0.0,3.95,65.0
2026-08-20 19:55:50,7028,38.32,7.67,0.0,4.41,65.0
2026-08-20 19:55:50,7029,36.91,32.62,24.47,4.0,73.3
2026-08-20 19:55:50,7030,40.24,8.63,0.0,5.51,75.0
2026-08-20 19:55:50,7031,40.36,8.33,0.0,5.14,76.2
2026-08-20 19:55:50,7032,38.66,35.41,26.35,5.14,71.7
2026-08-20 19:55:50,7033,39.79,8.6,0.0,5.44,70.0
2026-08-20 19:55:50,7034,42.89,7.76,0.0,4.57,65.0
2026-08-20 19:55:50,7035,40.06,60.15,22.38,4.03,70.4
2026-08-20 19:55:50,7036,38.4,23.29,0.0,3.92,71.7
2026-08-20 19:55:50,7037,40.96,6.94,0.0,3.77,70.0
2026-08-20 19:55:50,7038,38.23,64.43,22.5,5.69,70.6
2026-08-20 19:55:50,7039,38.65,8.1,0.0,5.02,65.0
2026-08-20 19:55:50,7040,37.77,26.1,0.0,6.75,76.4
2026-08-20 19:55:50,7041,36.59,32.53,21.35,6.04,64.4
2026-08-20 19:55:50,7042,37.42,7.84,0.0,4.01,75.0
2026-08-20 19:55:50,7043,39.69,9.0,0.0,5.8,71.4
2026-08-20 19:55:50,7044,38.39,31.53,22.97,5.11,72.9
2026-08-20 19:55:50,7045,38.65,8.87,0.0,5.71,61.9
2026-08-20 19:55:50,7046,41.79,8.19,0.0,5.05,75.0
2026-08-20 19:55:50,7047,39.28,51.99,24.61,3.73,73.8
2026-08-20 19:55:50,7048,37.88,28.05,0.0,3.87,69.0
2026-08-20 19:55:50,7049,40.91,11.22,0.0,6.46,70.0
2026-08-20 19:55:50,7050,38.14,70.81,24.1,5.39,65.6
2026-08-20 19:55:50,7051,40.27,8.53,0.0,4.97,89.3
2026-08-20 19:55:51,7052,38.81,32.09,0.0,4.84,71.1
2026-08-20 19:55:51,7053,37.25,27.12,19.78,4.19,75.4
2026-08-20 19:55:51,7054,42.39,7.39,0.0,3.75,69.6
2026-08-20 19:55:51,7055,43.76,9.08,0.0,5.22,70.0
2026-08-20 19:55:51,7056,42.22,28.91,21.44,4.12,75.7
2026-08-20 19:55:51,7057,41.99,6.99,0.0,3.9,75.0
2026-08-20 19:55:51,7058,44.14,6.79,0.0,3.75,83.3
2026-08-20 19:55:51,7059,41.22,57.67,23.66,4.44,65.9
2026-08-20 19:55:51,7060,39.39,37.84,0.0,5.62,66.7
2026-08-20 19:55:51,7061,40.92,9.09,0.0,6.48,76.2
2026-08-20 19:55:51,7062,38.33,60.24,21.95,7.15,70.9
2026-08-20 19:55:51,7063,41.78,9.89,0.0,6.78,71.4
2026-08-20 19:55:51,7064,40.06,34.61,0.0,4.93,74.5
2026-08-20 19:55:51,7065,38.23,33.01,23.59,4.59,65.3
2026-08-20 19:55:51,7066,38.42,10.72,0.0,7.0,72.2
2026-08-20 19:55:51,7067,41.88,9.07,0.0,5.34,73.7
2026-08-20 19:55:51,7068,40.37,30.51,20.92,5.34,70.7
2026-08-20 19:55:51,7069,40.4,8.17,0.0,5.08,70.0
2026-08-20 19:55:51,7070,41.97,9.87,0.0,4.78,70.0
2026-08-20 19:55:51,7071,39.78,44.22,20.77,5.21,74.2
2026-08-20 19:55:51,7072,38.17,22.38,0.0,4.1,75.0
2026-08-20 19:55:51,7073,40.56,7.31,0.0,4.48,81.0
2026-08-20 19:55:51,7074,37.85,66.24,22.6,6.16,76.0
2026-08-20 19:55:51,7075,38.85,7.16,0.0,3.93,71.4
2026-08-20 19:55:51,7076,37.93,25.41,0.0,6.15,67.5
2026-08-20 19:55:51,7077,36.51,35.38,24.31,5.1,68.3
2026-08-20 19:55:51,7078,37.38,9.53,0.0,4.88,65.0
2026-08-20 19:55:51,7079,40.41,8.85,0.0,5.55,70.0
2026-08-20 19:55:51,7080,39.06,29.93,21.07,5.31,70.7
2026-08-20 19:55:51,7081,39.08,7.46,0.0,3.9,59.1
2026-08-20 19:55:51,7082,40.69,9.54,0.0,5.4,75.0
2026-08-20 19:55:52,7083,38.56,45.21,21.67,3.9,74.0
2026-08-20 19:55:52,7084,37.08,38.19,0.0,3.62,60.5
2026-08-20 19:55:52,7085,39.5,8.06,0.0,4.27,81.0
2026-08-20 19:55:52,7086,36.9,66.38,21.37,5.76,68.0
2026-08-20 19:55:52,7087,37.77,8.35,0.0,5.2,70.0
2026-08-20 19:55:52,7088,36.76,28.98,0.0,5.85,71.8
2026-08-20 19:55:52,7089,35.2,30.33,23.32,3.77,69.5
2026-08-20 19:55:52,7090,35.37,9.33,0.0,5.53,66.7
2026-08-20 19:55:52,7091,39.28,7.3,0.0,4.21,93.3
2026-08-20 19:55:52,7092,37.77,32.5,25.56,3.98,64.4
2026-08-20 19:55:52,7093,38.15,8.66,0.0,5.5,74.4
2026-08-20 19:55:52,7094,40.02,10.28,0.0,4.9,73.7
2026-08-20 19:55:52,7095,38.45,35.01,21.58,5.11,76.0
2026-08-20 19:55:52,7096,36.82,33.93,0.0,4.21,67.3
2026-08-20 19:55:52,7097,37.66,8.5,0.0,5.46,76.2
2026-08-20 19:55:52,7098,35.56,52.57,20.72,4.65,70.5
2026-08-20 19:55:52,7099,37.08,9.26,0.0,5.33,63.6
2026-08-20 19:55:52,7100,35.85,33.65,0.0,5.24,67.5
2026-08-20 19:55:52,7101,34.7,26.99,20.26,3.87,77.6
2026-08-20 19:55:52,7102,34.05,15.57,0.0,12.11,70.5
2026-08-20 19:55:52,7103,34.77,8.31,0.0,4.26,67.5
2026-08-20 19:55:52,7104,33.78,32.46,21.97,5.1,76.1
2026-08-20 19:55:52,7105,34.44,9.19,0.0,4.67,80.0
2026-08-20 19:55:52,7106,38.5,7.04,0.0,3.88,70.0
2026-08-20 19:55:52,7107,36.98,33.95,26.5,4.35,78.7
2026-08-20 19:55:52,7108,36.49,18.03,0.0,4.07,66.7
2026-08-20 19:55:52,7109,37.87,7.01,0.0,3.85,90.5
2026-08-20 19:55:52,7110,35.49,62.62,22.81,6.56,71.4
2026-08-20 19:55:52,7111,34.86,17.8,0.0,12.81,68.0
2026-08-20 19:55:53,7112,35.99,8.04,0.0,4.92,65.0
2026-08-20 19:55:53,7113,34.99,30.25,22.35,4.84,80.0
2026-08-20 19:55:53,7114,35.62,7.63,0.0,3.88,60.0
2026-08-20 19:55:53,7115,38.44,7.75,0.0,4.57,65.0
2026-08-20 19:55:53,7116,37.23,29.74,22.88,3.76,77.6
2026-08-20 19:55:53,7117,37.44,7.15,0.0,3.89,56.5
2026-08-20 19:55:53,7118,39.3,9.02,0.0,5.05,66.7
2026-08-20 19:55:53,7119,37.27,45.62,21.39,4.59,69.6
2026-08-20 19:55:53,7120,35.89,24.7,0.0,5.53,63.4
2026-08-20 19:55:53,7121,38.43,8.76,0.0,3.92,75.0
2026-08-20 19:55:53,7122,36.02,63.48,21.4,4.79,71.0
2026-08-20 19:55:53,7123,36.67,8.06,0.0,4.74,70.0
2026-08-20 19:55:53,7124,35.63,30.58,0.0,6.59,71.7
2026-08-20 19:55:53,7125,34.17,31.16,22.93,5.18,78.9
2026-08-20 19:55:53,7126,34.93,7.12,0.0,3.78,60.9
2026-08-20 19:55:53,7127,37.52,8.07,0.0,3.95,76.2
2026-08-20 19:55:53,7128,36.42,29.77,22.8,3.89,76.3
2026-08-20 19:55:53,7129,39.62,7.83,0.0,4.21,66.7
2026-08-20 19:55:53,7130,39.45,6.87,0.0,3.72,77.1
2026-08-20 19:55:53,7131,37.8,34.84,22.36,5.46,64.4
2026-08-20 19:55:53,7132,36.34,30.01,0.0,4.56,75.0
2026-08-20 19:55:53,7133,36.78,7.05,0.0,3.76,71.1
2026-08-20 19:55:53,7134,34.8,50.07,21.21,3.8,66.1
2026-08-20 19:55:53,7135,35.62,8.95,0.0,5.07,76.9
2026-08-20 19:55:53,7136,38.64,8.97,0.0,4.13,66.7
2026-08-20 19:55:53,7137,36.97,38.61,23.69,6.82,77.2
2026-08-20 19:55:53,7138,37.72,13.11,0.0,8.91,65.2
2026-08-20 19:55:53,7139,37.58,8.62,0.0,5.45,68.3
2026-08-20 19:55:53,7140,36.73,27.51,20.5,3.81,68.3
2026-08-20 19:55:53,7141,38.77,12.99,0.0,3.87,73.7
2026-08-20 19:55:53,7142,38.56,8.33,0.0,5.1,77.3
2026-08-20 19:55:54,7143,36.14,61.89,24.16,11.37,74.0
2026-08-20 19:55:54,7144,35.89,13.06,0.0,3.83,54.2
2026-08-20 19:55:54,7145,35.1,17.25,0.0,12.97,78.7
2026-08-20 19:55:54,7146,33.44,39.41,19.51,5.67,70.0
2026-08-20 19:55:54,7147,35.91,8.67,0.0,5.4,65.0
2026-08-20 19:55:54,7148,38.89,7.85,0.0,5.24,65.0
2026-08-20 19:55:54,7149,37.07,40.75,24.41,5.11,70.0
2026-08-20 19:55:54,7150,39.77,8.26,0.0,5.08,70.0
2026-08-20 19:55:54,7151,40.03,15.99,0.0,3.77,67.5
2026-08-20 19:55:54,7152,38.18,30.8,23.27,4.34,76.8
2026-08-20 19:55:54,7153,38.5,7.96,0.0,4.79,54.2
2026-08-20 19:55:54,7154,41.3,7.05,0.0,3.9,70.0
2026-08-20 19:55:54,7155,38.71,55.83,21.6,5.49,73.4
2026-08-20 19:55:54,7156,37.17,35.28,0.0,5.01,65.6
2026-08-20 19:55:54,7157,38.54,7.86,0.0,5.22,70.0
2026-08-20 19:55:54,7158,36.25,56.35,19.9,5.26,73.7
2026-08-20 19:55:54,7159,38.91,8.26,0.0,3.98,82.4
2026-08-20 19:55:54,7160,41.07,8.8,0.0,3.68,68.2
2026-08-20 19:55:54,7161,39.0,42.28,19.63,5.41,66.1
2026-08-20 19:55:54,7162,42.47,8.86,0.0,5.47,80.0
2026-08-20 19:55:54,7163,41.65,22.05,0.0,4.57,77.8
2026-08-20 19:55:54,7164,40.05,29.5,21.45,4.18,69.8
2026-08-20 19:55:54,7165,39.96,7.09,0.0,3.95,68.3
2026-08-20 19:55:54,7166,42.28,7.76,0.0,3.89,73.7
2026-08-20 19:55:54,7167,39.5,60.88,20.21,5.86,70.0
2026-08-20 19:55:54,7168,37.95,21.87,0.0,4.05,67.2
2026-08-20 19:55:54,7169,42.24,9.28,0.0,5.33,86.7
2026-08-20 19:55:54,7170,39.36,61.49,20.83,6.48,66.7
2026-08-20 19:55:54,7171,39.36,6.84,0.0,3.85,78.0
2026-08-20 19:55:55,7172,41.1,9.07,0.0,3.94,95.0
2026-08-20 19:55:55,7173,39.0,42.76,25.53,13.13,76.3
2026-08-20 19:55:55,7174,43.67,7.48,0.0,4.4,61.9
2026-08-20 19:55:55,7175,44.62,10.23,0.0,4.91,75.0
2026-08-20 19:55:55,7176,43.04,29.46,20.38,6.01,67.5
2026-08-20 19:55:55,7177,42.31,9.41,0.0,4.19,75.0
2026-08-20 19:55:55,7178,45.01,7.87,0.0,4.03,65.0
2026-08-20 19:55:55,7179,41.88,64.61,24.79,4.26,69.3
2026-08-20 19:55:55,7180,40.2,26.05,0.0,4.94,65.0
2026-08-20 19:55:55,7181,44.78,8.3,0.0,5.46,70.0
2026-08-20 19:55:55,7182,41.58,70.84,22.86,5.95,70.0
2026-08-20 19:55:55,7183,42.94,9.98,0.0,4.92,75.0
2026-08-20 19:55:55,7184,45.75,8.57,0.0,5.06,65.0
2026-08-20 19:55:55,7185,43.32,39.13,24.0,6.06,75.4
2026-08-20 19:55:55,7186,44.53,9.11,0.0,4.12,65.0
2026-08-20 19:55:55,7187,44.2,18.4,0.0,5.24,70.0
2026-08-20 19:55:55,7188,42.04,31.23,23.8,3.9,72.9
2026-08-20 19:55:55,7189,41.69,9.14,0.0,5.4,61.9
2026-08-20 19:55:55,7190,44.99,7.56,0.0,4.54,75.0
2026-08-20 19:55:55,7191,42.07,55.03,20.06,4.44,74.7
2026-08-20 19:55:55,7192,40.33,32.0,0.0,3.93,72.1
2026-08-20 19:55:55,7193,40.56,7.92,0.0,4.86,70.0
2026-08-20 19:55:55,7194,37.95,61.26,23.89,6.98,74.0
2026-08-20 19:55:55,7195,38.0,7.21,0.0,4.08,71.4
2026-08-20 19:55:55,7196,40.77,6.96,0.0,3.81,65.0
2026-08-20 19:55:55,7197,39.02,33.57,23.73,4.46,70.0
2026-08-20 19:55:55,7198,39.7,7.66,0.0,4.26,77.8
2026-08-20 19:55:55,7199,41.81,8.12,0.0,4.48,65.2
2026-08-20 19:55:55,7200,40.01,34.69,23.94,4.41,68.3
2026-08-20 19:55:55,7201,40.7,8.98,0.0,5.36,74.4
2026-08-20 19:55:55,7202,42.71,9.38,0.0,3.69,78.9
2026-08-20 19:55:56,7203,39.93,60.83,23.96,4.01,70.9
2026-08-20 19:55:56,7204,38.47,21.74,0.0,4.18,67.2
2026-08-20 19:55:56,7205,40.25,7.55,0.0,4.16,71.4
2026-08-20 19:55:56,7206,37.69,60.11,21.99,4.92,69.1
2026-08-20 19:55:56,7207,37.5,8.13,0.0,4.82,67.5
2026-08-20 19:55:56,7208,39.7,9.3,0.0,4.06,65.0
2026-08-20 19:55:56,7209,37.95,38.48,20.17,14.36,76.3
2026-08-20 19:55:56,7210,40.41,7.52,0.0,4.11,59.1
2026-08-20 19:55:56,7211,41.39,11.15,0.0,6.29,100.0
2026-08-20 19:55:56,7212,40.15,31.32,21.76,6.39,76.9
2026-08-20 19:55:56,7213,40.18,7.08,0.0,3.92,75.6
2026-08-20 19:55:56,7214,42.05,9.01,0.0,3.97,61.9
2026-08-20 19:55:56,7215,39.19,67.4,27.37,4.12,75.2
2026-08-20 19:55:56,7216,37.94,25.38,0.0,4.23,67.5
2026-08-20 19:55:56,7217,38.09,18.7,0.0,13.21,70.7
2026-08-20 19:55:56,7218,35.8,52.93,22.86,5.67,68.8
2026-08-20 19:55:56,7219,37.27,8.91,0.0,4.31,65.0
2026-08-20 19:55:56,7220,40.11,8.68,0.0,5.1,70.0
2026-08-20 19:55:56,7221,38.34,37.21,24.95,5.36,68.3
2026-08-20 19:55:56,7222,40.11,7.08,0.0,3.74,65.0
2026-08-20 19:55:56,7223,41.32,10.28,0.0,3.93,75.0
2026-08-20 19:55:56,7224,39.76,33.13,22.0,5.67,70.0
2026-08-20 19:55:56,7225,40.03,9.13,0.0,4.04,75.0
2026-08-20 19:55:56,7226,42.43,8.76,0.0,5.4,70.0
2026-08-20 19:55:56,7227,39.51,68.15,24.81,3.79,70.0
2026-08-20 19:55:56,7228,38.16,28.15,0.0,4.07,69.0
2026-08-20 19:55:56,7229,37.75,10.11,0.0,4.05,67.5
2026-08-20 19:55:56,7230,35.5,59.57,22.6,10.67,70.4
2026-08-20 19:55:56,7231,39.16,9.44,0.0,6.35,70.0
2026-08-20 19:55:56,7232,42.78,7.13,0.0,4.09,85.0
2026-08-20 19:55:57,7233,40.36,44.91,24.19,9.92,69.4
2026-08-20 19:55:57,7234,39.69,10.69,0.0,5.67,75.6
2026-08-20 19:55:57,7235,40.4,14.86,0.0,11.6,76.2
2026-08-20 19:55:57,7236,38.54,30.46,23.64,3.72,72.9
2026-08-20 19:55:57,7237,38.71,7.27,0.0,4.17,66.7
2026-08-20 19:55:57,7238,41.24,6.85,0.0,3.82,73.7
2026-08-20 19:55:57,7239,39.36,35.97,22.65,4.22,68.9
2026-08-20 19:55:57,7240,37.61,34.57,0.0,5.53,72.7
2026-08-20 19:55:57,7241,38.57,8.23,0.0,5.05,58.3
2026-08-20 19:55:57,7242,36.19,59.87,24.13,7.34,72.0
2026-08-20 19:55:57,7243,36.54,6.99,0.0,3.87,72.5
2026-08-20 19:55:57,7244,39.32,7.05,0.0,3.85,68.4
2026-08-20 19:55:57,7245,37.84,31.72,23.18,5.48,70.7
2026-08-20 19:55:57,7246,38.13,8.34,0.0,5.2,68.3
2026-08-20 19:55:57,7247,40.58,8.3,0.0,4.46,70.0
2026-08-20 19:55:57,7248,39.19,30.3,23.26,3.96,70.0
2026-08-20 19:55:57,7249,39.31,7.08,0.0,3.85,67.5
2026-08-20 19:55:57,7250,41.69,6.75,0.0,3.8,65.0
2026-08-20 19:55:57,7251,39.07,55.6,22.78,4.11,68.8
2026-08-20 19:55:57,7252,37.48,36.31,0.0,4.07,75.4
2026-08-20 19:55:57,7253,39.07,7.01,0.0,3.81,68.4
2026-08-20 19:55:57,7254,36.58,62.26,20.13,6.65,69.7
2026-08-20 19:55:57,7255,36.79,9.0,0.0,4.61,63.6
2026-08-20 19:55:57,7256,39.72,8.57,0.0,5.5,70.0
2026-08-20 19:55:57,7257,38.36,31.01,22.61,4.97,70.0
2026-08-20 19:55:57,7258,38.62,8.41,0.0,5.24,65.0
2026-08-20 19:55:57,7259,40.8,8.92,0.0,4.88,70.0
2026-08-20 19:55:57,7260,39.5,29.44,21.04,5.03,76.8
2026-08-20 19:55:57,7261,39.45,7.02,0.0,3.76,54.2
2026-08-20 19:55:57,7262,41.26,9.27,0.0,4.22,70.0
2026-08-20 19:55:58,7263,38.57,62.74,21.74,4.15,74.5
2026-08-20 19:55:58,7264,37.11,25.09,0.0,3.91,67.2
2026-08-20 19:55:58,7265,39.54,9.33,0.0,4.2,82.4
2026-08-20 19:55:58,7266,36.96,66.34,23.88,5.24,65.5
2026-08-20 19:55:58,7267,37.65,9.15,0.0,5.29,71.1
2026-08-20 19:55:58,7268,39.9,10.33,0.0,6.22,70.0
2026-08-20 19:55:58,7269,38.27,36.56,23.97,5.2,67.4
2026-08-20 19:55:58,7270,39.17,9.79,0.0,5.66,67.5
2026-08-20 19:55:58,7271,40.86,11.64,0.0,5.19,68.4
2026-08-20 19:55:58,7272,39.72,29.63,21.38,5.28,75.0
2026-08-20 19:55:58,7273,39.21,10.7,0.0,5.58,67.5
2026-08-20 19:55:58,7274,42.68,8.43,0.0,4.97,81.0
2026-08-20 19:55:58,7275,39.74,67.79,24.62,4.27,70.3
2026-08-20 19:55:58,7276,38.16,30.07,0.0,4.16,68.3
2026-08-20 19:55:58,7277,38.33,7.67,0.0,4.55,78.0
2026-08-20 19:55:58,7278,36.27,47.94,20.33,5.35,77.8
2026-08-20 19:55:58,7279,36.61,9.14,0.0,5.94,61.9
2026-08-20 19:55:58,7280,39.58,8.75,0.0,4.32,70.0
2026-08-20 19:55:58,7281,37.92,36.2,23.85,5.95,68.3
2026-08-20 19:55:58,7282,39.32,7.46,0.0,4.26,75.0
2026-08-20 19:55:58,7283,39.85,14.92,0.0,5.59,85.7
2026-08-20 19:55:58,7284,38.03,29.61,21.97,4.26,69.4
2026-08-20 19:55:58,7285,37.94,8.47,0.0,4.92,56.5
2026-08-20 19:55:58,7286,41.05,6.98,0.0,3.85,70.0
2026-08-20 19:55:58,7287,38.52,54.29,24.27,5.24,68.8
2026-08-20 19:55:58,7288,37.17,32.74,0.0,5.25,70.0
2026-08-20 19:55:58,7289,37.99,8.28,0.0,5.16,65.0
2026-08-20 19:55:58,7290,35.63,61.78,24.55,5.79,68.7
2026-08-20 19:55:58,7291,35.95,8.5,0.0,4.33,61.9
2026-08-20 19:55:59,7292,38.57,9.11,0.0,5.75,70.0
2026-08-20 19:55:59,7293,36.81,40.69,23.27,13.21,73.3
2026-08-20 19:55:59,7294,39.87,7.63,0.0,4.36,75.0
2026-08-20 19:55:59,7295,42.08,7.8,0.0,3.89,85.0
2026-08-20 19:55:59,7296,40.81,26.43,19.4,3.89,80.0
2026-08-20 19:55:59,7297,40.94,18.18,0.0,4.01,60.0
2026-08-20 19:55:59,7298,41.85,7.19,0.0,4.01,65.0
2026-08-20 19:55:59,7299,39.06,63.71,24.76,5.22,73.3
2026-08-20 19:55:59,7300,37.68,23.66,0.0,4.67,65.9
2026-08-20 19:55:59,7301,40.52,6.86,0.0,3.72,70.0
2026-08-20 19:55:59,7302,37.84,64.3,23.07,6.03,70.0
2026-08-20 19:55:59,7303,38.16,8.58,0.0,5.45,74.4
2026-08-20 19:55:59,7304,41.06,8.04,0.0,4.02,73.7
2026-08-20 19:55:59,7305,39.46,31.82,23.19,5.41,71.4
2026-08-20 19:55:59,7306,39.36,9.85,0.0,5.77,67.5
2026-08-20 19:55:59,7307,42.8,7.38,0.0,4.15,75.0
2026-08-20 19:55:59,7308,41.01,31.97,23.07,5.49,72.5
2026-08-20 19:55:59,7309,40.97,9.57,0.0,5.37,70.0
2026-08-20 19:55:59,7310,42.76,10.4,0.0,5.34,61.9
2026-08-20 19:55:59,7311,39.96,63.16,23.52,3.95,69.6
2026-08-20 19:55:59,7312,38.33,35.3,0.0,4.69,68.9
2026-08-20 19:55:59,7313,42.73,9.14,0.0,5.81,70.0
2026-08-20 19:55:59,7314,39.8,65.54,20.28,5.15,73.7
2026-08-20 19:55:59,7315,40.45,8.92,0.0,5.62,68.0
2026-08-20 19:55:59,7316,43.19,8.39,0.0,5.12,70.0
2026-08-20 19:55:59,7317,41.18,35.7,21.28,5.18,78.9
2026-08-20 19:55:59,7318,42.05,8.61,0.0,4.58,68.2
2026-08-20 19:55:59,7319,41.88,17.44,0.0,5.14,65.2
2026-08-20 19:55:59,7320,39.85,32.32,23.97,5.13,71.7
2026-08-20 19:55:59,7321,40.14,7.76,0.0,3.93,70.0
2026-08-20 19:55:59,7322,42.47,8.54,0.0,5.28,70.0
2026-08-20 19:56:00,7323,39.89,52.63,21.51,4.35,75.0
2026-08-20 19:56:00,7324,38.29,31.95,0.0,3.68,65.1
2026-08-20 19:56:00,7325,38.59,8.62,0.0,5.44,75.7
2026-08-20 19:56:00,7326,36.22,60.01,21.63,3.96,76.5
2026-08-20 19:56:00,7327,39.14,11.22,0.0,7.83,65.0
2026-08-20 19:56:00,7328,38.69,8.64,0.0,4.39,67.5
2026-08-20 19:56:00,7329,37.23,34.14,25.23,5.81,72.4
2026-08-20 19:56:00,7330,38.32,6.89,0.0,3.72,59.1
2026-08-20 19:56:00,7331,40.28,8.21,0.0,3.77,65.0
2026-08-20 19:56:00,7332,39.01,28.75,21.46,4.24,82.1
2026-08-20 19:56:00,7333,39.44,18.27,0.0,4.57,56.0
2026-08-20 19:56:00,7334,40.58,8.68,0.0,4.48,68.4
2026-08-20 19:56:00,7335,38.02,60.4,21.74,5.0,74.2
2026-08-20 19:56:00,7336,36.65,22.03,0.0,4.03,61.4
2026-08-20 19:56:00,7337,38.67,7.63,0.0,4.22,70.0
2026-08-20 19:56:00,7338,36.28,59.83,21.89,5.71,74.0
2026-08-20 19:56:00,7339,40.72,8.26,0.0,4.06,0.0
2026-08-20 19:56:00,7340,42.88,8.3,0.0,4.62,75.0
2026-08-20 19:56:00,7341,40.13,57.67,22.99,14.42,73.4
2026-08-20 19:56:00,7342,43.0,8.34,0.0,4.54,75.0
2026-08-20 19:56:00,7343,44.34,10.05,0.0,4.74,63.6
2026-08-20 19:56:00,7344,42.76,29.63,21.65,4.75,72.5
2026-08-20 19:56:00,7345,42.49,7.5,0.0,4.35,75.0
2026-08-20 19:56:00,7346,44.32,7.87,0.0,3.91,70.0
2026-08-20 19:56:00,7347,41.26,65.54,23.51,5.3,67.9
2026-08-20 19:56:00,7348,39.57,27.11,0.0,4.11,70.0
2026-08-20 19:56:00,7349,42.7,9.28,0.0,3.98,78.9
2026-08-20 19:56:00,7350,39.85,64.16,21.12,4.81,67.9
2026-08-20 19:56:00,7351,40.22,8.1,0.0,4.86,72.5
2026-08-20 19:56:01,7352,42.06,9.66,0.0,6.43,83.3
2026-08-20 19:56:01,7353,40.28,34.93,20.5,6.26,76.3
2026-08-20 19:56:01,7354,41.15,7.35,0.0,4.21,66.7
2026-08-20 19:56:01,7355,41.63,14.15,0.0,6.0,72.7
2026-08-20 19:56:01,7356,39.54,30.94,23.67,4.04,70.7
2026-08-20 19:56:01,7357,39.26,10.14,0.0,6.95,71.4
2026-08-20 19:56:01,7358,42.94,7.11,0.0,4.14,68.4
2026-08-20 19:56:01,7359,40.38,48.9,22.31,3.87,70.4
2026-08-20 19:56:01,7360,38.64,39.31,0.0,3.81,67.5
2026-08-20 19:56:01,7361,38.62,7.56,0.0,4.18,72.5
2026-08-20 19:56:01,7362,36.32,55.61,22.35,5.67,68.8
2026-08-20 19:56:01,7363,38.1,10.04,0.0,4.76,75.0
2026-08-20 19:56:01,7364,41.08,8.77,0.0,4.54,65.0
2026-08-20 19:56:01,7365,39.2,38.25,22.58,6.5,70.0
2026-08-20 19:56:01,7366,40.56,8.93,0.0,4.84,65.0
2026-08-20 19:56:01,7367,40.73,17.81,0.0,6.94,72.5
2026-08-20 19:56:01,7368,38.98,29.34,21.96,3.98,71.2
2026-08-20 19:56:01,7369,39.15,6.94,0.0,3.73,61.9
2026-08-20 19:56:01,7370,41.03,8.21,0.0,5.04,70.0
2026-08-20 19:56:01,7371,38.56,53.16,19.44,4.28,78.8
2026-08-20 19:56:01,7372,37.07,32.19,0.0,3.9,70.0
2026-08-20 19:56:01,7373,37.76,7.41,0.0,4.03,65.0
2026-08-20 19:56:01,7374,35.55,55.26,20.31,5.14,71.6
2026-08-20 19:56:01,7375,37.07,11.0,0.0,6.67,75.0
2026-08-20 19:56:01,7376,41.62,7.11,0.0,3.74,0.0
2026-08-20 19:56:01,7377,39.41,42.96,23.09,5.92,70.0
2026-08-20 19:56:01,7378,39.15,7.06,0.0,3.86,78.8
2026-08-20 19:56:01,7379,41.06,8.2,0.0,4.0,66.7
2026-08-20 19:56:01,7380,39.53,31.43,24.56,3.79,75.7
2026-08-20 19:56:01,7381,39.59,8.53,0.0,4.27,69.8
2026-08-20 19:56:01,7382,42.31,8.48,0.0,5.16,80.0
2026-08-20 19:56:02,7383,39.63,56.67,20.86,4.17,71.2
2026-08-20 19:56:02,7384,37.82,39.77,0.0,5.39,68.3
2026-08-20 19:56:02,7385,40.54,7.1,0.0,3.87,66.7
2026-08-20 19:56:02,7386,37.94,60.5,20.19,6.06,68.8
2026-08-20 19:56:02,7387,43.48,7.2,0.0,4.0,66.7
2026-08-20 19:56:02,7388,45.49,6.95,0.0,3.78,65.0
2026-08-20 19:56:02,7389,42.74,46.86,23.6,5.92,70.5
2026-08-20 19:56:02,7390,42.39,8.42,0.0,5.2,73.8
2026-08-20 19:56:02,7391,44.11,9.11,0.0,4.95,100.0
2026-08-20 19:56:02,7392,42.5,29.44,20.37,3.86,87.2
2026-08-20 19:56:02,7393,42.26,7.33,0.0,4.12,75.6
2026-08-20 19:56:02,7394,43.56,9.28,0.0,5.23,65.0
2026-08-20 19:56:02,7395,40.67,62.99,22.39,4.29,75.5
2026-08-20 19:56:02,7396,39.12,24.07,0.0,3.9,66.7
2026-08-20 19:56:02,7397,41.41,12.01,0.0,7.11,75.0
2026-08-20 19:56:02,7398,38.57,69.92,24.34,5.81,69.9
2026-08-20 19:56:02,7399,40.11,8.47,0.0,4.31,65.0
2026-08-20 19:56:02,7400,42.68,8.03,0.0,3.83,85.0
2026-08-20 19:56:02,7401,40.69,35.9,25.36,5.26,68.3
2026-08-20 19:56:02,7402,41.52,8.1,0.0,5.05,70.0
2026-08-20 19:56:02,7403,41.9,14.4,0.0,6.19,82.1
2026-08-20 19:56:02,7404,39.79,31.1,23.49,4.17,72.1
2026-08-20 19:56:02,7405,39.5,10.12,0.0,6.78,75.0
2026-08-20 19:56:02,7406,42.51,8.53,0.0,5.36,0.0
2026-08-20 19:56:02,7407,40.03,48.96,20.05,4.95,71.2
2026-08-20 19:56:02,7408,38.35,28.4,0.0,4.34,70.0
2026-08-20 19:56:02,7409,38.33,7.02,0.0,3.85,70.0
2026-08-20 19:56:02,7410,36.15,51.72,22.59,4.86,67.5
2026-08-20 19:56:02,7411,37.06,9.75,0.0,5.5,74.4
2026-08-20 19:56:02,7412,40.78,7.76,0.0,3.81,83.3
2026-08-20 19:56:03,7413,38.85,38.24,23.22,5.68,69.4
2026-08-20 19:56:03,7414,41.26,6.98,0.0,3.99,70.0
2026-08-20 19:56:03,7415,41.45,14.31,0.0,5.23,71.4
2026-08-20 19:56:03,7416,39.43,30.04,21.77,4.12,70.7
2026-08-20 19:56:03,7417,39.21,8.8,0.0,5.27,66.7
2026-08-20 19:56:03,7418,41.73,8.34,0.0,4.31,80.0
2026-08-20 19:56:03,7419,39.26,51.17,21.61,3.76,69.6
2026-08-20 19:56:03,7420,37.54,33.03,0.0,4.13,70.7
2026-08-20 19:56:03,7421,38.15,8.44,0.0,5.28,65.2
2026-08-20 19:56:03,7422,35.93,55.01,22.36,5.19,69.9
2026-08-20 19:56:03,7423,37.72,10.54,0.0,5.96,70.0
2026-08-20 19:56:03,7424,40.96,8.83,0.0,5.55,82.6
2026-08-20 19:56:03,7425,39.09,41.35,22.09,3.94,75.0
2026-08-20 19:56:03,7426,40.34,9.63,0.0,6.34,70.0
2026-08-20 19:56:03,7427,39.86,22.78,0.0,6.32,70.0
2026-08-20 19:56:03,7428,38.46,29.85,22.39,3.97,72.5
2026-08-20 19:56:03,7429,38.29,9.08,0.0,3.96,65.0
2026-08-20 19:56:03,7430,41.21,7.92,0.0,4.7,65.0
2026-08-20 19:56:03,7431,38.64,56.47,21.59,4.2,68.8
2026-08-20 19:56:03,7432,37.16,35.85,0.0,4.69,71.7
2026-08-20 19:56:03,7433,38.28,8.61,0.0,4.06,65.0
2026-08-20 19:56:03,7434,35.9,61.83,21.74,6.5,72.4
2026-08-20 19:56:03,7435,36.37,7.36,0.0,4.21,63.6
2026-08-20 19:56:03,7436,38.79,8.44,0.0,4.43,65.0
2026-08-20 19:56:03,7437,37.43,32.15,23.94,4.89,70.0
2026-08-20 19:56:03,7438,36.67,17.61,0.0,12.87,67.5
2026-08-20 19:56:03,7439,37.49,8.45,0.0,4.5,70.0
2026-08-20 19:56:03,7440,36.21,32.96,23.79,5.07,70.0
2026-08-20 19:56:03,7441,36.83,9.49,0.0,5.41,71.8
2026-08-20 19:56:03,7442,39.58,9.11,0.0,4.98,82.4
2026-08-20 19:56:04,7443,37.45,47.86,24.86,4.67,67.2
2026-08-20 19:56:04,7444,36.19,24.58,0.0,5.37,71.7
2026-08-20 19:56:04,7445,39.06,8.94,0.0,3.73,85.0
2026-08-20 19:56:04,7446,36.31,80.05,33.36,7.2,80.2
2026-08-20 19:56:04,7447,36.75,9.11,0.0,5.93,72.5
2026-08-20 19:56:04,7448,39.2,9.47,0.0,6.09,75.0
2026-08-20 19:56:04,7449,37.94,30.96,22.53,4.27,75.7
2026-08-20 19:56:04,7450,37.88,9.83,0.0,5.7,62.8
2026-08-20 19:56:04,7451,41.47,8.34,0.0,5.25,80.0
2026-08-20 19:56:04,7452,40.18,27.82,20.24,4.22,75.7
2026-08-20 19:56:04,7453,42.51,11.03,0.0,4.25,72.7
2026-08-20 19:56:04,7454,45.6,9.13,0.0,5.8,89.5
2026-08-20 19:56:04,7455,42.48,62.42,20.9,3.76,72.8
2026-08-20 19:56:04,7456,40.33,30.48,0.0,5.43,67.7
2026-08-20 19:56:04,7457,40.46,7.05,0.0,3.94,78.0
2026-08-20 19:56:04,7458,37.99,54.65,23.82,5.38,76.5
2026-08-20 19:56:04,7459,39.44,9.64,0.0,6.16,65.0
2026-08-20 19:56:04,7460,43.08,7.33,0.0,3.67,70.0
2026-08-20 19:56:04,7461,41.0,36.24,21.89,6.14,68.3
2026-08-20 19:56:04,7462,42.16,8.22,0.0,5.11,70.0
2026-08-20 19:56:04,7463,41.78,18.33,0.0,6.03,77.5
2026-08-20 19:56:04,7464,39.82,32.04,24.57,4.28,71.7
2026-08-20 19:56:04,7465,40.19,7.02,0.0,3.84,65.0
2026-08-20 19:56:04,7466,42.23,7.5,0.0,4.35,65.0
2026-08-20 19:56:04,7467,39.65,52.56,23.93,3.9,71.8
2026-08-20 19:56:04,7468,38.11,31.15,0.0,3.9,65.1
2026-08-20 19:56:04,7469,38.54,8.25,0.0,5.05,65.0
2026-08-20 19:56:04,7470,36.14,60.99,23.38,7.22,70.4
2026-08-20 19:56:04,7471,36.36,7.02,0.0,3.89,59.1
2026-08-20 19:56:05,7472,38.45,9.11,0.0,5.53,70.0
2026-08-20 19:56:05,7473,37.22,31.13,23.59,4.4,76.8
2026-08-20 19:56:05,7474,37.7,7.05,0.0,3.9,54.2
2026-08-20 19:56:05,7475,39.88,7.81,0.0,4.28,80.0
2026-08-20 19:56:05,7476,38.59,29.49,22.26,4.11,73.7
2026-08-20 19:56:05,7477,38.66,6.91,0.0,3.79,69.6
2026-08-20 19:56:05,7478,40.57,8.24,0.0,5.05,84.6
2026-08-20 19:56:05,7479,38.06,56.77,22.11,5.13,68.3
2026-08-20 19:56:05,7480,36.63,36.39,0.0,5.16,61.9
2026-08-20 19:56:05,7481,38.21,7.41,0.0,3.79,75.0
2026-08-20 19:56:05,7482,35.84,61.13,22.45,5.37,71.4
2026-08-20 19:56:05,7483,39.64,9.56,0.0,5.65,77.3
2026-08-20 19:56:05,7484,39.16,8.84,0.0,5.58,69.2
2026-08-20 19:56:05,7485,37.57,35.82,25.9,5.37,77.2
2026-08-20 19:56:05,7486,39.24,7.32,0.0,4.13,60.0
2026-08-20 19:56:05,7487,41.06,8.7,0.0,5.18,71.4
2026-08-20 19:56:05,7488,39.5,32.56,21.78,5.92,77.5
2026-08-20 19:56:05,7489,39.44,11.2,0.0,6.9,70.0
2026-08-20 19:56:05,7490,38.85,10.05,0.0,6.34,70.0
2026-08-20 19:56:05,7491,36.89,46.84,22.06,4.14,68.3
2026-08-20 19:56:05,7492,35.09,36.38,0.0,11.79,74.4
2026-08-20 19:56:05,7493,37.21,7.43,0.0,4.43,60.9
2026-08-20 19:56:05,7494,35.11,54.26,23.78,5.29,75.0
2026-08-20 19:56:05,7495,36.85,9.07,0.0,5.07,65.4
2026-08-20 19:56:05,7496,40.7,7.62,0.0,4.33,73.7
2026-08-20 19:56:05,7497,38.88,36.4,19.75,5.57,75.4
2026-08-20 19:56:05,7498,39.84,8.99,0.0,3.91,52.0
2026-08-20 19:56:05,7499,39.88,17.96,0.0,5.79,65.0
2026-08-20 19:56:05,7500,38.02,33.3,24.62,5.44,71.0
2026-08-20 19:56:05,7501,41.67,8.61,0.0,4.44,70.0
2026-08-20 19:56:05,7502,41.54,7.42,0.0,4.24,72.5
2026-08-20 19:56:06,7503,38.98,53.91,24.6,4.32,80.0
2026-08-20 19:56:06,7504,37.63,31.04,0.0,3.87,71.4
2026-08-20 19:56:06,7505,37.92,8.17,0.0,4.91,60.0
2026-08-20 19:56:06,7506,35.7,55.65,20.22,5.04,72.3
2026-08-20 19:56:06,7507,37.75,10.45,0.0,6.76,65.0
2026-08-20 19:56:06,7508,41.48,7.78,0.0,4.38,76.2
2026-08-20 19:56:06,7509,39.32,42.49,22.9,6.02,79.0
2026-08-20 19:56:06,7510,42.32,9.88,0.0,6.63,65.0
2026-08-20 19:56:06,7511,41.77,21.03,0.0,4.84,67.5
2026-08-20 19:56:06,7512,40.07,29.85,22.81,4.03,78.2
2026-08-20 19:56:06,7513,40.04,7.13,0.0,3.89,56.0
2026-08-20 19:56:06,7514,41.51,9.22,0.0,5.16,70.0
2026-08-20 19:56:06,7515,38.84,61.64,24.99,4.84,74.0
2026-08-20 19:56:06,7516,37.6,21.03,0.0,3.92,64.3
2026-08-20 19:56:06,7517,39.32,7.4,0.0,4.24,70.0
2026-08-20 19:56:06,7518,36.76,65.19,24.32,4.66,68.3
2026-08-20 19:56:06,7519,37.89,6.83,0.0,3.75,65.0
2026-08-20 19:56:06,7520,39.63,9.54,0.0,6.3,70.0
2026-08-20 19:56:06,7521,38.29,31.71,22.66,5.79,71.7
2026-08-20 19:56:06,7522,38.88,7.33,0.0,4.16,65.0
2026-08-20 19:56:06,7523,39.89,11.73,0.0,5.67,80.6
2026-08-20 19:56:06,7524,38.81,29.61,20.54,5.69,63.6
2026-08-20 19:56:06,7525,38.33,11.83,0.0,5.79,73.2
2026-08-20 19:56:06,7526,42.56,8.44,0.0,5.14,66.7
2026-08-20 19:56:06,7527,39.69,64.53,22.67,3.97,67.7
2026-08-20 19:56:06,7528,37.9,31.82,0.0,6.23,65.0
2026-08-20 19:56:06,7529,38.38,8.76,0.0,5.24,80.0
2026-08-20 19:56:06,7530,36.11,56.29,25.43,4.66,65.1
2026-08-20 19:56:06,7531,38.51,9.93,0.0,6.21,66.7
2026-08-20 19:56:06,7532,41.84,7.86,0.0,4.65,78.9
2026-08-20 19:56:07,7533,40.01,34.66,20.18,5.25,67.4
2026-08-20 19:56:07,7534,41.05,7.5,0.0,4.09,78.8
2026-08-20 19:56:07,7535,40.64,18.59,0.0,6.59,59.3
2026-08-20 19:56:07,7536,38.87,30.74,23.29,4.15,70.7
2026-08-20 19:56:07,7537,39.08,7.13,0.0,3.88,69.0
2026-08-20 19:56:07,7538,41.4,8.15,0.0,4.93,71.4
2026-08-20 19:56:07,7539,38.85,55.27,23.63,3.87,70.9
2026-08-20 19:56:07,7540,37.36,33.53,0.0,4.37,63.4
2026-08-20 19:56:07,7541,37.75,9.24,0.0,5.36,78.9
2026-08-20 19:56:07,7542,35.56,56.13,19.94,6.97,68.8
2026-08-20 19:56:07,7543,37.71,9.67,0.0,5.7,78.3
2026-08-20 19:56:07,7544,41.23,7.4,0.0,4.24,60.0
2026-08-20 19:56:07,7545,39.03,43.68,24.09,6.23,80.0
2026-08-20 19:56:07,7546,42.68,8.93,0.0,5.61,65.0
2026-08-20 19:56:07,7547,42.21,19.23,0.0,6.21,70.7
2026-08-20 19:56:07,7548,40.28,31.44,24.16,4.16,70.5
2026-08-20 19:56:07,7549,39.35,16.68,0.0,13.09,72.5
2026-08-20 19:56:07,7550,39.82,9.43,0.0,6.32,95.5
2026-08-20 19:56:07,7551,37.79,44.66,22.35,4.76,80.0
2026-08-20 19:56:07,7552,36.16,43.45,0.0,11.6,73.3
2026-08-20 19:56:07,7553,36.4,7.4,0.0,4.18,70.0
2026-08-20 19:56:07,7554,34.66,43.92,20.25,6.39,73.3
2026-08-20 19:56:07,7555,40.0,7.31,0.0,3.97,71.4
2026-08-20 19:56:07,7556,43.38,9.68,0.0,6.58,75.0
2026-08-20 19:56:07,7557,40.83,45.35,21.5,5.6,72.0
2026-08-20 19:56:07,7558,40.62,7.12,0.0,4.0,61.3
2026-08-20 19:56:07,7559,41.93,9.78,0.0,6.07,65.0
2026-08-20 19:56:07,7560,40.53,30.51,21.17,6.41,77.2
2026-08-20 19:56:07,7561,40.4,8.52,0.0,4.33,54.2
2026-08-20 19:56:07,7562,42.63,8.48,0.0,4.66,70.0
2026-08-20 19:56:08,7563,39.69,68.42,25.53,5.26,72.7
2026-08-20 19:56:08,7564,38.26,29.26,0.0,5.28,67.2
2026-08-20 19:56:08,7565,38.2,8.29,0.0,4.93,65.0
2026-08-20 19:56:08,7566,36.06,52.06,22.86,6.01,70.0
2026-08-20 19:56:08,7567,37.97,8.01,0.0,4.85,70.0
2026-08-20 19:56:08,7568,40.68,7.06,0.0,3.88,75.0
2026-08-20 19:56:08,7569,38.57,42.1,22.68,10.0,73.1
2026-08-20 19:56:08,7570,38.36,7.43,0.0,4.21,59.1
2026-08-20 19:56:08,7571,40.71,7.61,0.0,4.29,85.7
2026-08-20 19:56:08,7572,38.57,43.78,36.45,4.25,75.3
2026-08-20 19:56:08,7573,40.78,10.27,0.0,6.87,80.0
2026-08-20 19:56:08,7574,40.1,10.85,0.0,5.58,70.0
2026-08-20 19:56:08,7575,38.4,38.54,23.65,3.81,72.5
2026-08-20 19:56:08,7576,36.88,33.73,0.0,4.5,70.0
2026-08-20 19:56:08,7577,37.42,9.34,0.0,5.59,76.9
2026-08-20 19:56:08,7578,35.22,58.37,20.57,6.16,69.6
2026-08-20 19:56:08,7579,35.17,7.27,0.0,4.0,62.8
2026-08-20 19:56:08,7580,38.12,7.21,0.0,3.99,70.0
2026-08-20 19:56:08,7581,36.84,30.76,23.55,4.12,75.7
2026-08-20 19:56:08,7582,36.26,14.91,0.0,11.42,69.8
2026-08-20 19:56:08,7583,36.54,8.98,0.0,5.47,75.0
2026-08-20 19:56:08,7584,35.58,30.06,23.13,3.82,70.0
2026-08-20 19:56:08,7585,36.02,7.16,0.0,3.81,70.0
2026-08-20 19:56:08,7586,38.19,8.5,0.0,5.23,78.9
2026-08-20 19:56:08,7587,36.45,41.09,20.24,5.67,74.2
2026-08-20 19:56:08,7588,35.18,35.21,0.0,4.32,66.7
2026-08-20 19:56:08,7589,36.96,7.05,0.0,3.83,65.0
2026-08-20 19:56:08,7590,34.8,56.86,20.41,4.98,68.8
2026-08-20 19:56:08,7591,37.77,8.36,0.0,4.28,70.0
2026-08-20 19:56:08,7592,40.6,7.48,0.0,3.9,65.0
2026-08-20 19:56:09,7593,38.47,43.68,21.8,5.5,76.7
2026-08-20 19:56:09,7594,38.44,6.98,0.0,3.8,65.0
2026-08-20 19:56:09,7595,40.28,8.57,0.0,5.36,75.0
2026-08-20 19:56:09,7596,38.7,33.87,23.4,4.5,69.5
2026-08-20 19:56:09,7597,39.51,7.21,0.0,4.09,66.7
2026-08-20 19:56:09,7598,41.94,6.82,0.0,3.73,65.0
2026-08-20 19:56:09,7599,39.23,58.42,21.58,4.11,69.7
2026-08-20 19:56:09,7600,37.55,39.52,0.0,5.06,64.3
2026-08-20 19:56:09,7601,40.29,6.91,0.0,3.89,70.0
2026-08-20 19:56:09,7602,37.66,62.87,21.7,5.09,76.8
2026-08-20 19:56:09,7603,37.93,8.59,0.0,4.37,83.8
2026-08-20 19:56:09,7604,40.3,9.34,0.0,6.14,70.8
2026-08-20 19:56:09,7605,38.46,39.07,20.76,13.14,72.9
2026-08-20 19:56:09,7606,40.42,8.29,0.0,4.07,73.7
2026-08-20 19:56:09,7607,41.16,13.17,0.0,7.05,69.6
2026-08-20 19:56:09,7608,39.08,30.83,23.03,3.84,72.9
2026-08-20 19:56:09,7609,39.05,8.61,0.0,5.4,65.9
2026-08-20 19:56:09,7610,41.62,9.07,0.0,5.95,70.0
2026-08-20 19:56:09,7611,39.2,50.46,25.65,4.25,68.3
2026-08-20 19:56:09,7612,37.84,26.95,0.0,3.73,78.0
2026-08-20 19:56:09,7613,37.68,7.11,0.0,3.9,65.9
2026-08-20 19:56:09,7614,35.51,53.73,21.93,6.36,72.2
2026-08-20 19:56:09,7615,37.23,9.56,0.0,6.33,71.4
2026-08-20 19:56:09,7616,40.83,8.36,0.0,5.08,70.0
2026-08-20 19:56:09,7617,38.71,43.75,22.32,10.26,71.2
2026-08-20 19:56:09,7618,42.57,8.57,0.0,5.31,66.7
2026-08-20 19:56:09,7619,42.84,14.7,0.0,3.79,68.4
2026-08-20 19:56:09,7620,40.67,30.65,23.59,3.75,70.0
2026-08-20 19:56:09,7621,40.87,7.09,0.0,3.86,73.2
2026-08-20 19:56:09,7622,42.78,7.77,0.0,4.51,61.9
2026-08-20 19:56:10,7623,40.0,58.45,23.2,5.52,75.0
2026-08-20 19:56:10,7624,38.74,31.48,0.0,4.11,78.6
2026-08-20 19:56:10,7625,39.0,7.64,0.0,4.91,53.8
2026-08-20 19:56:10,7626,36.64,57.17,23.21,5.41,71.2
2026-08-20 19:56:10,7627,39.56,9.3,0.0,5.88,65.0
2026-08-20 19:56:10,7628,42.76,7.32,0.0,3.84,75.0
2026-08-20 19:56:10,7629,40.38,44.59,22.98,6.65,73.3
2026-08-20 19:56:10,7630,40.1,7.13,0.0,4.02,70.0
2026-08-20 19:56:10,7631,42.26,7.36,0.0,3.8,65.0
2026-08-20 19:56:10,7632,40.63,30.48,21.4,4.69,76.8
2026-08-20 19:56:10,7633,41.07,16.16,0.0,4.83,58.3
2026-08-20 19:56:10,7634,42.46,7.82,0.0,4.61,65.0
2026-08-20 19:56:10,7635,39.67,61.12,24.75,4.76,74.5
2026-08-20 19:56:10,7636,38.18,25.12,0.0,4.04,64.3
2026-08-20 19:56:10,7637,40.69,9.94,0.0,4.77,71.4
2026-08-20 19:56:10,7638,38.0,51.09,25.23,4.67,71.3
2026-08-20 19:56:10,7639,37.11,21.43,0.0,14.37,100.0
2026-08-20 19:56:10,7640,38.43,9.84,0.0,6.26,80.0
2026-08-20 19:56:10,7641,37.09,33.63,21.93,5.46,83.3
2026-08-20 19:56:10,7642,37.36,10.8,0.0,6.8,91.4
2026-08-20 19:56:10,7643,40.79,8.78,0.0,5.32,0.0
2026-08-20 19:56:10,7644,39.49,29.32,21.86,4.12,76.7
2026-08-20 19:56:10,7645,39.05,9.79,0.0,5.64,76.5
2026-08-20 19:56:10,7646,41.87,8.71,0.0,5.42,25.0
2026-08-20 19:56:10,7647,39.53,46.78,19.89,4.25,70.9
2026-08-20 19:56:10,7648,37.84,27.53,0.0,5.13,68.3
2026-08-20 19:56:10,7649,37.51,8.86,0.0,4.57,69.2
2026-08-20 19:56:10,7650,35.38,54.74,23.43,5.08,71.2
2026-08-20 19:56:10,7651,37.68,8.78,0.0,5.57,63.6
2026-08-20 19:56:10,7652,40.0,8.67,0.0,4.53,75.0
2026-08-20 19:56:11,7653,38.3,36.26,23.39,5.56,78.0
2026-08-20 19:56:11,7654,41.04,9.21,0.0,5.98,0.0
2026-08-20 19:56:11,7655,40.78,13.53,0.0,4.38,75.0
2026-08-20 19:56:11,7656,38.87,28.22,21.26,3.91,70.0
2026-08-20 19:56:11,7657,38.46,8.92,0.0,5.89,75.0
2026-08-20 19:56:11,7658,42.42,6.76,0.0,3.69,80.0
2026-08-20 19:56:11,7659,39.68,57.28,20.23,9.79,69.1
2026-08-20 19:56:11,7660,38.08,36.03,0.0,9.72,67.2
2026-08-20 19:56:11,7661,39.45,8.81,0.0,5.54,70.0
2026-08-20 19:56:11,7662,36.99,60.02,23.47,7.21,80.0
2026-08-20 19:56:11,7663,36.82,8.39,0.0,5.24,70.0
2026-08-20 19:56:11,7664,40.13,7.14,0.0,3.87,75.0
2026-08-20 19:56:11,7665,38.58,31.83,23.27,5.1,70.0
2026-08-20 19:56:11,7666,39.0,7.16,0.0,3.9,61.9
2026-08-20 19:56:11,7667,41.02,7.87,0.0,4.01,70.0
2026-08-20 19:56:11,7668,39.62,29.63,22.51,3.98,76.4
2026-08-20 19:56:11,7669,38.45,17.4,0.0,13.13,60.0
2026-08-20 19:56:11,7670,37.91,15.7,0.0,12.16,70.0
2026-08-20 19:56:11,7671,36.15,33.47,25.29,4.96,68.9
2026-08-20 19:56:11,7672,34.85,29.68,0.0,13.82,76.3
2026-08-20 19:56:11,7673,35.24,7.87,0.0,4.24,61.9
2026-08-20 19:56:11,7674,33.66,43.49,23.09,5.09,74.4
2026-08-20 19:56:11,7675,33.9,7.92,0.0,4.07,63.6
2026-08-20 19:56:11,7676,37.04,8.02,0.0,4.93,75.0
2026-08-20 19:56:11,7677,35.96,29.91,21.43,5.37,77.2
2026-08-20 19:56:11,7678,35.15,17.92,0.0,14.33,62.8
2026-08-20 19:56:11,7679,36.18,8.41,0.0,5.08,75.0
2026-08-20 19:56:11,7680,35.08,32.08,24.04,4.95,63.6
2026-08-20 19:56:11,7681,35.7,8.32,0.0,5.18,70.0
2026-08-20 19:56:11,7682,38.37,8.26,0.0,5.34,70.0
2026-08-20 19:56:12,7683,36.57,40.95,22.73,4.17,75.0
2026-08-20 19:56:12,7684,35.31,34.47,0.0,4.53,63.4
2026-08-20 19:56:12,7685,36.74,7.69,0.0,4.35,75.7
2026-08-20 19:56:12,7686,34.46,63.93,21.25,7.28,69.4
2026-08-20 19:56:12,7687,35.29,7.34,0.0,3.85,70.0
2026-08-20 19:56:12,7688,37.08,10.56,0.0,6.4,90.0
2026-08-20 19:56:12,7689,36.07,31.81,21.17,5.91,85.0
2026-08-20 19:56:12,7690,37.06,6.99,0.0,3.86,72.5
2026-08-20 19:56:12,7691,38.92,8.97,0.0,4.91,71.4
2026-08-20 19:56:12,7692,37.5,33.87,24.29,5.75,78.0
2026-08-20 19:56:12,7693,38.2,8.35,0.0,4.21,66.7
2026-08-20 19:56:12,7694,40.44,8.85,0.0,3.83,65.0
2026-08-20 19:56:12,7695,37.83,62.96,21.57,4.32,78.8
2026-08-20 19:56:12,7696,36.45,26.09,0.0,4.97,64.3
2026-08-20 19:56:12,7697,40.2,7.58,0.0,4.13,70.0
2026-08-20 19:56:12,7698,37.4,74.27,22.51,11.49,69.3
2026-08-20 19:56:12,7699,37.07,8.08,0.0,4.78,70.0
2026-08-20 19:56:12,7700,39.71,7.86,0.0,4.79,65.0
2026-08-20 19:56:12,7701,38.32,30.56,22.69,4.82,75.9
2026-08-20 19:56:12,7702,38.19,9.52,0.0,6.35,68.2
2026-08-20 19:56:12,7703,40.94,8.76,0.0,5.1,70.0
2026-08-20 19:56:12,7704,39.29,34.29,26.86,3.94,76.7
2026-08-20 19:56:12,7705,38.77,16.6,0.0,13.28,69.0
2026-08-20 19:56:12,7706,39.49,8.34,0.0,4.19,70.0
2026-08-20 19:56:12,7707,37.89,35.35,21.88,4.24,69.5
2026-08-20 19:56:12,7708,36.37,32.34,0.0,4.63,77.4
2026-08-20 19:56:12,7709,35.9,16.44,0.0,12.99,67.5
2026-08-20 19:56:12,7710,34.13,39.53,19.64,6.61,66.7
2026-08-20 19:56:12,7711,36.25,9.57,0.0,5.43,80.0
2026-08-20 19:56:12,7712,39.39,8.38,0.0,5.18,16.7
2026-08-20 19:56:13,7713,37.62,38.94,22.86,4.77,72.1
2026-08-20 19:56:13,7714,39.53,8.61,0.0,4.92,78.4
2026-08-20 19:56:13,7715,39.06,21.3,0.0,6.8,69.6
2026-08-20 19:56:13,7716,37.61,30.39,22.29,4.51,74.1
2026-08-20 19:56:13,7717,38.09,6.99,0.0,3.9,73.9
2026-08-20 19:56:13,7718,40.53,7.03,0.0,3.85,77.1
2026-08-20 19:56:13,7719,38.0,56.72,24.01,3.84,65.9
2026-08-20 19:56:13,7720,36.63,34.29,0.0,4.08,63.4
2026-08-20 19:56:13,7721,36.99,11.16,0.0,5.71,75.0
2026-08-20 19:56:13,7722,34.54,75.75,21.11,6.36,68.7
2026-08-20 19:56:13,7723,34.88,7.4,0.0,4.38,67.5
2026-08-20 19:56:13,7724,37.43,8.11,0.0,4.14,66.7
2026-08-20 19:56:13,7725,36.23,31.38,23.12,5.12,74.4
2026-08-20 19:56:13,7726,36.68,7.99,0.0,4.14,70.0
2026-08-20 19:56:13,7727,38.62,10.32,0.0,4.95,92.9
2026-08-20 19:56:13,7728,37.56,29.97,21.43,5.13,71.4
2026-08-20 19:56:13,7729,37.96,7.05,0.0,3.88,67.5
2026-08-20 19:56:13,7730,39.42,10.05,0.0,4.86,70.0
2026-08-20 19:56:13,7731,37.48,45.01,21.21,4.73,82.0
2026-08-20 19:56:13,7732,36.1,23.75,0.0,4.52,72.9
2026-08-20 19:56:13,7733,38.58,9.09,0.0,3.98,61.9
2026-08-20 19:56:13,7734,35.9,78.29,20.4,4.11,75.5
2026-08-20 19:56:13,7735,36.13,9.12,0.0,4.81,70.0
2026-08-20 19:56:13,7736,38.58,9.62,0.0,5.99,75.0
2026-08-20 19:56:13,7737,37.35,31.67,22.8,5.08,68.3
2026-08-20 19:56:13,7738,37.42,9.92,0.0,5.13,65.0
2026-08-20 19:56:13,7739,40.66,8.26,0.0,5.6,65.0
2026-08-20 19:56:13,7740,39.17,31.52,24.21,4.1,69.5
2026-08-20 19:56:13,7741,39.46,8.33,0.0,5.09,61.9
2026-08-20 19:56:13,7742,41.76,8.38,0.0,5.1,75.0
2026-08-20 19:56:14,7743,39.35,49.02,22.49,3.85,71.2
2026-08-20 19:56:14,7744,37.75,28.28,0.0,4.04,69.5
2026-08-20 19:56:14,7745,37.62,8.03,0.0,4.08,61.9
2026-08-20 19:56:14,7746,35.15,69.77,25.54,4.01,70.0
2026-08-20 19:56:14,7747,36.95,9.52,0.0,4.04,75.0
2026-08-20 19:56:14,7748,39.92,9.11,0.0,5.8,63.6
2026-08-20 19:56:14,7749,38.43,33.08,23.14,5.95,66.7
2026-08-20 19:56:14,7750,38.76,9.03,0.0,4.5,78.0
2026-08-20 19:56:14,7751,41.19,8.85,0.0,5.17,85.7
2026-08-20 19:56:14,7752,39.61,32.84,24.86,4.79,72.5
2026-08-20 19:56:14,7753,40.22,7.67,0.0,3.84,80.6
2026-08-20 19:56:14,7754,43.18,7.01,0.0,3.86,0.0
2026-08-20 19:56:14,7755,40.44,54.55,23.03,4.03,76.5
2026-08-20 19:56:14,7756,38.8,37.08,0.0,4.32,65.2
2026-08-20 19:56:14,7757,39.46,7.75,0.0,5.08,80.6
2026-08-20 19:56:14,7758,36.74,74.04,22.76,5.18,65.1
2026-08-20 19:56:14,7759,40.51,7.47,0.0,4.24,76.2
2026-08-20 19:56:14,7760,42.68,7.41,0.0,4.03,73.7
2026-08-20 19:56:14,7761,40.99,30.25,23.33,3.81,70.0
2026-08-20 19:56:14,7762,45.48,8.21,0.0,4.4,66.7
2026-08-20 19:56:14,7763,44.83,19.61,0.0,6.42,83.8
2026-08-20 19:56:14,7764,42.66,31.32,24.28,3.96,65.9
2026-08-20 19:56:14,7765,42.79,7.11,0.0,3.96,75.0
2026-08-20 19:56:14,7766,45.07,7.37,0.0,4.16,70.0
2026-08-20 19:56:14,7767,42.08,56.99,19.77,4.18,70.0
2026-08-20 19:56:14,7768,40.17,21.21,0.0,5.0,68.3
2026-08-20 19:56:14,7769,41.79,6.92,0.0,3.81,61.9
2026-08-20 19:56:14,7770,38.73,80.66,26.37,5.09,67.5
2026-08-20 19:56:15,7771,39.32,7.54,0.0,3.9,70.0
2026-08-20 19:56:15,7772,41.16,8.85,0.0,5.37,75.0
2026-08-20 19:56:15,7773,39.79,29.16,21.3,4.87,79.6
2026-08-20 19:56:15,7774,39.25,11.29,0.0,5.88,57.7
2026-08-20 19:56:15,7775,43.19,9.03,0.0,6.17,70.0
2026-08-20 19:56:15,7776,41.65,29.49,21.46,4.71,72.5
2026-08-20 19:56:15,7777,41.18,8.6,0.0,5.24,72.5
2026-08-20 19:56:15,7778,43.58,8.92,0.0,4.62,66.7
2026-08-20 19:56:15,7779,41.13,45.33,21.76,3.93,74.0
2026-08-20 19:56:15,7780,39.14,29.05,0.0,4.66,66.1
2026-08-20 19:56:15,7781,39.31,7.06,0.0,3.87,56.0
2026-08-20 19:56:15,7782,36.7,66.87,23.49,4.19,69.0
2026-08-20 19:56:15,7783,37.92,7.79,0.0,3.84,65.0
2026-08-20 19:56:15,7784,37.86,18.61,0.0,13.18,67.5
2026-08-20 19:56:15,7785,36.41,36.07,25.48,7.06,75.4
2026-08-20 19:56:15,7786,36.77,7.35,0.0,4.13,60.9
2026-08-20 19:56:15,7787,39.17,8.36,0.0,5.2,75.0
2026-08-20 19:56:15,7788,37.98,28.81,21.8,3.78,73.3
2026-08-20 19:56:15,7789,38.02,7.12,0.0,3.87,61.9
2026-08-20 19:56:15,7790,40.45,7.14,0.0,3.92,70.0
2026-08-20 19:56:15,7791,38.65,36.17,23.09,3.81,71.2
2026-08-20 19:56:15,7792,37.2,31.59,0.0,5.27,67.2
2026-08-20 19:56:15,7793,41.75,8.87,0.0,5.32,77.8
2026-08-20 19:56:15,7794,38.62,76.56,22.52,5.58,71.7
2026-08-20 19:56:15,7795,38.78,6.86,0.0,3.73,56.5
2026-08-20 19:56:15,7796,40.57,8.43,0.0,5.21,88.2
2026-08-20 19:56:15,7797,39.19,30.88,22.45,4.93,63.6
2026-08-20 19:56:15,7798,39.22,8.18,0.0,4.96,74.3
2026-08-20 19:56:15,7799,41.44,8.95,0.0,3.79,55.6
2026-08-20 19:56:15,7800,39.93,30.82,20.61,5.04,70.0
2026-08-20 19:56:15,7801,40.1,6.95,0.0,3.67,75.7
2026-08-20 19:56:15,7802,41.63,9.88,0.0,5.58,63.6
2026-08-20 19:56:16,7803,39.51,42.83,19.97,4.19,72.1
2026-08-20 19:56:16,7804,37.92,21.71,0.0,4.43,71.9
2026-08-20 19:56:16,7805,39.83,7.32,0.0,4.05,65.2
2026-08-20 19:56:16,7806,37.02,77.32,21.23,4.08,69.4
2026-08-20 19:56:16,7807,37.2,7.44,0.0,3.91,69.0
2026-08-20 19:56:16,7808,39.01,9.65,0.0,6.14,72.7
2026-08-20 19:56:16,7809,37.56,34.19,23.81,5.52,71.9
2026-08-20 19:56:16,7810,38.42,10.1,0.0,4.51,60.9
2026-08-20 19:56:16,7811,40.04,13.43,0.0,10.1,80.0
2026-08-20 19:56:16,7812,39.21,28.78,21.59,3.8,71.8
2026-08-20 19:56:16,7813,38.78,10.07,0.0,6.04,68.3
2026-08-20 19:56:16,7814,41.62,8.89,0.0,5.41,84.2
2026-08-20 19:56:16,7815,39.26,48.24,22.19,4.42,69.4
2026-08-20 19:56:16,7816,37.66,28.75,0.0,4.3,70.0
2026-08-20 19:56:16,7817,37.72,7.27,0.0,3.95,76.2
2026-08-20 19:56:16,7818,36.61,29.99,19.62,6.33,71.8
2026-08-20 19:56:16,7819,36.53,9.98,0.0,5.11,76.2
2026-08-20 19:56:16,7820,39.0,10.31,0.0,6.39,65.0
2026-08-20 19:56:16,7821,36.8,53.05,24.02,5.21,75.3
2026-08-20 19:56:16,7822,38.45,8.3,0.0,5.09,70.0
2026-08-20 19:56:16,7823,39.15,14.07,0.0,5.32,88.2
2026-08-20 19:56:16,7824,37.35,30.19,22.87,4.11,67.2
2026-08-20 19:56:16,7825,37.55,7.56,0.0,4.13,52.0
2026-08-20 19:56:16,7826,39.9,7.92,0.0,4.52,65.0
2026-08-20 19:56:16,7827,37.58,51.69,21.48,5.49,72.2
2026-08-20 19:56:16,7828,36.2,32.34,0.0,5.0,66.7
2026-08-20 19:56:16,7829,36.61,9.18,0.0,6.15,65.0
2026-08-20 19:56:16,7830,35.74,29.56,21.43,3.95,70.7
2026-08-20 19:56:16,7831,35.77,9.31,0.0,4.48,87.0
2026-08-20 19:56:16,7832,38.79,8.45,0.0,4.37,85.0
2026-08-20 19:56:17,7833,36.57,52.8,20.18,4.81,70.0
2026-08-20 19:56:17,7834,38.53,8.14,0.0,4.86,65.0
2026-08-20 19:56:17,7835,38.45,18.59,0.0,4.26,72.5
2026-08-20 19:56:17,7836,36.91,30.18,21.99,5.2,70.7
2026-08-20 19:56:17,7837,37.07,8.39,0.0,5.37,74.4
2026-08-20 19:56:17,7838,41.0,8.15,0.0,5.35,0.0
2026-08-20 19:56:17,7839,38.37,57.45,21.07,4.7,69.3
2026-08-20 19:56:17,7840,36.95,35.19,0.0,4.01,65.0
2026-08-20 19:56:17,7841,38.42,7.56,0.0,4.34,80.6
2026-08-20 19:56:17,7842,37.07,32.11,24.65,4.2,63.6
2026-08-20 19:56:17,7843,37.31,9.42,0.0,6.29,71.8
2026-08-20 19:56:17,7844,40.07,8.82,0.0,4.36,81.0
2026-08-20 19:56:17,7845,37.55,60.38,20.9,5.8,70.0
2026-08-20 19:56:17,7846,37.74,7.14,0.0,4.15,70.0
2026-08-20 19:56:17,7847,39.64,8.86,0.0,4.76,71.4
2026-08-20 19:56:17,7848,38.15,34.13,24.54,4.96,77.5
2026-08-20 19:56:17,7849,38.92,8.44,0.0,4.13,76.3
2026-08-20 19:56:17,7850,42.1,7.55,0.0,3.87,70.0
2026-08-20 19:56:17,7851,39.33,61.14,21.93,3.65,67.5
2026-08-20 19:56:17,7852,37.61,26.76,0.0,5.43,75.8
2026-08-20 19:56:17,7853,40.13,10.67,0.0,5.53,73.7
2026-08-20 19:56:17,7854,38.96,30.45,21.35,5.35,73.2
2026-08-20 19:56:17,7855,38.95,8.01,0.0,3.7,80.5
2026-08-20 19:56:17,7856,41.28,8.1,0.0,4.05,70.0
2026-08-20 19:56:17,7857,38.49,66.74,21.49,8.43,80.4
2026-08-20 19:56:17,7858,39.92,7.19,0.0,4.05,61.9
2026-08-20 19:56:17,7859,40.6,12.69,0.0,5.34,65.0
2026-08-20 19:56:17,7860,38.59,29.94,22.89,3.72,68.3
2026-08-20 19:56:17,7861,38.58,7.87,0.0,4.73,65.0
2026-08-20 19:56:17,7862,40.77,9.28,0.0,5.92,75.0
2026-08-20 19:56:18,7863,38.48,49.4,21.97,3.86,70.0
2026-08-20 19:56:18,7864,36.95,31.02,0.0,4.15,73.2
2026-08-20 19:56:18,7865,37.45,7.87,0.0,5.16,54.2
2026-08-20 19:56:18,7866,36.4,29.45,21.22,4.18,70.0
2026-08-20 19:56:18,7867,36.47,8.37,0.0,4.23,73.8
2026-08-20 19:56:18,7868,36.96,16.62,0.0,13.21,67.5
2026-08-20 19:56:18,7869,35.03,41.5,23.07,5.3,70.0
2026-08-20 19:56:18,7870,37.98,8.91,0.0,5.41,70.0
2026-08-20 19:56:18,7871,37.98,19.31,0.0,4.96,65.0
2026-08-20 19:56:18,7872,36.59,29.23,21.92,4.22,76.8
2026-08-20 19:56:18,7873,36.8,7.11,0.0,4.04,54.2
2026-08-20 19:56:18,7874,41.18,7.98,0.0,4.42,80.0
2026-08-20 19:56:18,7875,38.52,57.48,21.89,4.0,75.3
2026-08-20 19:56:18,7876,37.14,35.33,0.0,4.31,62.8
2026-08-20 19:56:18,7877,38.56,6.8,0.0,3.79,73.7
2026-08-20 19:56:18,7878,37.15,32.32,25.12,4.01,74.2
2026-08-20 19:56:18,7879,37.6,8.29,0.0,5.21,73.1
2026-08-20 19:56:18,7880,40.47,7.37,0.0,3.99,56.2
2026-08-20 19:56:18,7881,37.86,60.88,21.89,5.37,69.7
2026-08-20 19:56:18,7882,38.31,7.1,0.0,3.86,66.7
2026-08-20 19:56:18,7883,40.21,8.38,0.0,4.6,84.2
2026-08-20 19:56:18,7884,38.65,33.14,24.3,5.95,66.7
2026-08-20 19:56:18,7885,39.2,9.1,0.0,4.04,71.8
2026-08-20 19:56:18,7886,41.77,8.65,0.0,4.39,87.5
2026-08-20 19:56:18,7887,39.01,63.26,23.19,4.38,67.1
2026-08-20 19:56:18,7888,37.5,34.99,0.0,3.87,67.7
2026-08-20 19:56:18,7889,40.72,8.94,0.0,3.82,78.9
2026-08-20 19:56:18,7890,39.62,27.13,19.28,3.97,66.7
2026-08-20 19:56:18,7891,38.61,28.95,0.0,5.16,70.0
2026-08-20 19:56:18,7892,38.61,8.74,0.0,5.63,67.5
2026-08-20 19:56:19,7893,36.44,51.97,22.23,5.08,80.0
2026-08-20 19:56:19,7894,37.85,8.2,0.0,5.02,75.7
2026-08-20 19:56:19,7895,38.59,14.33,0.0,4.52,65.2
2026-08-20 19:56:19,7896,36.92,28.62,21.71,3.75,73.7
2026-08-20 19:56:19,7897,38.16,15.55,0.0,5.55,69.6
2026-08-20 19:56:19,7898,38.61,8.25,0.0,5.19,75.6
2026-08-20 19:56:19,7899,36.34,55.45,24.79,5.03,69.6
2026-08-20 19:56:19,7900,35.34,30.85,0.0,4.52,65.0
2026-08-20 19:56:19,7901,35.94,8.03,0.0,5.4,77.5
2026-08-20 19:56:19,7902,35.26,26.73,19.57,4.12,68.3
2026-08-20 19:56:19,7903,35.9,18.67,0.0,5.33,77.1
2026-08-20 19:56:19,7904,36.97,8.24,0.0,5.16,56.0
2026-08-20 19:56:19,7905,34.93,52.44,19.11,5.34,74.4
2026-08-20 19:56:19,7906,36.36,9.21,0.0,5.85,59.1
2026-08-20 19:56:19,7907,36.78,17.87,0.0,5.85,70.0
2026-08-20 19:56:19,7908,34.91,41.5,22.73,12.73,74.6
2026-08-20 19:56:19,7909,38.69,7.29,0.0,4.11,61.9
2026-08-20 19:56:19,7910,41.19,7.0,0.0,3.85,65.0
2026-08-20 19:56:19,7911,38.5,60.59,24.4,6.17,74.8
2026-08-20 19:56:19,7912,37.34,18.35,0.0,4.08,70.0
2026-08-20 19:56:19,7913,37.53,11.74,0.0,7.48,75.7
2026-08-20 19:56:19,7914,36.72,30.27,21.25,4.13,71.4
2026-08-20 19:56:19,7915,36.83,8.71,0.0,5.51,63.6
2026-08-20 19:56:19,7916,39.86,8.59,0.0,5.21,75.0
2026-08-20 19:56:19,7917,37.34,60.78,22.59,5.34,72.4
2026-08-20 19:56:19,7918,36.42,16.74,0.0,13.03,64.3
2026-08-20 19:56:19,7919,37.37,7.12,0.0,3.7,71.4
2026-08-20 19:56:19,7920,36.06,33.28,24.88,5.19,71.7
2026-08-20 19:56:19,7921,36.89,7.87,0.0,4.14,70.3
2026-08-20 19:56:19,7922,38.61,10.31,0.0,5.0,68.2
2026-08-20 19:56:20,7923,36.82,42.64,20.83,5.09,75.0
2026-08-20 19:56:20,7924,35.42,39.0,0.0,3.79,67.7
2026-08-20 19:56:20,7925,38.1,7.01,0.0,3.87,73.7
2026-08-20 19:56:20,7926,36.25,42.46,24.8,13.7,72.6
2026-08-20 19:56:20,7927,39.91,8.19,0.0,4.9,66.7
2026-08-20 19:56:20,7928,43.01,7.38,0.0,4.11,70.0
2026-08-20 19:56:20,7929,40.15,60.47,20.97,5.13,73.4
2026-08-20 19:56:20,7930,39.96,7.41,0.0,4.14,67.5
2026-08-20 19:56:20,7931,41.45,10.69,0.0,3.96,66.7
2026-08-20 19:56:20,7932,40.24,28.77,19.85,5.7,81.1
2026-08-20 19:56:20,7933,39.44,12.04,0.0,5.0,65.1
2026-08-20 19:56:20,7934,42.48,10.51,0.0,4.41,78.9
2026-08-20 19:56:20,7935,39.7,62.69,20.93,5.07,67.9
2026-08-20 19:56:20,7936,38.13,38.08,0.0,3.78,74.6
2026-08-20 19:56:20,7937,40.65,9.66,0.0,6.21,71.4
2026-08-20 19:56:20,7938,39.25,31.54,22.5,5.08,88.1
2026-08-20 19:56:20,7939,38.82,12.37,0.0,3.89,68.3
2026-08-20 19:56:20,7940,38.51,9.31,0.0,6.1,67.5
2026-08-20 19:56:20,7941,36.28,55.11,25.35,5.11,70.0
2026-08-20 19:56:20,7942,39.42,7.06,0.0,4.18,70.0
2026-08-20 19:56:20,7943,39.58,16.72,0.0,4.57,85.0
2026-08-20 19:56:20,7944,37.91,29.03,21.86,3.91,77.5
2026-08-20 19:56:20,7945,38.05,7.55,0.0,4.25,70.7
2026-08-20 19:56:20,7946,40.53,7.41,0.0,4.21,65.0
2026-08-20 19:56:20,7947,38.05,54.79,20.66,5.32,68.8
2026-08-20 19:56:20,7948,36.68,33.38,0.0,3.87,66.7
2026-08-20 19:56:20,7949,37.36,8.38,0.0,4.96,68.4
2026-08-20 19:56:20,7950,36.34,29.65,22.7,3.64,71.9
2026-08-20 19:56:20,7951,36.45,8.32,0.0,5.08,54.2
2026-08-20 19:56:20,7952,39.41,8.49,0.0,5.0,70.0
2026-08-20 19:56:21,7953,37.01,57.23,20.15,6.19,71.2
2026-08-20 19:56:21,7954,39.7,10.35,0.0,6.92,71.4
2026-08-20 19:56:21,7955,39.15,23.61,0.0,6.15,70.7
2026-08-20 19:56:21,7956,37.83,30.55,21.58,5.1,69.5
2026-08-20 19:56:21,7957,38.12,7.12,0.0,3.92,66.7
2026-08-20 19:56:21,7958,40.49,7.3,0.0,4.12,65.0
2026-08-20 19:56:21,7959,37.84,62.52,25.5,4.23,71.0
2026-08-20 19:56:21,7960,36.55,22.92,0.0,5.55,63.4
2026-08-20 19:56:21,7961,39.0,7.52,0.0,4.18,70.0
2026-08-20 19:56:21,7962,37.62,31.8,24.83,3.77,74.6
2026-08-20 19:56:21,7963,37.9,9.47,0.0,5.32,73.7
2026-08-20 19:56:21,7964,40.83,8.37,0.0,5.14,75.0
2026-08-20 19:56:21,7965,38.19,61.64,22.09,4.75,68.8
2026-08-20 19:56:21,7966,38.42,6.98,0.0,3.79,73.0
2026-08-20 19:56:21,7967,39.93,9.67,0.0,4.67,60.0
2026-08-20 19:56:21,7968,38.46,33.18,24.67,5.92,70.7
2026-08-20 19:56:21,7969,38.7,11.12,0.0,4.8,72.5
2026-08-20 19:56:21,7970,42.6,9.1,0.0,5.63,73.7
2026-08-20 19:56:21,7971,39.72,65.57,21.26,4.53,65.4
2026-08-20 19:56:21,7972,38.24,26.11,0.0,3.9,77.0
2026-08-20 19:56:21,7973,40.89,9.55,0.0,6.01,73.7
2026-08-20 19:56:21,7974,39.68,28.62,21.87,3.76,70.7
2026-08-20 19:56:21,7975,38.75,14.69,0.0,4.48,68.3
2026-08-20 19:56:21,7976,38.68,8.87,0.0,5.74,70.0
2026-08-20 19:56:21,7977,36.49,52.55,22.01,5.94,73.3
2026-08-20 19:56:21,7978,37.94,8.66,0.0,4.49,52.0
2026-08-20 19:56:21,7979,38.85,13.81,0.0,4.3,68.4
2026-08-20 19:56:21,7980,37.04,30.74,23.39,4.05,68.9
2026-08-20 19:56:21,7981,37.23,8.32,0.0,4.9,72.5
2026-08-20 19:56:21,7982,40.27,7.17,0.0,3.87,75.0
2026-08-20 19:56:22,7983,37.77,56.28,23.0,5.58,71.2
2026-08-20 19:56:22,7984,36.52,34.46,0.0,5.38,71.7
2026-08-20 19:56:22,7985,37.6,8.6,0.0,5.34,86.4
2026-08-20 19:56:22,7986,36.66,28.49,20.63,3.72,85.0
2026-08-20 19:56:22,7987,36.69,8.55,0.0,5.23,70.7
2026-08-20 19:56:22,7988,39.93,8.04,0.0,4.1,68.4
2026-08-20 19:56:22,7989,37.39,60.63,21.99,5.55,76.2
2026-08-20 19:56:22,7990,37.28,8.67,0.0,4.45,70.0
2026-08-20 19:56:22,7991,39.93,8.37,0.0,5.14,80.0
2026-08-20 19:56:22,7992,38.58,30.68,22.38,5.0,80.0
2026-08-20 19:56:22,7993,38.85,6.88,0.0,3.67,50.0
2026-08-20 19:56:22,7994,41.09,7.22,0.0,3.89,75.0
2026-08-20 19:56:22,7995,38.48,57.73,21.04,3.89,67.5
2026-08-20 19:56:22,7996,36.91,38.29,0.0,3.8,70.0
2026-08-20 19:56:22,7997,38.88,7.93,0.0,4.33,70.0
2026-08-20 19:56:22,7998,37.72,29.48,21.99,4.32,76.5
2026-08-20 19:56:22,7999,37.66,8.45,0.0,4.21,65.0
2026-08-20 19:56:22,8000,39.72,10.65,0.0,5.82,82.4
2026-08-20 19:56:22,8001,37.21,62.83,23.28,5.98,64.0
2026-08-20 19:56:22,8002,37.53,8.19,0.0,5.02,68.0
2026-08-20 19:56:22,8003,39.44,10.85,0.0,5.55,74.3
2026-08-20 19:56:22,8004,38.24,31.25,20.78,5.55,70.7
2026-08-20 19:56:22,8005,38.14,11.35,0.0,5.09,70.0
2026-08-20 19:56:22,8006,37.66,10.63,0.0,6.97,75.7
2026-08-20 19:56:22,8007,35.76,48.3,21.34,4.19,65.6
2026-08-20 19:56:22,8008,34.6,26.0,0.0,3.93,69.0
2026-08-20 19:56:22,8009,38.6,8.45,0.0,5.31,86.7
2026-08-20 19:56:22,8010,37.36,30.97,20.62,5.16,61.7
2026-08-20 19:56:22,8011,36.5,19.8,0.0,7.4,67.5
2026-08-20 19:56:22,8012,37.48,9.36,0.0,4.45,77.8
2026-08-20 19:56:23,8013,35.38,54.08,22.52,5.04,70.3
2026-08-20 19:56:23,8014,37.62,7.84,0.0,4.35,80.0
2026-08-20 19:56:23,8015,37.58,18.66,0.0,6.95,60.0
2026-08-20 19:56:23,8016,36.24,28.48,21.62,3.8,75.9
2026-08-20 19:56:23,8017,36.58,6.77,0.0,3.85,77.5
2026-08-20 19:56:23,8018,38.67,8.22,0.0,5.18,71.4
2026-08-20 19:56:23,8019,36.46,52.6,19.73,4.28,71.4
2026-08-20 19:56:23,8020,35.04,34.18,0.0,5.32,57.8
2026-08-20 19:56:23,8021,34.78,16.9,0.0,13.08,72.5
2026-08-20 19:56:23,8022,33.55,30.05,22.98,3.83,71.2
2026-08-20 19:56:23,8023,34.07,7.85,0.0,4.73,70.7
2026-08-20 19:56:23,8024,37.33,6.81,0.0,3.69,72.2
2026-08-20 19:56:23,8025,35.34,48.88,19.16,13.58,73.1
2026-08-20 19:56:23,8026,36.68,7.35,0.0,3.89,58.3
2026-08-20 19:56:23,8027,39.08,7.87,0.0,4.82,70.0
2026-08-20 19:56:23,8028,37.79,30.61,21.64,3.86,72.5
2026-08-20 19:56:23,8029,38.05,7.33,0.0,4.03,75.0
2026-08-20 19:56:23,8030,40.74,6.73,0.0,3.67,78.9
2026-08-20 19:56:23,8031,38.13,58.94,23.15,4.28,69.5
2026-08-20 19:56:23,8032,36.71,22.39,0.0,3.94,84.1
2026-08-20 19:56:23,8033,41.02,9.61,0.0,6.85,70.0
2026-08-20 19:56:23,8034,38.34,57.74,44.79,7.24,86.7
2026-08-20 19:56:23,8035,38.08,7.71,0.0,4.38,72.5
2026-08-20 19:56:23,8036,40.65,7.92,0.0,4.85,65.0
2026-08-20 19:56:23,8037,39.22,29.82,20.93,4.86,72.5
2026-08-20 19:56:23,8038,39.26,7.08,0.0,3.96,65.0
2026-08-20 19:56:23,8039,39.79,13.53,0.0,6.49,76.5
2026-08-20 19:56:23,8040,37.75,33.68,26.71,3.91,63.6
2026-08-20 19:56:23,8041,38.52,8.65,0.0,5.54,65.0
2026-08-20 19:56:23,8042,40.99,8.45,0.0,4.53,76.2
2026-08-20 19:56:24,8043,38.41,58.09,22.78,12.33,71.2
2026-08-20 19:56:24,8044,37.73,26.22,0.0,4.2,66.0
2026-08-20 19:56:24,8045,37.41,8.71,0.0,5.36,69.7
2026-08-20 19:56:24,8046,36.1,33.88,25.02,5.18,71.7
2026-08-20 19:56:24,8047,37.24,6.9,0.0,3.89,65.0
2026-08-20 19:56:24,8048,39.04,8.9,0.0,5.02,68.2
2026-08-20 19:56:24,8049,36.8,54.03,23.7,4.89,68.8
2026-08-20 19:56:24,8050,38.45,9.36,0.0,4.26,71.8
2026-08-20 19:56:24,8051,38.95,17.29,0.0,6.27,66.7
2026-08-20 19:56:24,8052,37.27,31.12,22.66,4.38,74.1
2026-08-20 19:56:24,8053,37.72,7.02,0.0,3.94,63.6
2026-08-20 19:56:24,8054,40.04,7.42,0.0,4.2,70.0
2026-08-20 19:56:24,8055,37.55,57.64,24.36,4.95,74.2
2026-08-20 19:56:24,8056,36.41,18.55,0.0,4.47,65.1
2026-08-20 19:56:24,8057,36.89,10.75,0.0,6.74,70.7
2026-08-20 19:56:24,8058,35.89,32.52,23.72,5.58,73.2
2026-08-20 19:56:24,8059,36.47,8.47,0.0,5.18,71.1
2026-08-20 19:56:24,8060,39.43,8.63,0.0,4.78,82.4
2026-08-20 19:56:24,8061,37.0,58.64,20.68,5.29,63.5
2026-08-20 19:56:24,8062,40.13,8.85,0.0,5.54,80.0
2026-08-20 19:56:24,8063,39.88,20.37,0.0,4.07,76.2
2026-08-20 19:56:24,8064,37.81,40.93,25.16,12.29,73.8
2026-08-20 19:56:24,8065,40.55,8.21,0.0,5.21,70.0
2026-08-20 19:56:24,8066,42.51,8.89,0.0,4.53,66.7
2026-08-20 19:56:24,8067,39.76,59.36,21.84,5.04,70.9
2026-08-20 19:56:24,8068,37.69,32.65,0.0,14.23,73.8
2026-08-20 19:56:24,8069,38.74,6.87,0.0,3.73,69.2
2026-08-20 19:56:24,8070,37.55,28.07,21.23,3.75,75.0
2026-08-20 19:56:24,8071,37.66,6.99,0.0,3.92,61.4
2026-08-20 19:56:24,8072,39.48,8.88,0.0,3.83,70.0
2026-08-20 19:56:25,8073,37.4,46.61,21.26,6.07,72.9
2026-08-20 19:56:25,8074,37.89,8.24,0.0,5.26,68.3
2026-08-20 19:56:25,8075,37.71,20.06,0.0,11.62,78.0
2026-08-20 19:56:25,8076,36.07,35.26,27.85,4.04,74.2
2026-08-20 19:56:25,8077,37.15,8.55,0.0,5.42,90.9
2026-08-20 19:56:25,8078,39.64,8.77,0.0,5.59,66.7
2026-08-20 19:56:25,8079,37.5,47.62,21.8,5.09,70.0
2026-08-20 19:56:25,8080,36.12,26.32,0.0,4.15,68.3
2026-08-20 19:56:25,8081,36.21,6.69,0.0,3.7,72.5
2026-08-20 19:56:25,8082,35.12,30.34,22.33,4.89,70.7
2026-08-20 19:56:25,8083,35.65,7.05,0.0,3.9,63.6
2026-08-20 19:56:25,8084,37.81,8.41,0.0,5.41,70.0
2026-08-20 19:56:25,8085,35.67,53.65,24.29,4.83,70.0
2026-08-20 19:56:25,8086,37.97,8.23,0.0,5.12,65.0
2026-08-20 19:56:25,8087,38.62,14.73,0.0,5.77,70.0
2026-08-20 19:56:25,8088,36.9,29.87,22.23,4.34,71.2
2026-08-20 19:56:25,8089,37.12,7.37,0.0,4.18,61.9
2026-08-20 19:56:25,8090,39.67,7.4,0.0,3.73,75.0
2026-08-20 19:56:25,8091,37.21,57.46,25.36,4.74,75.5
2026-08-20 19:56:25,8092,36.25,30.25,0.0,3.83,69.0
2026-08-20 19:56:25,8093,40.37,8.65,0.0,5.17,73.7
2026-08-20 19:56:25,8094,39.15,30.07,21.42,4.93,76.9
2026-08-20 19:56:25,8095,38.34,14.36,0.0,3.85,70.7
2026-08-20 19:56:25,8096,38.27,8.86,0.0,5.47,79.5
2026-08-20 19:56:25,8097,36.15,51.45,19.69,5.8,69.2
2026-08-20 19:56:25,8098,37.44,8.1,0.0,3.89,68.0
2026-08-20 19:56:25,8099,37.65,18.59,0.0,5.25,66.7
2026-08-20 19:56:25,8100,36.09,32.24,24.66,4.59,86.7
2026-08-20 19:56:25,8101,37.03,7.42,0.0,3.94,76.9
2026-08-20 19:56:25,8102,39.76,6.98,0.0,3.66,80.0
2026-08-20 19:56:26,8103,37.27,58.08,25.74,4.28,71.2
2026-08-20 19:56:26,8104,35.77,39.46,0.0,6.27,68.3
2026-08-20 19:56:26,8105,37.55,10.12,0.0,6.39,63.6
2026-08-20 19:56:26,8106,36.46,32.13,25.21,3.64,76.6
2026-08-20 19:56:26,8107,36.89,8.62,0.0,5.33,72.2
2026-08-20 19:56:26,8108,40.16,8.03,0.0,4.07,60.0
2026-08-20 19:56:26,8109,37.58,61.51,24.87,5.68,76.2
2026-08-20 19:56:26,8110,37.79,7.19,0.0,3.93,70.0
2026-08-20 19:56:26,8111,40.07,8.54,0.0,5.28,70.0
2026-08-20 19:56:26,8112,38.64,32.01,22.95,4.01,73.3
2026-08-20 19:56:26,8113,39.14,6.83,0.0,3.86,75.0
2026-08-20 19:56:26,8114,41.93,6.69,0.0,3.86,70.0
2026-08-20 19:56:26,8115,39.12,63.12,25.75,3.77,72.0
2026-08-20 19:56:26,8116,37.81,22.05,0.0,3.94,65.9
2026-08-20 19:56:26,8117,39.59,8.91,0.0,4.96,70.0
2026-08-20 19:56:26,8118,38.06,34.58,26.24,5.28,72.1
2026-08-20 19:56:26,8119,38.22,11.83,0.0,6.54,70.0
2026-08-20 19:56:26,8120,37.87,8.66,0.0,5.39,67.5
2026-08-20 19:56:26,8121,35.96,46.59,20.02,4.39,69.2
2026-08-20 19:56:26,8122,36.21,8.56,0.0,4.16,63.6
2026-08-20 19:56:26,8123,37.89,11.41,0.0,4.79,83.3
2026-08-20 19:56:26,8124,36.64,34.73,23.74,6.21,65.9
2026-08-20 19:56:26,8125,37.55,9.0,0.0,3.84,74.4
2026-08-20 19:56:26,8126,39.84,9.7,0.0,4.55,78.9
2026-08-20 19:56:26,8127,37.26,64.78,20.67,5.12,66.3
2026-08-20 19:56:26,8128,36.01,25.64,0.0,4.42,66.7
2026-08-20 19:56:26,8129,39.23,8.35,0.0,4.66,70.0
2026-08-20 19:56:26,8130,38.09,28.73,21.8,3.88,74.4
2026-08-20 19:56:26,8131,37.71,24.3,0.0,3.75,71.8
2026-08-20 19:56:26,8132,40.91,9.23,0.0,4.44,72.7
2026-08-20 19:56:27,8133,38.16,68.76,22.07,5.61,77.9
2026-08-20 19:56:27,8134,39.97,7.07,0.0,3.94,53.8
2026-08-20 19:56:27,8135,40.85,11.57,0.0,3.57,75.0
2026-08-20 19:56:27,8136,38.6,34.49,25.26,6.99,69.8
2026-08-20 19:56:27,8137,39.25,8.57,0.0,6.41,70.3
2026-08-20 19:56:27,8138,42.05,7.53,0.0,5.31,76.2
2026-08-20 19:56:27,8139,39.44,54.19,26.25,5.18,70.9
2026-08-20 19:56:27,8140,37.99,30.81,0.0,6.51,62.8
2026-08-20 19:56:27,8141,38.27,7.87,0.0,5.28,77.5
2026-08-20 19:56:27,8142,36.86,33.21,23.92,7.08,76.7
2026-08-20 19:56:27,8143,36.97,11.55,0.0,6.81,71.4
2026-08-20 19:56:27,8144,37.16,7.25,0.0,4.21,78.9
2026-08-20 19:56:27,8145,35.59,38.8,22.48,5.05,70.0
2026-08-20 19:56:27,8146,37.66,8.48,0.0,6.31,59.1
2026-08-20 19:56:27,8147,37.79,18.22,0.0,7.0,70.0
2026-08-20 19:56:27,8148,36.39,28.73,21.34,5.19,70.0
2026-08-20 19:56:27,8149,36.56,9.01,0.0,5.59,67.5
2026-08-20 19:56:27,8150,41.19,6.08,0.0,3.83,80.0
2026-08-20 19:56:27,8151,38.41,64.32,26.44,5.31,73.1
2026-08-20 19:56:27,8152,37.28,22.74,0.0,5.58,80.5
2026-08-20 19:56:27,8153,39.75,7.96,0.0,5.75,65.0
2026-08-20 19:56:27,8154,38.36,31.17,23.39,5.6,75.9
2026-08-20 19:56:27,8155,38.5,8.29,0.0,6.08,65.2
2026-08-20 19:56:27,8156,40.83,8.57,0.0,6.18,65.0
2026-08-20 19:56:27,8157,38.14,63.94,23.37,6.11,69.0
2026-08-20 19:56:27,8158,38.69,7.57,0.0,5.35,65.0
2026-08-20 19:56:27,8159,40.41,9.45,0.0,5.68,65.0
2026-08-20 19:56:27,8160,39.0,31.48,22.35,6.69,71.7
2026-08-20 19:56:27,8161,38.79,11.95,0.0,6.71,82.1
2026-08-20 19:56:27,8162,42.16,9.82,0.0,7.49,0.0
2026-08-20 19:56:28,8163,39.34,65.87,22.47,6.28,73.3
2026-08-20 19:56:28,8164,37.48,35.46,0.0,11.99,68.3
2026-08-20 19:56:28,8165,38.61,9.43,0.0,7.2,65.0
2026-08-20 19:56:28,8166,37.39,32.44,22.61,7.41,75.0
2026-08-20 19:56:28,8167,38.2,8.38,0.0,5.74,65.0
2026-08-20 19:56:28,8168,39.99,11.14,0.0,8.59,65.0
2026-08-20 19:56:28,8169,37.58,42.85,23.83,6.58,72.8
2026-08-20 19:56:28,8170,40.89,9.95,0.0,7.44,75.0
2026-08-20 19:56:28,8171,41.01,17.72,0.0,6.48,67.5
2026-08-20 19:56:28,8172,39.12,31.46,22.24,6.99,71.7
2026-08-20 19:56:28,8173,39.57,7.35,0.0,5.16,66.7
2026-08-20 19:56:28,8174,41.89,7.3,0.0,5.12,65.0
2026-08-20 19:56:28,8175,39.15,60.97,24.68,5.77,71.4
2026-08-20 19:56:28,8176,37.7,23.24,0.0,5.96,64.3
2026-08-20 19:56:28,8177,39.86,8.23,0.0,5.75,70.0
2026-08-20 19:56:28,8178,38.76,27.37,19.98,5.17,76.3
2026-08-20 19:56:28,8179,38.54,7.72,0.0,5.46,59.1
2026-08-20 19:56:28,8180,40.89,8.85,0.0,6.64,70.0
2026-08-20 19:56:28,8181,38.19,65.0,24.35,5.96,71.3
2026-08-20 19:56:28,8182,39.11,7.61,0.0,5.39,66.7
2026-08-20 19:56:28,8183,41.33,7.91,0.0,2.36,75.0
2026-08-20 19:56:28,8184,40.12,31.46,26.3,2.65,76.8
2026-08-20 19:56:28,8185,39.36,25.39,0.0,2.94,62.5
2026-08-20 19:56:28,8186,43.4,5.9,0.0,3.7,65.0
2026-08-20 19:56:28,8187,40.44,62.44,23.4,2.24,68.7
2026-08-20 19:56:28,8188,38.65,27.26,0.0,5.1,67.8
2026-08-20 19:56:28,8189,38.43,7.23,0.0,5.03,67.5
2026-08-20 19:56:28,8190,37.12,30.72,21.51,5.06,68.3
2026-08-20 19:56:28,8191,38.16,4.84,0.0,2.59,66.7
2026-08-20 19:56:28,8192,40.01,7.4,0.0,3.25,83.8
2026-08-20 19:56:29,8193,37.61,53.72,25.59,3.4,70.9
2026-08-20 19:56:29,8194,40.43,6.39,0.0,4.14,20.0
2026-08-20 19:56:29,8195,40.81,13.0,0.0,2.42,75.0
2026-08-20 19:56:29,8196,39.92,27.87,23.29,2.75,70.0
2026-08-20 19:56:29,8197,38.72,16.62,0.0,5.39,75.0
2026-08-20 19:56:29,8198,39.23,8.53,0.0,6.3,68.3
2026-08-20 19:56:29,8199,36.96,52.81,23.05,2.82,71.4
2026-08-20 19:56:29,8200,35.75,29.58,0.0,2.32,61.4
2026-08-20 19:56:29,8201,36.34,5.63,0.0,3.34,74.4
2026-08-20 19:56:29,8202,35.25,29.4,24.79,2.34,70.0
2026-08-20 19:56:29,8203,35.8,5.96,0.0,2.7,73.2
2026-08-20 19:56:29,8204,38.98,4.68,0.0,2.48,73.7
2026-08-20 19:56:29,8205,36.52,58.24,23.68,7.87,70.0
2026-08-20 19:56:29,8206,39.6,9.61,0.0,7.0,81.0
2026-08-20 19:56:29,8207,40.41,14.62,0.0,2.37,65.0
2026-08-20 19:56:29,8208,39.37,29.19,24.94,2.85,75.0
2026-08-20 19:56:29,8209,38.64,16.6,0.0,2.46,67.5
2026-08-20 19:56:29,8210,40.04,4.63,0.0,2.42,85.0
2026-08-20 19:56:29,8211,37.44,60.01,20.87,6.51,68.8
2026-08-20 19:56:29,8212,36.11,22.82,0.0,4.73,72.1
2026-08-20 19:56:29,8213,38.42,7.87,0.0,4.66,65.0
2026-08-20 19:56:29,8214,37.36,28.36,21.56,3.74,70.0
2026-08-20 19:56:29,8215,36.81,11.74,0.0,7.52,78.0
2026-08-20 19:56:29,8216,36.9,7.01,0.0,4.18,72.5
2026-08-20 19:56:29,8217,34.91,50.64,26.57,4.93,68.8
2026-08-20 19:56:29,8218,36.13,8.77,0.0,5.28,65.0
2026-08-20 19:56:29,8219,37.65,16.2,0.0,6.13,70.0
2026-08-20 19:56:29,8220,36.81,30.5,21.71,5.5,70.0
2026-08-20 19:56:29,8221,36.67,12.22,0.0,4.02,66.7
2026-08-20 19:56:29,8222,36.57,8.29,0.0,5.13,72.5
2026-08-20 19:56:30,8223,34.67,48.99,23.93,4.3,75.3
2026-08-20 19:56:30,8224,33.68,26.87,0.0,3.75,65.9
2026-08-20 19:56:30,8225,33.77,9.32,0.0,5.59,67.5
2026-08-20 19:56:30,8226,33.1,30.2,20.77,5.6,75.9
2026-08-20 19:56:30,8227,33.56,9.51,0.0,5.61,59.1
2026-08-20 19:56:30,8228,36.4,10.89,0.0,5.45,75.0
2026-08-20 19:56:30,8229,34.38,56.82,23.75,5.37,71.2
2026-08-20 19:56:30,8230,37.86,8.77,0.0,5.27,75.0
2026-08-20 19:56:30,8231,38.0,18.12,0.0,4.14,70.0
2026-08-20 19:56:30,8232,36.34,33.42,24.74,5.48,71.7
2026-08-20 19:56:30,8233,35.82,17.46,0.0,13.13,72.5
2026-08-20 19:56:30,8234,36.59,8.48,0.0,4.4,70.0
2026-08-20 19:56:30,8235,35.02,40.9,22.0,4.79,71.8
2026-08-20 19:56:30,8236,33.76,37.55,0.0,5.81,64.3
2026-08-20 19:56:30,8237,36.55,9.58,0.0,5.61,80.0
2026-08-20 19:56:30,8238,35.5,28.63,21.81,3.68,73.3
2026-08-20 19:56:30,8239,35.54,8.45,0.0,5.21,69.2
2026-08-20 19:56:30,8240,37.98,9.18,0.0,5.68,70.0
2026-08-20 19:56:30,8241,35.63,62.14,24.61,5.8,65.9
2026-08-20 19:56:30,8242,35.98,8.21,0.0,4.01,70.0
2026-08-20 19:56:30,8243,39.15,11.07,0.0,7.51,73.7
2026-08-20 19:56:30,8244,37.79,30.42,23.56,3.82,68.3
2026-08-20 19:56:30,8245,37.83,8.74,0.0,5.29,74.4
2026-08-20 19:56:30,8246,42.27,8.33,0.0,4.74,70.0
2026-08-20 19:56:30,8247,39.52,56.75,21.81,5.19,70.0
2026-08-20 19:56:30,8248,37.74,25.33,0.0,4.75,73.8
2026-08-20 19:56:30,8249,40.9,7.74,0.0,4.23,68.4
2026-08-20 19:56:30,8250,39.16,34.84,25.39,5.37,68.3
2026-08-20 19:56:30,8251,39.92,8.21,0.0,5.05,61.9
2026-08-20 19:56:30,8252,44.63,7.3,0.0,4.55,95.2
2026-08-20 19:56:31,8253,41.46,64.65,24.07,5.71,74.3
2026-08-20 19:56:31,8254,41.86,7.12,0.0,3.89,65.0
2026-08-20 19:56:31,8255,43.07,10.67,0.0,5.31,70.0
2026-08-20 19:56:31,8256,41.49,31.35,21.58,6.38,70.7
2026-08-20 19:56:31,8257,40.95,11.5,0.0,5.28,68.2
2026-08-20 19:56:31,8258,44.15,9.07,0.0,5.33,70.0
2026-08-20 19:56:31,8259,41.2,61.52,20.82,3.97,70.7
2026-08-20 19:56:31,8260,39.4,25.25,0.0,4.06,61.9
2026-08-20 19:56:31,8261,40.89,11.61,0.0,5.46,83.3
2026-08-20 19:56:31,8262,38.95,26.66,19.92,3.62,69.5
2026-08-20 19:56:31,8263,40.43,13.33,0.0,4.2,68.0
2026-08-20 19:56:31,8264,39.96,9.36,0.0,5.25,80.0
2026-08-20 19:56:31,8265,37.7,51.48,23.89,5.37,64.6
2026-08-20 19:56:31,8266,39.27,7.16,0.0,3.93,65.0
2026-08-20 19:56:31,8267,40.28,12.47,0.0,5.68,76.3
2026-08-20 19:56:31,8268,39.32,29.03,20.82,5.02,77.5
2026-08-20 19:56:31,8269,38.65,12.12,0.0,4.84,69.2
2026-08-20 19:56:31,8270,38.11,10.18,0.0,6.99,64.3
2026-08-20 19:56:31,8271,35.99,54.44,23.55,4.12,77.4
2026-08-20 19:56:31,8272,35.02,28.92,0.0,3.82,68.9
2026-08-20 19:56:31,8273,38.64,9.21,0.0,5.33,78.9
2026-08-20 19:56:31,8274,37.66,30.61,21.8,5.51,72.5
2026-08-20 19:56:31,8275,37.0,16.35,0.0,4.0,69.0
2026-08-20 19:56:31,8276,37.42,8.68,0.0,5.45,70.0
2026-08-20 19:56:31,8277,35.24,56.88,20.57,4.7,72.7
2026-08-20 19:56:31,8278,38.35,9.35,0.0,5.98,60.9
2026-08-20 19:56:31,8279,38.63,17.78,0.0,4.21,65.0
2026-08-20 19:56:31,8280,37.1,28.96,22.01,3.85,78.3
2026-08-20 19:56:31,8281,37.18,7.31,0.0,4.2,67.5
2026-08-20 19:56:31,8282,40.15,7.3,0.0,4.17,68.2
2026-08-20 19:56:32,8283,37.64,57.48,22.58,4.29,70.9
2026-08-20 19:56:32,8284,36.19,37.26,0.0,4.1,72.1
2026-08-20 19:56:32,8285,37.76,8.57,0.0,4.13,71.4
2026-08-20 19:56:32,8286,36.49,32.99,24.49,5.15,70.7
2026-08-20 19:56:32,8287,37.11,8.39,0.0,5.16,70.0
2026-08-20 19:56:32,8288,39.97,7.5,0.0,3.81,70.0
2026-08-20 19:56:32,8289,37.48,58.12,20.7,5.41,74.7
2026-08-20 19:56:32,8290,40.47,9.46,0.0,6.28,59.1
2026-08-20 19:56:32,8291,39.91,22.11,0.0,5.03,67.5
2026-08-20 19:56:32,8292,38.13,35.66,27.75,4.22,71.7
2026-08-20 19:56:32,8293,40.01,14.22,0.0,5.05,65.0
2026-08-20 19:56:32,8294,41.64,7.11,0.0,4.01,70.0
2026-08-20 19:56:32,8295,39.0,56.53,20.47,4.61,69.6
2026-08-20 19:56:32,8296,37.28,39.02,0.0,5.48,68.9
2026-08-20 19:56:32,8297,39.67,8.28,0.0,5.13,70.0
2026-08-20 19:56:32,8298,38.46,28.96,20.97,4.09,78.3
2026-08-20 19:56:32,8299,38.27,8.48,0.0,5.31,59.1
2026-08-20 19:56:32,8300,40.99,7.82,0.0,4.4,75.0
2026-08-20 19:56:32,8301,38.26,64.45,23.7,5.13,69.0
2026-08-20 19:56:32,8302,38.94,8.43,0.0,5.15,76.2
2026-08-20 19:56:32,8303,40.52,10.68,0.0,5.44,83.3
2026-08-20 19:56:32,8304,39.26,30.47,21.76,5.57,68.2
2026-08-20 19:56:32,8305,39.03,9.97,0.0,4.91,71.8
2026-08-20 19:56:32,8306,42.26,8.11,0.0,4.64,86.7
2026-08-20 19:56:32,8307,39.37,66.66,22.79,5.24,64.4
2026-08-20 19:56:32,8308,38.07,25.13,0.0,3.96,67.8
2026-08-20 19:56:32,8309,41.14,7.62,0.0,3.88,81.0
2026-08-20 19:56:32,8310,39.23,37.57,24.18,10.1,71.2
2026-08-20 19:56:32,8311,40.24,16.64,0.0,4.5,70.0
2026-08-20 19:56:32,8312,43.47,7.58,0.0,4.47,71.4
2026-08-20 19:56:33,8313,40.45,67.14,23.36,5.84,70.4
2026-08-20 19:56:33,8314,39.61,17.83,0.0,12.48,70.7
2026-08-20 19:56:33,8315,41.79,9.33,0.0,5.91,75.0
2026-08-20 19:56:33,8316,39.98,28.88,21.88,3.81,67.5
2026-08-20 19:56:33,8317,39.72,8.66,0.0,5.36,70.7
2026-08-20 19:56:33,8318,42.14,8.28,0.0,5.02,81.0
2026-08-20 19:56:33,8319,39.57,53.06,25.13,5.23,70.4
2026-08-20 19:56:33,8320,38.15,29.92,0.0,4.52,65.0
2026-08-20 19:56:33,8321,38.14,8.72,0.0,5.55,72.5
2026-08-20 19:56:33,8322,36.69,34.99,24.99,5.2,68.9
2026-08-20 19:56:33,8323,38.01,7.01,0.0,3.87,65.0
2026-08-20 19:56:33,8324,39.78,8.78,0.0,4.73,70.0
2026-08-20 19:56:33,8325,37.53,50.73,20.57,5.54,70.0
2026-08-20 19:56:33,8326,38.54,8.09,0.0,5.08,65.0
2026-08-20 19:56:33,8327,39.24,14.23,0.0,4.39,73.7
2026-08-20 19:56:33,8328,37.57,27.08,19.18,4.75,74.5
2026-08-20 19:56:33,8329,38.48,16.46,0.0,4.19,55.6
2026-08-20 19:56:33,8330,37.72,16.85,0.0,13.23,69.0
2026-08-20 19:56:33,8331,35.86,37.67,23.24,3.72,70.0
2026-08-20 19:56:33,8332,34.75,30.97,0.0,3.82,75.0
2026-08-20 19:56:33,8333,35.45,7.87,0.0,4.81,61.9
2026-08-20 19:56:33,8334,34.57,29.77,22.21,3.92,76.3
2026-08-20 19:56:33,8335,34.87,8.51,0.0,4.52,82.4
2026-08-20 19:56:33,8336,37.93,7.81,0.0,4.52,66.7
2026-08-20 19:56:33,8337,35.59,60.65,24.74,6.99,67.1
2026-08-20 19:56:33,8338,35.86,8.22,0.0,4.73,70.7
2026-08-20 19:56:33,8339,40.1,9.34,0.0,5.74,0.0
2026-08-20 19:56:33,8340,38.41,33.35,22.88,4.42,73.3
2026-08-20 19:56:33,8341,39.14,7.41,0.0,3.65,71.1
2026-08-20 19:56:33,8342,41.16,8.11,0.0,3.95,68.2
2026-08-20 19:56:34,8343,38.51,60.7,24.41,5.73,73.1
2026-08-20 19:56:34,8344,37.21,21.26,0.0,5.05,70.0
2026-08-20 19:56:34,8345,39.14,8.03,0.0,4.94,63.6
2026-08-20 19:56:34,8346,37.86,30.46,23.55,3.87,75.0
2026-08-20 19:56:34,8347,37.95,8.36,0.0,4.17,71.8
2026-08-20 19:56:34,8348,40.55,8.7,0.0,5.42,75.0
2026-08-20 19:56:34,8349,37.94,65.72,19.85,6.23,76.5
2026-08-20 19:56:34,8350,38.24,6.9,0.0,3.75,66.7
2026-08-20 19:56:34,8351,40.0,8.77,0.0,4.17,65.0
2026-08-20 19:56:34,8352,38.54,32.16,23.73,5.06,75.0
2026-08-20 19:56:34,8353,38.9,9.15,0.0,4.22,71.8
2026-08-20 19:56:34,8354,41.4,8.97,0.0,5.87,81.0
2026-08-20 19:56:34,8355,38.7,62.31,20.98,3.73,69.6
2026-08-20 19:56:34,8356,36.81,34.41,0.0,10.2,73.8
2026-08-20 19:56:34,8357,37.73,8.73,0.0,4.94,73.9
2026-08-20 19:56:34,8358,36.76,28.37,20.02,5.25,78.9
2026-08-20 19:56:34,8359,39.95,10.91,0.0,4.44,84.0
2026-08-20 19:56:34,8360,39.44,8.5,0.0,5.28,72.5
2026-08-20 19:56:34,8361,37.21,50.8,22.39,4.83,72.3
2026-08-20 19:56:34,8362,38.18,8.55,0.0,5.43,65.0
2026-08-20 19:56:34,8363,38.92,14.48,0.0,4.82,85.7
2026-08-20 19:56:34,8364,37.07,32.22,24.58,4.45,67.7
2026-08-20 19:56:34,8365,37.53,8.15,0.0,5.01,65.0
2026-08-20 19:56:34,8366,40.55,6.94,0.0,3.8,65.0
2026-08-20 19:56:34,8367,38.16,51.93,22.66,3.88,68.8
2026-08-20 19:56:34,8368,36.69,31.13,0.0,3.85,69.5
2026-08-20 19:56:34,8369,40.67,9.05,0.0,5.93,81.2
2026-08-20 19:56:34,8370,39.3,33.33,24.23,5.54,61.7
2026-08-20 19:56:34,8371,38.3,19.92,0.0,5.84,82.9
2026-08-20 19:56:34,8372,39.64,8.2,0.0,5.01,70.0
2026-08-20 19:56:35,8373,37.3,53.8,21.02,4.12,75.0
2026-08-20 19:56:35,8374,38.75,9.63,0.0,6.18,80.0
2026-08-20 19:56:35,8375,38.81,19.04,0.0,6.04,60.0
2026-08-20 19:56:35,8376,37.28,30.02,21.67,5.24,71.2
2026-08-20 19:56:35,8377,37.56,7.03,0.0,3.92,78.3
2026-08-20 19:56:35,8378,39.85,7.55,0.0,4.2,79.4
2026-08-20 19:56:35,8379,37.07,74.44,36.06,6.86,81.1
2026-08-20 19:56:35,8380,37.46,15.81,0.0,4.25,70.0
2026-08-20 19:56:35,8381,38.46,8.43,0.0,4.71,77.5
2026-08-20 19:56:35,8382,37.31,29.98,22.34,4.17,74.4
2026-08-20 19:56:35,8383,37.29,8.89,0.0,5.76,68.3
2026-08-20 19:56:35,8384,40.06,8.33,0.0,5.0,83.3
2026-08-20 19:56:35,8385,37.54,59.51,22.36,5.56,67.9
2026-08-20 19:56:35,8386,37.45,8.33,0.0,4.18,67.5
2026-08-20 19:56:35,8387,40.01,8.2,0.0,5.08,66.7
2026-08-20 19:56:35,8388,38.53,32.38,22.76,4.41,75.0
2026-08-20 19:56:35,8389,39.32,6.86,0.0,3.72,67.5
2026-08-20 19:56:35,8390,41.65,6.84,0.0,3.79,68.4
2026-08-20 19:56:35,8391,38.92,60.39,22.7,3.91,65.4
2026-08-20 19:56:35,8392,37.43,23.55,0.0,4.04,76.7
2026-08-20 19:56:35,8393,40.15,6.89,0.0,3.97,81.0
2026-08-20 19:56:35,8394,38.78,29.2,20.81,5.32,81.0
2026-08-20 19:56:35,8395,38.95,6.92,0.0,3.8,83.7
2026-08-20 19:56:35,8396,41.28,7.02,0.0,3.89,70.0
2026-08-20 19:56:35,8397,38.6,60.25,19.55,5.08,68.8
2026-08-20 19:56:35,8398,38.54,7.03,0.0,3.92,70.0
2026-08-20 19:56:35,8399,39.45,12.06,0.0,5.72,65.0
2026-08-20 19:56:35,8400,37.55,29.45,20.54,4.08,69.2
2026-08-20 19:56:35,8401,37.53,8.19,0.0,5.07,63.6
2026-08-20 19:56:35,8402,40.83,7.37,0.0,4.05,70.0
2026-08-20 19:56:36,8403,38.5,48.38,22.72,4.13,70.0
2026-08-20 19:56:36,8404,37.06,26.32,0.0,4.24,66.7
2026-08-20 19:56:36,8405,39.65,10.2,0.0,5.91,81.8
2026-08-20 19:56:36,8406,38.53,29.73,20.38,5.22,63.6
2026-08-20 19:56:36,8407,38.01,11.91,0.0,4.5,70.7
2026-08-20 19:56:36,8408,37.81,8.54,0.0,5.45,61.9
2026-08-20 19:56:36,8409,35.72,52.7,22.07,4.9,71.6
2026-08-20 19:56:36,8410,37.97,7.25,0.0,3.97,65.0
2026-08-20 19:56:36,8411,38.06,17.15,0.0,6.06,67.5
2026-08-20 19:56:36,8412,36.33,33.65,23.92,5.65,71.7
2026-08-20 19:56:36,8413,37.6,7.07,0.0,3.87,80.0
2026-08-20 19:56:36,8414,39.68,8.23,0.0,5.12,75.0
2026-08-20 19:56:36,8415,37.28,55.87,21.4,6.14,73.2
2026-08-20 19:56:36,8416,35.35,47.99,0.0,3.88,63.5
2026-08-20 19:56:36,8417,35.89,8.99,0.0,4.34,78.9
2026-08-20 19:56:36,8418,35.14,29.32,22.26,3.98,66.7
2026-08-20 19:56:36,8419,35.45,8.43,0.0,4.51,75.0
2026-08-20 19:56:36,8420,38.62,7.3,0.0,3.98,71.4
2026-08-20 19:56:36,8421,36.66,44.24,21.61,5.42,63.1
2026-08-20 19:56:36,8422,36.89,6.99,0.0,3.85,80.6
2026-08-20 19:56:36,8423,38.99,8.1,0.0,5.08,62.5
2026-08-20 19:56:36,8424,37.1,41.79,23.71,12.01,81.0
2026-08-20 19:56:36,8425,40.58,8.26,0.0,5.04,63.6
2026-08-20 19:56:36,8426,43.33,6.95,0.0,3.83,73.7
2026-08-20 19:56:36,8427,40.41,61.33,23.24,5.38,69.5
2026-08-20 19:56:36,8428,38.1,39.59,0.0,4.45,73.2
2026-08-20 19:56:36,8429,40.98,7.14,0.0,3.88,70.0
2026-08-20 19:56:36,8430,39.3,32.48,25.43,3.77,69.8
2026-08-20 19:56:36,8431,39.81,8.07,0.0,3.93,70.0
2026-08-20 19:56:36,8432,41.69,8.9,0.0,3.87,65.0
2026-08-20 19:56:37,8433,39.33,48.81,21.59,5.95,74.4
2026-08-20 19:56:37,8434,40.08,7.14,0.0,3.9,59.1
2026-08-20 19:56:37,8435,40.74,12.65,0.0,6.21,76.2
2026-08-20 19:56:37,8436,38.67,30.94,21.93,5.03,75.0
2026-08-20 19:56:37,8437,38.83,8.74,0.0,5.5,82.1
2026-08-20 19:56:37,8438,42.02,7.92,0.0,3.79,68.2
2026-08-20 19:56:37,8439,39.36,56.67,20.32,12.36,75.9
2026-08-20 19:56:37,8440,37.38,45.2,0.0,3.98,67.7
2026-08-20 19:56:37,8441,37.5,7.66,0.0,4.47,70.0
2026-08-20 19:56:37,8442,36.44,29.79,22.46,3.72,68.3
2026-08-20 19:56:37,8443,36.66,7.76,0.0,3.96,75.0
2026-08-20 19:56:37,8444,39.41,8.33,0.0,5.17,65.0
2026-08-20 19:56:37,8445,37.52,41.59,24.56,5.42,71.7
2026-08-20 19:56:37,8446,40.57,8.37,0.0,5.11,65.0
2026-08-20 19:56:37,8447,40.35,18.4,0.0,6.18,70.0
2026-08-20 19:56:37,8448,38.59,30.78,23.65,3.96,72.4
2026-08-20 19:56:37,8449,38.86,7.04,0.0,3.84,59.1
2026-08-20 19:56:37,8450,41.13,7.31,0.0,3.89,65.0
2026-08-20 19:56:37,8451,38.52,61.79,22.47,5.41,72.5
2026-08-20 19:56:37,8452,36.47,49.76,0.0,4.03,74.1
2026-08-20 19:56:37,8453,37.27,8.69,0.0,4.3,70.0
2026-08-20 19:56:37,8454,36.19,30.46,23.42,3.8,77.6
2026-08-20 19:56:37,8455,36.44,9.26,0.0,6.09,71.1
2026-08-20 19:56:37,8456,39.36,8.45,0.0,5.17,62.5
2026-08-20 19:56:37,8457,37.35,44.81,21.86,5.83,68.9
2026-08-20 19:56:37,8458,37.55,7.24,0.0,4.12,59.1
2026-08-20 19:56:37,8459,39.81,7.88,0.0,4.54,80.0
2026-08-20 19:56:37,8460,38.49,29.96,21.97,4.93,70.7
2026-08-20 19:56:37,8461,38.29,9.39,0.0,5.33,65.1
2026-08-20 19:56:37,8462,41.96,7.74,0.0,4.42,75.0
2026-08-20 19:56:38,8463,39.25,58.75,22.39,3.99,71.6
2026-08-20 19:56:38,8464,37.01,40.94,0.0,4.78,67.5
2026-08-20 19:56:38,8465,40.68,7.0,0.0,3.93,100.0
2026-08-20 19:56:38,8466,38.92,34.23,27.38,3.81,73.2
2026-08-20 19:56:38,8467,39.92,7.04,0.0,4.52,81.1
2026-08-20 19:56:38,8468,40.78,12.2,0.0,6.2,78.3
2026-08-20 19:56:38,8469,38.18,59.8,32.76,8.39,84.1
2026-08-20 19:56:38,8470,39.2,13.75,0.0,6.93,80.0
2026-08-20 19:56:38,8471,40.28,13.24,0.0,7.28,90.0
2026-08-20 19:56:38,8472,38.34,41.79,32.57,5.78,82.0
2026-08-20 19:56:38,8473,40.38,13.08,0.0,8.88,90.0
2026-08-20 19:56:38,8474,43.24,10.09,0.0,6.43,95.5
2026-08-20 19:56:38,8475,40.63,52.54,25.0,4.73,78.8
2026-08-20 19:56:38,8476,38.29,47.96,0.0,6.19,82.0
2026-08-20 19:56:38,8477,38.23,9.93,0.0,6.37,75.6
2026-08-20 19:56:38,8478,36.7,37.7,28.47,5.57,77.0
2026-08-20 19:56:38,8479,37.98,9.61,0.0,6.32,65.0
2026-08-20 19:56:38,8480,41.31,7.9,0.0,4.63,80.0
2026-08-20 19:56:38,8481,39.31,42.82,25.0,6.06,78.3
2026-08-20 19:56:38,8482,41.53,8.33,0.0,5.47,70.0
2026-08-20 19:56:38,8483,41.26,19.3,0.0,7.44,87.5
2026-08-20 19:56:38,8484,39.42,31.4,23.93,4.34,79.3
2026-08-20 19:56:38,8485,39.61,7.46,0.0,4.33,59.1
2026-08-20 19:56:38,8486,41.66,8.27,0.0,4.26,65.0
2026-08-20 19:56:38,8487,39.16,53.01,20.06,4.22,69.1
2026-08-20 19:56:38,8488,36.93,49.33,0.0,3.99,69.1
2026-08-20 19:56:38,8489,37.45,9.55,0.0,5.46,65.0
2026-08-20 19:56:38,8490,36.41,30.56,23.04,4.22,75.0
2026-08-20 19:56:38,8491,36.78,8.44,0.0,5.24,58.3
2026-08-20 19:56:38,8492,39.82,7.36,0.0,3.91,65.0
2026-08-20 19:56:39,8493,37.78,43.37,22.54,6.2,75.9
2026-08-20 19:56:39,8494,37.73,7.13,0.0,3.91,56.5
2026-08-20 19:56:39,8495,39.66,8.71,0.0,5.48,85.7
2026-08-20 19:56:39,8496,38.18,33.92,24.39,3.79,73.3
2026-08-20 19:56:39,8497,39.01,8.02,0.0,4.02,66.7
2026-08-20 19:56:39,8498,41.12,9.66,0.0,6.39,65.0
2026-08-20 19:56:39,8499,38.4,65.16,26.64,5.17,69.3
2026-08-20 19:56:39,8500,36.38,40.81,0.0,4.79,71.4
2026-08-20 19:56:39,8501,36.11,8.05,0.0,3.97,56.5
2026-08-20 19:56:39,8502,35.04,31.35,21.2,4.89,76.3
2026-08-20 19:56:39,8503,35.63,7.8,0.0,4.54,63.6
2026-08-20 19:56:39,8504,37.97,8.28,0.0,5.18,82.4
2026-08-20 19:56:39,8505,36.73,31.29,22.7,5.28,66.0
2026-08-20 19:56:39,8506,37.26,8.13,0.0,5.02,78.0
2026-08-20 19:56:39,8507,39.1,10.01,0.0,3.96,75.0
2026-08-20 19:56:39,8508,37.85,31.72,22.32,6.18,73.8
2026-08-20 19:56:39,8509,37.85,10.56,0.0,6.14,76.9
2026-08-20 19:56:39,8510,40.92,9.18,0.0,4.06,73.7
2026-08-20 19:56:39,8511,38.27,62.47,22.89,3.93,67.1
2026-08-20 19:56:39,8512,38.54,8.33,0.0,5.25,70.0
2026-08-20 19:56:39,8513,37.57,27.03,0.0,3.82,71.8
2026-08-20 19:56:39,8514,35.73,32.75,24.59,4.07,68.9
2026-08-20 19:56:39,8515,36.33,8.68,0.0,4.43,73.7
2026-08-20 19:56:39,8516,39.06,9.29,0.0,5.09,72.7
2026-08-20 19:56:39,8517,36.9,51.65,21.04,4.81,76.3
2026-08-20 19:56:39,8518,37.93,9.35,0.0,4.19,52.0
2026-08-20 19:56:39,8519,38.55,16.05,0.0,6.16,65.0
2026-08-20 19:56:39,8520,36.76,32.92,24.47,5.47,77.0
2026-08-20 19:56:39,8521,37.66,7.82,0.0,4.28,78.0
2026-08-20 19:56:39,8522,40.51,6.91,0.0,3.85,88.9
2026-08-20 19:56:40,8523,38.05,58.28,20.95,4.65,69.9
2026-08-20 19:56:40,8524,40.18,7.18,0.0,3.89,65.0
2026-08-20 19:56:40,8525,38.33,37.34,0.0,6.96,70.0
2026-08-20 19:56:40,8526,36.97,30.23,21.68,4.4,67.5
2026-08-20 19:56:40,8527,36.98,9.24,0.0,5.56,67.5
2026-08-20 19:56:40,8528,39.68,8.89,0.0,5.51,65.0
2026-08-20 19:56:40,8529,37.27,57.33,22.52,5.41,71.2
2026-08-20 19:56:40,8530,40.14,9.97,0.0,6.59,70.0
2026-08-20 19:56:40,8531,39.62,22.65,0.0,5.21,82.5
2026-08-20 19:56:40,8532,38.21,30.91,23.22,3.78,76.8
2026-08-20 19:56:40,8533,38.73,17.57,0.0,5.15,58.3
2026-08-20 19:56:40,8534,40.65,7.59,0.0,4.16,70.0
2026-08-20 19:56:40,8535,38.08,59.78,23.66,4.43,71.4
2026-08-20 19:56:40,8536,42.88,7.9,0.0,4.34,58.8
2026-08-20 19:56:40,8537,40.66,40.07,0.0,4.83,68.3
2026-08-20 19:56:40,8538,39.39,28.56,21.24,4.0,79.0
2026-08-20 19:56:40,8539,39.1,8.96,0.0,5.01,70.0
2026-08-20 19:56:40,8540,41.93,7.81,0.0,4.22,75.0
2026-08-20 19:56:40,8541,39.15,62.27,21.18,5.41,70.7
2026-08-20 19:56:40,8542,39.54,7.01,0.0,3.8,66.7
2026-08-20 19:56:40,8543,40.61,10.86,0.0,6.29,85.0
2026-08-20 19:56:40,8544,39.22,32.41,23.09,6.06,69.0
2026-08-20 19:56:40,8545,39.09,11.04,0.0,3.71,72.5
2026-08-20 19:56:40,8546,43.25,8.63,0.0,4.97,0.0
2026-08-20 19:56:40,8547,40.3,65.37,23.83,3.77,72.5
2026-08-20 19:56:40,8548,40.76,9.16,0.0,4.18,69.2
2026-08-20 19:56:40,8549,39.03,35.68,0.0,11.2,65.9
2026-08-20 19:56:40,8550,37.48,30.52,20.94,5.38,71.2
2026-08-20 19:56:40,8551,37.73,7.4,0.0,3.92,83.3
2026-08-20 19:56:40,8552,40.02,8.11,0.0,4.71,65.2
2026-08-20 19:56:41,8553,37.64,53.62,24.95,4.97,74.7
2026-08-20 19:56:41,8554,40.07,7.08,0.0,3.93,71.4
2026-08-20 19:56:41,8555,40.38,14.5,0.0,4.31,94.7
2026-08-20 19:56:41,8556,38.47,30.12,22.89,3.91,66.1
2026-08-20 19:56:41,8557,38.51,7.76,0.0,3.95,72.5
2026-08-20 19:56:41,8558,41.17,7.15,0.0,3.7,84.2
2026-08-20 19:56:41,8559,38.62,54.7,22.54,3.99,67.9
2026-08-20 19:56:41,8560,41.42,7.22,0.0,3.99,75.0
2026-08-20 19:56:41,8561,39.72,32.11,0.0,3.82,63.4
2026-08-20 19:56:41,8562,38.01,29.86,20.08,6.3,77.6
2026-08-20 19:56:41,8563,36.97,18.04,0.0,12.84,67.2
2026-08-20 19:56:41,8564,37.82,8.09,0.0,4.8,59.1
2026-08-20 19:56:41,8565,36.11,40.7,21.87,6.48,76.7
2026-08-20 19:56:41,8566,38.67,8.91,0.0,5.48,65.0
2026-08-20 19:56:41,8567,38.18,22.53,0.0,6.92,72.5
2026-08-20 19:56:41,8568,36.7,33.74,26.23,3.81,73.3
2026-08-20 19:56:41,8569,37.86,7.44,0.0,4.15,70.0
2026-08-20 19:56:41,8570,40.93,7.05,0.0,3.71,65.0
2026-08-20 19:56:41,8571,38.21,63.46,25.63,5.07,67.0
2026-08-20 19:56:41,8572,38.74,7.86,0.0,4.77,70.0
2026-08-20 19:56:41,8573,37.36,32.16,0.0,13.51,75.0
2026-08-20 19:56:41,8574,35.38,41.42,24.27,13.4,73.3
2026-08-20 19:56:41,8575,38.88,7.61,0.0,4.11,65.0
2026-08-20 19:56:41,8576,41.37,7.32,0.0,3.98,75.0
2026-08-20 19:56:41,8577,39.11,44.93,21.43,6.2,72.4
2026-08-20 19:56:41,8578,39.13,7.36,0.0,4.15,54.2
2026-08-20 19:56:41,8579,41.08,9.39,0.0,3.93,65.0
2026-08-20 19:56:41,8580,39.21,38.0,20.94,13.49,68.3
2026-08-20 19:56:41,8581,40.35,10.12,0.0,4.9,70.0
2026-08-20 19:56:41,8582,43.76,8.68,0.0,5.15,75.0
2026-08-20 19:56:42,8583,40.74,66.45,25.06,3.74,72.0
2026-08-20 19:56:42,8584,40.58,12.53,0.0,8.99,73.0
2026-08-20 19:56:42,8585,39.78,27.16,0.0,4.1,67.4
2026-08-20 19:56:42,8586,38.58,31.6,23.64,4.69,73.7
2026-08-20 19:56:42,8587,37.93,14.84,0.0,6.49,69.0
2026-08-20 19:56:42,8588,37.94,9.2,0.0,5.76,72.5
2026-08-20 19:56:42,8589,35.84,52.41,25.05,4.79,73.3
2026-08-20 19:56:42,8590,37.77,6.99,0.0,3.96,73.0
2026-08-20 19:56:42,8591,38.47,14.4,0.0,4.85,58.3
2026-08-20 19:56:42,8592,36.64,32.28,24.54,4.64,75.0
2026-08-20 19:56:42,8593,37.1,8.52,0.0,5.11,70.0
2026-08-20 19:56:42,8594,40.11,8.44,0.0,4.02,83.3
2026-08-20 19:56:42,8595,37.66,56.34,22.36,5.51,72.2
2026-08-20 19:56:42,8596,39.84,10.69,0.0,4.3,63.6
2026-08-20 19:56:42,8597,38.6,31.08,0.0,3.98,68.3
2026-08-20 19:56:42,8598,36.9,29.99,21.68,4.91,74.6
2026-08-20 19:56:42,8599,37.07,7.9,0.0,4.28,72.5
2026-08-20 19:56:42,8600,39.47,8.25,0.0,4.89,63.6
2026-08-20 19:56:42,8601,36.99,60.23,24.71,7.74,68.8
2026-08-20 19:56:42,8602,37.17,7.52,0.0,4.01,80.0
2026-08-20 19:56:42,8603,39.11,8.98,0.0,5.1,71.4
2026-08-20 19:56:42,8604,37.77,32.51,22.97,4.82,70.0
2026-08-20 19:56:42,8605,38.18,8.39,0.0,4.96,72.5
2026-08-20 19:56:42,8606,40.94,8.58,0.0,4.19,71.4
2026-08-20 19:56:42,8607,38.34,59.72,22.81,5.89,72.2
2026-08-20 19:56:42,8608,43.21,7.73,0.0,4.44,68.4
2026-08-20 19:56:42,8609,41.04,38.14,0.0,5.01,77.3
2026-08-20 19:56:42,8610,39.6,28.16,21.12,3.93,67.5
2026-08-20 19:56:42,8611,39.14,8.8,0.0,5.13,70.0
2026-08-20 19:56:42,8612,42.04,7.44,0.0,3.79,75.0
2026-08-20 19:56:43,8613,39.26,61.36,23.72,5.65,72.4
2026-08-20 19:56:43,8614,39.42,8.26,0.0,4.21,59.1
2026-08-20 19:56:43,8615,40.8,11.11,0.0,4.99,80.0
2026-08-20 19:56:43,8616,39.24,34.84,25.35,4.22,70.0
2026-08-20 19:56:43,8617,39.61,10.56,0.0,5.26,80.0
2026-08-20 19:56:43,8618,42.56,8.92,0.0,4.86,75.0
2026-08-20 19:56:43,8619,39.72,63.48,22.69,5.3,71.3
2026-08-20 19:56:43,8620,40.08,7.26,0.0,3.82,65.0
2026-08-20 19:56:43,8621,39.15,23.79,0.0,4.69,65.0
2026-08-20 19:56:43,8622,37.94,29.34,21.85,4.17,76.3
2026-08-20 19:56:43,8623,37.23,28.84,0.0,7.33,72.5
2026-08-20 19:56:43,8624,37.39,7.5,0.0,4.2,66.7
2026-08-20 19:56:43,8625,35.43,47.93,25.53,3.79,71.2
2026-08-20 19:56:43,8626,36.24,8.29,0.0,5.13,69.2
2026-08-20 19:56:43,8627,37.84,11.51,0.0,5.46,78.9
2026-08-20 19:56:43,8628,36.72,32.99,23.93,5.59,69.8
2026-08-20 19:56:43,8629,36.9,11.6,0.0,5.49,67.5
2026-08-20 19:56:43,8630,36.73,8.12,0.0,4.83,71.1
2026-08-20 19:56:43,8631,34.75,51.1,24.3,3.92,72.6
2026-08-20 19:56:43,8632,35.7,11.15,0.0,5.42,75.0
2026-08-20 19:56:43,8633,35.24,26.43,0.0,3.69,79.5
2026-08-20 19:56:43,8634,34.38,32.63,24.16,5.01,73.2
2026-08-20 19:56:43,8635,34.63,14.48,0.0,5.15,70.0
2026-08-20 19:56:43,8636,35.03,9.45,0.0,4.95,70.0
2026-08-20 19:56:43,8637,33.13,55.63,23.26,5.26,72.4
2026-08-20 19:56:43,8638,36.32,8.48,0.0,5.33,60.9
2026-08-20 19:56:43,8639,36.12,21.62,0.0,6.28,69.2
2026-08-20 19:56:43,8640,35.08,28.88,20.59,5.24,70.7
2026-08-20 19:56:43,8641,35.57,6.96,0.0,3.91,65.9
2026-08-20 19:56:43,8642,37.8,8.2,0.0,5.15,75.0
2026-08-20 19:56:44,8643,35.56,57.22,22.95,5.59,71.8
2026-08-20 19:56:44,8644,40.22,6.87,0.0,3.78,63.6
2026-08-20 19:56:44,8645,38.3,38.34,0.0,5.17,69.5
2026-08-20 19:56:44,8646,37.19,27.55,20.49,4.05,73.2
2026-08-20 19:56:44,8647,36.8,9.64,0.0,6.39,65.0
2026-08-20 19:56:44,8648,40.37,8.46,0.0,4.48,73.7
2026-08-20 19:56:44,8649,37.76,62.33,22.92,7.12,70.4
2026-08-20 19:56:44,8650,41.18,10.0,0.0,5.92,81.0
2026-08-20 19:56:44,8651,40.76,23.21,0.0,4.88,68.3
2026-08-20 19:56:44,8652,39.24,30.17,21.9,3.69,78.6
2026-08-20 19:56:44,8653,39.26,8.08,0.0,4.56,58.3
2026-08-20 19:56:44,8654,41.48,8.49,0.0,5.28,65.0
2026-08-20 19:56:44,8655,38.78,61.58,23.76,4.13,72.9
2026-08-20 19:56:44,8656,38.73,8.2,0.0,4.07,54.2
2026-08-20 19:56:44,8657,38.14,23.44,0.0,4.11,70.0
2026-08-20 19:56:44,8658,37.0,29.58,21.14,5.29,74.1
2026-08-20 19:56:44,8659,37.04,9.26,0.0,4.83,56.5
2026-08-20 19:56:44,8660,41.02,9.3,0.0,5.46,75.0
2026-08-20 19:56:44,8661,38.31,62.16,22.52,5.09,67.0
2026-08-20 19:56:44,8662,40.62,9.9,0.0,6.87,80.0
2026-08-20 19:56:44,8663,40.26,12.09,0.0,4.08,78.4
2026-08-20 19:56:44,8664,38.25,30.41,23.22,3.92,70.5
2026-08-20 19:56:44,8665,38.27,8.35,0.0,5.16,59.1
2026-08-20 19:56:44,8666,40.62,8.53,0.0,5.26,70.0
2026-08-20 19:56:44,8667,38.11,57.06,24.51,5.53,74.2
2026-08-20 19:56:44,8668,40.89,8.73,0.0,5.61,58.3
2026-08-20 19:56:44,8669,39.62,28.27,0.0,4.77,66.7
2026-08-20 19:56:44,8670,38.65,29.45,21.74,4.24,70.0
2026-08-20 19:56:44,8671,38.13,12.01,0.0,3.83,65.0
2026-08-20 19:56:44,8672,37.98,8.3,0.0,4.97,76.3
2026-08-20 19:56:45,8673,35.79,54.58,24.89,5.0,68.8
2026-08-20 19:56:45,8674,38.6,7.68,0.0,4.14,76.5
2026-08-20 19:56:45,8675,38.55,17.89,0.0,5.46,61.5
2026-08-20 19:56:45,8676,37.04,29.16,20.73,5.25,69.5
2026-08-20 19:56:45,8677,37.3,7.34,0.0,4.2,75.0
2026-08-20 19:56:45,8678,39.9,7.19,0.0,4.03,81.0
2026-08-20 19:56:45,8679,37.46,55.33,22.49,4.31,70.9
2026-08-20 19:56:45,8680,40.31,7.22,0.0,4.16,63.6
2026-08-20 19:56:45,8681,38.52,39.49,0.0,5.67,72.4
2026-08-20 19:56:45,8682,37.09,29.67,22.39,4.04,66.7
2026-08-20 19:56:45,8683,37.14,8.29,0.0,4.15,71.4
2026-08-20 19:56:45,8684,39.24,9.5,0.0,6.23,70.0
2026-08-20 19:56:45,8685,36.87,57.83,24.75,4.88,72.5
2026-08-20 19:56:45,8686,39.58,9.92,0.0,5.51,81.0
2026-08-20 19:56:45,8687,39.56,19.33,0.0,7.05,70.0
2026-08-20 19:56:45,8688,38.03,29.6,21.24,5.3,92.9
2026-08-20 19:56:45,8689,38.39,7.17,0.0,3.95,70.0
2026-08-20 19:56:45,8690,40.02,9.39,0.0,5.24,95.0
2026-08-20 19:56:45,8691,37.62,55.75,20.89,4.25,67.9
2026-08-20 19:56:45,8692,41.52,8.45,0.0,5.29,65.0
2026-08-20 19:56:45,8693,39.49,36.63,0.0,4.43,73.8
2026-08-20 19:56:45,8694,37.82,33.01,25.21,4.37,73.3
2026-08-20 19:56:45,8695,38.13,9.38,0.0,6.22,71.4
2026-08-20 19:56:45,8696,40.33,10.08,0.0,4.76,65.0
2026-08-20 19:56:45,8697,37.76,62.31,24.59,4.98,71.0
2026-08-20 19:56:45,8698,38.26,7.17,0.0,3.93,65.0
2026-08-20 19:56:45,8699,40.01,9.1,0.0,4.98,65.0
2026-08-20 19:56:45,8700,38.86,28.23,19.15,5.62,79.2
2026-08-20 19:56:45,8701,38.73,8.29,0.0,4.18,48.1
2026-08-20 19:56:45,8702,40.89,8.75,0.0,3.7,75.0
2026-08-20 19:56:46,8703,38.16,66.46,23.5,5.25,72.0
2026-08-20 19:56:46,8704,39.06,8.16,0.0,4.69,66.7
2026-08-20 19:56:46,8705,38.3,24.0,0.0,3.83,75.5
2026-08-20 19:56:46,8706,36.93,33.14,23.78,6.02,63.8
2026-08-20 19:56:46,8707,37.24,10.08,0.0,4.24,74.4
2026-08-20 19:56:46,8708,41.27,7.02,0.0,3.92,82.4
2026-08-20 19:56:46,8709,38.45,67.21,24.69,4.86,66.7
2026-08-20 19:56:46,8710,39.4,8.56,0.0,5.39,76.9
2026-08-20 19:56:46,8711,39.9,15.06,0.0,5.93,96.3
2026-08-20 19:56:46,8712,37.9,33.95,24.8,3.79,71.7
2026-08-20 19:56:46,8713,38.61,8.1,0.0,4.97,77.5
2026-08-20 19:56:46,8714,40.6,9.22,0.0,5.16,75.0
2026-08-20 19:56:46,8715,38.39,47.38,21.4,4.39,68.3
2026-08-20 19:56:46,8716,38.83,8.28,0.0,5.17,71.8
2026-08-20 19:56:46,8717,37.54,30.82,0.0,5.38,70.7
2026-08-20 19:56:46,8718,35.88,31.06,23.16,3.83,74.6
2026-08-20 19:56:46,8719,39.9,9.5,0.0,3.97,80.0
2026-08-20 19:56:46,8720,43.62,8.69,0.0,5.31,71.4
2026-08-20 19:56:46,8721,40.54,71.06,24.62,5.85,68.3
2026-08-20 19:56:46,8722,42.92,7.18,0.0,3.8,65.0
2026-08-20 19:56:46,8723,43.29,12.65,0.0,3.95,80.0
2026-08-20 19:56:46,8724,40.9,32.0,24.72,3.99,73.4
2026-08-20 19:56:46,8725,43.55,11.9,0.0,6.24,63.6
2026-08-20 19:56:46,8726,43.14,9.08,0.0,4.32,65.0
2026-08-20 19:56:46,8727,40.39,57.01,20.66,10.42,68.8
2026-08-20 19:56:46,8728,44.15,7.33,0.0,4.08,70.0
2026-08-20 19:56:46,8729,42.25,31.07,0.0,3.84,68.3
2026-08-20 19:56:46,8730,40.02,33.7,24.22,6.06,68.3
2026-08-20 19:56:46,8731,40.57,8.71,0.0,4.34,100.0
2026-08-20 19:56:46,8732,42.86,8.48,0.0,4.89,75.0
2026-08-20 19:56:47,8733,40.13,56.58,22.55,5.38,76.0
2026-08-20 19:56:47,8734,41.98,11.14,0.0,7.61,62.5
2026-08-20 19:56:47,8735,42.03,18.69,0.0,4.67,71.4
2026-08-20 19:56:47,8736,40.03,31.91,23.92,5.31,68.3
2026-08-20 19:56:47,8737,39.23,15.67,0.0,11.91,75.6
2026-08-20 19:56:47,8738,39.55,8.31,0.0,5.03,80.0
2026-08-20 19:56:47,8739,37.53,43.95,23.22,5.01,64.6
2026-08-20 19:56:47,8740,40.76,9.02,0.0,5.63,66.7
2026-08-20 19:56:47,8741,39.05,37.01,0.0,4.83,65.0
2026-08-20 19:56:47,8742,37.58,30.57,22.5,4.86,74.6
2026-08-20 19:56:47,8743,36.62,18.21,0.0,13.72,70.7
2026-08-20 19:56:47,8744,37.94,7.3,0.0,3.99,72.5
2026-08-20 19:56:47,8745,35.96,46.89,23.47,5.13,70.5
2026-08-20 19:56:47,8746,36.91,6.96,0.0,3.85,69.2
2026-08-20 19:56:47,8747,38.06,12.64,0.0,5.15,90.9
2026-08-20 19:56:47,8748,36.3,29.99,22.06,3.99,71.2
2026-08-20 19:56:47,8749,40.65,7.11,0.0,4.06,71.4
2026-08-20 19:56:47,8750,40.32,8.32,0.0,4.06,73.7
2026-08-20 19:56:47,8751,37.76,60.02,23.73,11.36,67.5
2026-08-20 19:56:47,8752,37.82,7.59,0.0,4.17,74.4
2026-08-20 19:56:47,8753,38.29,15.09,0.0,3.91,60.9
2026-08-20 19:56:47,8754,36.53,31.75,23.52,5.05,71.7
2026-08-20 19:56:47,8755,37.09,8.45,0.0,4.38,81.6
2026-08-20 19:56:47,8756,39.53,9.8,0.0,5.36,68.2
2026-08-20 19:56:47,8757,37.14,57.76,24.52,5.24,69.6
2026-08-20 19:56:47,8758,40.3,8.84,0.0,5.63,80.0
2026-08-20 19:56:47,8759,40.02,19.53,0.0,6.57,61.9
2026-08-20 19:56:47,8760,38.37,30.48,22.01,5.33,70.0
2026-08-20 19:56:47,8761,37.32,17.57,0.0,13.04,70.0
2026-08-20 19:56:47,8762,37.92,8.46,0.0,4.97,75.6
2026-08-20 19:56:48,8763,36.15,41.89,24.64,4.32,73.3
2026-08-20 19:56:48,8764,39.58,8.94,0.0,5.22,65.0
2026-08-20 19:56:48,8765,37.84,37.74,0.0,7.3,68.3
2026-08-20 19:56:48,8766,36.51,31.29,24.77,3.78,84.9
2026-08-20 19:56:48,8767,36.75,8.67,0.0,4.28,55.6
2026-08-20 19:56:48,8768,39.26,8.67,0.0,4.45,65.0
2026-08-20 19:56:48,8769,36.9,56.68,23.33,5.43,71.6
2026-08-20 19:56:48,8770,40.34,9.18,0.0,6.05,65.0
2026-08-20 19:56:48,8771,40.01,20.06,0.0,5.74,67.5
2026-08-20 19:56:48,8772,38.76,32.29,22.72,4.9,75.0
2026-08-20 19:56:48,8773,38.41,25.4,0.0,4.99,71.8
2026-08-20 19:56:48,8774,40.12,7.45,0.0,4.11,66.7
2026-08-20 19:56:48,8775,37.31,75.46,32.53,6.34,85.8
2026-08-20 19:56:48,8776,39.93,9.87,0.0,6.23,92.9
2026-08-20 19:56:48,8777,39.9,7.77,0.0,3.8,59.3
2026-08-20 19:56:48,8778,38.52,30.53,22.13,4.34,74.6
2026-08-20 19:56:48,8779,38.18,21.54,0.0,4.4,60.9
2026-08-20 19:56:48,8780,37.9,9.51,0.0,6.21,70.0
2026-08-20 19:56:48,8781,35.76,54.02,25.68,5.86,70.0
2026-08-20 19:56:48,8782,32.98,16.08,0.0,12.54,68.9
2026-08-20 19:56:48,8783,35.58,7.06,0.0,3.75,73.7
2026-08-20 19:56:48,8784,34.24,36.13,21.78,4.5,67.2
2026-08-20 19:56:48,8785,35.87,9.47,0.0,5.2,65.0
2026-08-20 19:56:48,8786,34.81,33.14,0.0,4.53,76.7
2026-08-20 19:56:48,8787,33.47,32.36,24.94,4.28,70.0
2026-08-20 19:56:48,8788,34.44,7.58,0.0,4.32,65.0
2026-08-20 19:56:48,8789,36.54,9.54,0.0,5.24,85.7
2026-08-20 19:56:49,8790,34.57,52.88,19.85,5.5,63.6
2026-08-20 19:56:49,8791,36.6,8.54,0.0,5.43,65.0
2026-08-20 19:56:49,8792,36.66,19.51,0.0,7.27,72.5
2026-08-20 19:56:49,8793,35.26,31.68,24.01,4.1,68.3
2026-08-20 19:56:49,8794,35.88,8.3,0.0,4.49,75.0
2026-08-20 19:56:49,8795,38.3,8.96,0.0,5.64,68.2
2026-08-20 19:56:49,8796,36.0,58.27,24.72,3.89,70.9
2026-08-20 19:56:49,8797,38.84,10.33,0.0,7.21,66.7
2026-08-20 19:56:49,8798,37.33,38.03,0.0,5.11,65.1
2026-08-20 19:56:49,8799,36.01,30.26,23.47,3.69,74.5
2026-08-20 19:56:49,8800,36.23,8.43,0.0,5.33,69.0
2026-08-20 19:56:49,8801,39.46,8.09,0.0,4.07,80.0
2026-08-20 19:56:49,8802,36.95,61.47,24.11,5.71,70.9
2026-08-20 19:56:49,8803,37.2,7.38,0.0,4.16,66.7
2026-08-20 19:56:49,8804,38.78,10.09,0.0,6.0,70.0
2026-08-20 19:56:49,8805,37.87,27.95,18.88,3.94,75.0
2026-08-20 19:56:49,8806,37.84,8.03,0.0,3.93,68.3
2026-08-20 19:56:49,8807,40.8,6.74,0.0,3.8,68.4
2026-08-20 19:56:49,8808,38.13,61.74,22.28,3.72,77.9
2026-08-20 19:56:49,8809,43.59,6.93,0.0,3.79,76.2
2026-08-20 19:56:49,8810,41.4,42.82,0.0,4.85,74.2
2026-08-20 19:56:49,8811,39.74,34.22,25.54,4.86,73.3
2026-08-20 19:56:49,8812,40.19,17.44,0.0,4.31,70.0
2026-08-20 19:56:49,8813,41.73,8.55,0.0,4.4,65.0
2026-08-20 19:56:49,8814,38.96,63.39,24.53,4.34,69.0
2026-08-20 19:56:49,8815,39.37,8.29,0.0,5.05,66.7
2026-08-20 19:56:49,8816,40.64,10.6,0.0,5.06,70.0
2026-08-20 19:56:49,8817,38.36,34.8,26.02,5.23,68.8
2026-08-20 19:56:49,8818,44.18,7.51,0.0,4.33,75.0
2026-08-20 19:56:49,8819,48.47,8.07,0.0,4.87,0.0
2026-08-20 19:56:50,8820,45.08,62.88,22.4,4.62,71.0
2026-08-20 19:56:50,8821,49.22,6.4,0.0,3.65,89.5
2026-08-20 19:56:50,8822,46.42,28.19,0.0,3.85,68.3
2026-08-20 19:56:50,8823,43.87,29.43,21.01,5.25,70.7
2026-08-20 19:56:50,8824,43.24,7.26,0.0,3.83,56.5
2026-08-20 19:56:50,8825,44.71,9.13,0.0,5.06,77.3
2026-08-20 19:56:50,8826,41.94,52.92,23.08,5.16,75.6
2026-08-20 19:56:50,8827,43.09,6.92,0.0,3.95,75.0
2026-08-20 19:56:50,8828,43.19,17.59,0.0,4.01,72.5
2026-08-20 19:56:50,8829,41.42,34.8,24.32,7.41,75.0
2026-08-20 19:56:50,8830,41.02,17.33,0.0,5.95,72.5
2026-08-20 19:56:50,8831,45.32,7.65,0.0,4.2,82.4
2026-08-20 19:56:50,8832,42.24,51.14,19.96,4.42,67.5
2026-08-20 19:56:50,8833,46.15,7.75,0.0,4.91,70.0
2026-08-20 19:56:50,8834,43.62,42.95,0.0,3.93,68.3
2026-08-20 19:56:50,8835,41.88,33.78,23.78,4.83,75.0
2026-08-20 19:56:50,8836,41.09,21.23,0.0,5.9,61.9
2026-08-20 19:56:50,8837,42.1,8.79,0.0,5.28,70.0
2026-08-20 19:56:50,8838,39.43,60.96,23.12,5.47,68.4
2026-08-20 19:56:50,8839,42.26,9.31,0.0,6.53,76.2
2026-08-20 19:56:50,8840,41.47,22.16,0.0,6.57,71.8
2026-08-20 19:56:50,8841,39.96,28.58,21.67,3.94,72.5
2026-08-20 19:56:50,8842,40.17,19.07,0.0,4.77,73.2
2026-08-20 19:56:50,8843,39.49,18.75,0.0,13.71,74.4
2026-08-20 19:56:50,8844,37.32,50.2,22.22,4.99,70.5
2026-08-20 19:56:50,8845,41.68,7.34,0.0,4.87,65.0
2026-08-20 19:56:50,8846,39.75,40.91,0.0,4.28,70.0
2026-08-20 19:56:50,8847,38.06,33.93,26.76,4.03,72.1
2026-08-20 19:56:50,8848,38.37,9.3,0.0,6.03,90.9
2026-08-20 19:56:50,8849,42.06,8.56,0.0,5.0,75.0
2026-08-20 19:56:51,8850,39.3,61.51,22.92,4.97,76.5
2026-08-20 19:56:51,8851,38.31,18.18,0.0,12.59,76.2
2026-08-20 19:56:51,8852,38.92,8.72,0.0,5.49,65.0
2026-08-20 19:56:51,8853,37.83,28.9,21.56,4.16,72.5
2026-08-20 19:56:51,8854,41.35,10.75,0.0,3.78,85.0
2026-08-20 19:56:51,8855,44.39,8.47,0.0,5.29,65.0
2026-08-20 19:56:51,8856,41.4,61.32,20.57,4.08,71.1
2026-08-20 19:56:51,8857,41.26,7.2,0.0,4.47,54.2
2026-08-20 19:56:51,8858,39.8,29.34,0.0,4.07,73.2
2026-08-20 19:56:51,8859,39.02,27.93,19.55,4.33,72.5
2026-08-20 19:56:51,8860,38.46,10.97,0.0,3.81,54.2
2026-08-20 19:56:51,8861,38.17,7.97,0.0,4.88,72.5
2026-08-20 19:56:51,8862,36.08,49.97,20.02,4.91,70.0
2026-08-20 19:56:51,8863,37.3,7.06,0.0,3.84,65.0
2026-08-20 19:56:51,8864,37.71,15.3,0.0,6.76,70.0
2026-08-20 19:56:51,8865,35.85,36.12,28.74,4.16,71.7
2026-08-20 19:56:51,8866,37.18,8.41,0.0,5.1,90.0
2026-08-20 19:56:51,8867,40.08,7.55,0.0,4.01,70.0
2026-08-20 19:56:51,8868,37.65,54.8,25.32,3.81,69.1
2026-08-20 19:56:51,8869,39.55,8.99,0.0,4.93,77.8
2026-08-20 19:56:51,8870,38.29,30.03,0.0,3.84,70.5
2026-08-20 19:56:51,8871,37.67,29.27,21.25,4.29,73.2
2026-08-20 19:56:51,8872,36.47,21.7,0.0,7.8,68.3
2026-08-20 19:56:51,8873,38.26,8.07,0.0,4.66,78.9
2026-08-20 19:56:51,8874,35.81,65.11,22.79,13.28,67.1
2026-08-20 19:56:51,8875,36.72,7.77,0.0,4.25,77.5
2026-08-20 19:56:51,8876,38.71,9.32,0.0,6.06,70.0
2026-08-20 19:56:51,8877,38.04,28.26,19.48,5.21,71.8
2026-08-20 19:56:51,8878,38.58,16.18,0.0,4.01,61.9
2026-08-20 19:56:51,8879,39.05,7.42,0.0,4.15,73.2
2026-08-20 19:56:52,8880,36.53,63.62,28.93,3.94,70.0
2026-08-20 19:56:52,8881,37.58,7.32,0.0,4.14,70.0
2026-08-20 19:56:52,8882,37.34,20.8,0.0,4.56,70.0
2026-08-20 19:56:52,8883,36.0,31.0,24.02,3.79,70.0
2026-08-20 19:56:52,8884,36.26,8.62,0.0,5.79,71.1
2026-08-20 19:56:52,8885,39.94,9.97,0.0,5.86,66.7
2026-08-20 19:56:52,8886,37.38,61.76,21.98,5.22,70.4
2026-08-20 19:56:52,8887,41.35,8.76,0.0,5.95,70.0
2026-08-20 19:56:52,8888,40.49,25.81,0.0,5.28,80.5
2026-08-20 19:56:52,8889,39.1,34.56,24.99,5.46,75.9
2026-08-20 19:56:52,8890,39.48,18.76,0.0,3.92,61.5
2026-08-20 19:56:52,8891,41.23,9.64,0.0,4.23,85.0
2026-08-20 19:56:52,8892,38.59,62.35,21.58,4.09,76.8
2026-08-20 19:56:52,8893,38.57,7.68,0.0,3.95,72.5
2026-08-20 19:56:52,8894,37.73,26.03,0.0,3.85,81.0
2026-08-20 19:56:52,8895,35.79,35.16,26.23,5.68,75.3
2026-08-20 19:56:52,8896,36.82,8.87,0.0,4.68,75.0
2026-08-20 19:56:52,8897,40.26,11.2,0.0,7.41,85.7
2026-08-20 19:56:52,8898,37.8,56.87,23.66,7.22,70.0
2026-08-20 19:56:52,8899,41.02,7.55,0.0,4.47,65.0
2026-08-20 19:56:52,8900,40.87,15.61,0.0,6.38,75.0
2026-08-20 19:56:52,8901,39.67,31.3,21.98,6.29,70.0
2026-08-20 19:56:52,8902,39.05,17.26,0.0,5.65,72.5
2026-08-20 19:56:52,8903,38.27,16.44,0.0,13.44,70.7
2026-08-20 19:56:52,8904,36.32,47.99,24.56,3.85,68.3
2026-08-20 19:56:52,8905,40.83,7.74,0.0,4.66,70.0
2026-08-20 19:56:52,8906,38.96,32.17,0.0,5.31,73.3
2026-08-20 19:56:52,8907,37.79,33.3,24.76,5.62,68.3
2026-08-20 19:56:52,8908,37.88,15.34,0.0,4.36,85.4
2026-08-20 19:56:52,8909,42.07,8.4,0.0,5.12,85.0
2026-08-20 19:56:53,8910,39.23,53.97,21.02,5.84,71.2
2026-08-20 19:56:53,8911,42.2,8.91,0.0,5.41,75.0
2026-08-20 19:56:53,8912,41.39,25.41,0.0,5.83,72.5
2026-08-20 19:56:53,8913,40.2,29.34,20.31,6.1,70.0
2026-08-20 19:56:53,8914,39.44,26.62,0.0,5.76,72.5
2026-08-20 19:56:53,8915,42.22,9.71,0.0,6.67,71.4
2026-08-20 19:56:53,8916,39.41,59.86,24.69,5.34,70.6
2026-08-20 19:56:53,8917,39.22,6.98,0.0,3.78,71.1
2026-08-20 19:56:53,8918,38.85,19.15,0.0,3.99,59.1
2026-08-20 19:56:53,8919,37.15,32.24,24.22,4.72,70.0
2026-08-20 19:56:53,8920,33.72,7.34,0.0,4.23,42.6
2026-08-20 19:56:53,8921,34.8,6.34,0.0,3.42,19.2
2026-08-20 19:56:53,8922,33.8,31.11,23.73,3.6,31.5
2026-08-20 19:56:53,8923,34.2,8.32,0.0,4.42,87.8
2026-08-20 19:56:53,8924,37.42,7.98,0.0,4.14,70.0
2026-08-20 19:56:53,8925,36.13,35.34,22.25,5.0,75.9
2026-08-20 19:56:53,8926,37.08,6.44,0.0,3.76,63.6
2026-08-20 19:56:53,8927,38.76,11.57,0.0,3.56,70.0
2026-08-20 19:56:53,8928,36.95,27.73,20.3,4.18,74.2
2026-08-20 19:56:53,8929,38.52,12.88,0.0,4.94,85.7
2026-08-20 19:56:53,8930,39.12,6.73,0.0,3.73,56.0
2026-08-20 19:56:54,8931,36.84,51.89,22.68,3.59,81.9
2026-08-20 19:56:54,8932,41.62,7.15,0.0,3.68,75.0
2026-08-20 19:56:54,8933,39.53,44.91,0.0,5.03,68.3
2026-08-20 19:56:54,8934,35.74,30.98,20.8,6.27,19.6
2026-08-20 19:56:54,8935,36.83,8.24,0.0,5.16,65.0
2026-08-20 19:56:54,8936,39.23,8.71,0.0,5.62,65.0
2026-08-20 19:56:54,8937,38.08,28.74,20.82,3.98,71.2
2026-08-20 19:56:54,8938,38.02,6.84,0.0,3.78,61.9
2026-08-20 19:56:54,8939,39.75,9.14,0.0,5.27,65.0
2026-08-20 19:56:54,8940,38.75,27.47,18.46,5.74,74.1
2026-08-20 19:56:54,8941,38.15,11.06,0.0,5.75,77.3
2026-08-20 19:56:54,8942,42.29,7.66,0.0,4.62,0.0
2026-08-20 19:56:54,8943,40.98,26.45,18.78,4.46,75.0
2026-08-20 19:56:54,8944,42.14,14.44,0.0,3.44,69.6
2026-08-20 19:56:54,8945,46.98,7.17,0.0,4.34,0.0
2026-08-20 19:56:55,8946,43.5,76.07,24.07,7.33,75.8
2026-08-20 19:56:55,8947,42.84,8.3,0.0,4.29,61.9
2026-08-20 19:56:55,8948,44.63,8.63,0.0,5.33,86.5
2026-08-20 19:56:55,8949,42.63,33.36,21.56,6.82,79.1
2026-08-20 19:56:55,8950,42.64,9.21,0.0,5.91,85.0
2026-08-20 19:56:55,8951,44.93,8.4,0.0,5.02,76.2
2026-08-20 19:56:55,8952,41.89,61.36,24.89,5.85,76.5
2026-08-20 19:56:55,8953,41.56,7.74,0.0,4.56,71.1
2026-08-20 19:56:55,8954,40.71,22.09,0.0,6.82,73.2
2026-08-20 19:56:55,8955,38.95,33.86,25.07,3.95,70.7
2026-08-20 19:56:55,8956,39.46,8.54,0.0,5.33,77.5
2026-08-20 19:56:55,8957,41.73,8.63,0.0,4.9,80.0
2026-08-20 19:56:55,8958,39.02,61.05,23.9,5.74,73.8
2026-08-20 19:56:55,8959,41.6,10.02,0.0,6.24,70.0
2026-08-20 19:56:55,8960,41.36,20.6,0.0,6.6,75.0
2026-08-20 19:56:55,8961,40.11,30.59,22.11,5.86,78.0
2026-08-20 19:56:55,8962,39.63,25.35,0.0,5.29,80.0
2026-08-20 19:56:55,8963,40.35,12.27,0.0,6.51,75.0
2026-08-20 19:56:55,8964,37.84,46.89,22.87,5.15,75.0
2026-08-20 19:56:55,8965,34.76,22.77,0.0,16.28,74.5
2026-08-20 19:56:55,8966,33.19,16.27,0.0,9.27,91.9
2026-08-20 19:56:55,8967,32.2,37.33,26.07,7.97,61.3
2026-08-20 19:56:55,8968,33.15,10.23,0.0,5.7,95.7
2026-08-20 19:56:55,8969,35.8,9.48,0.0,6.48,85.7
2026-08-20 19:56:55,8970,34.42,39.69,31.21,5.93,75.0
2026-08-20 19:56:55,8971,37.94,8.56,0.0,4.36,85.0
2026-08-20 19:56:55,8972,39.99,10.7,0.0,7.26,80.0
2026-08-20 19:56:56,8973,37.71,53.01,32.7,5.61,84.3
2026-08-20 19:56:56,8974,39.46,7.65,0.0,4.47,65.0
2026-08-20 19:56:56,8975,39.06,18.81,0.0,5.94,75.0
2026-08-20 19:56:56,8976,37.98,31.27,24.6,3.98,70.0
2026-08-20 19:56:56,8977,37.82,23.53,0.0,7.46,70.0
2026-08-20 19:56:56,8978,43.04,6.58,0.0,4.17,73.7
2026-08-20 19:56:56,8979,40.1,69.04,21.8,5.82,71.6
2026-08-20 19:56:56,8980,43.92,8.36,0.0,5.7,83.3
2026-08-20 19:56:56,8981,42.63,23.28,0.0,4.79,65.9
2026-08-20 19:56:56,8982,40.8,33.1,23.83,6.06,70.5
2026-08-20 19:56:56,8983,41.2,7.76,0.0,4.26,65.0
2026-08-20 19:56:56,8984,43.32,7.89,0.0,4.32,65.0
2026-08-20 19:56:56,8985,40.52,58.02,20.74,4.79,70.0
2026-08-20 19:56:56,8986,39.84,8.15,0.0,5.11,72.5
2026-08-20 19:56:56,8987,39.05,25.7,0.0,5.21,75.0
2026-08-20 19:56:56,8988,37.05,30.52,22.81,4.06,79.7
2026-08-20 19:56:56,8989,40.55,9.15,0.0,6.37,66.7
2026-08-20 19:56:56,8990,40.06,8.39,0.0,4.74,66.7
2026-08-20 19:56:56,8991,37.59,61.24,22.44,12.6,77.9
2026-08-20 19:56:56,8992,37.02,11.41,0.0,6.88,72.5
2026-08-20 19:56:56,8993,39.53,11.52,0.0,6.54,65.2
2026-08-20 19:56:56,8994,37.48,33.75,25.64,4.85,66.7
2026-08-20 19:56:56,8995,38.05,8.83,0.0,5.29,65.0
2026-08-20 19:56:56,8996,41.43,10.8,0.0,5.33,85.0
2026-08-20 19:56:56,8997,39.32,39.93,25.0,6.43,72.1
2026-08-20 19:56:56,8998,41.65,8.42,0.0,5.19,66.7
2026-08-20 19:56:56,8999,40.12,31.39,0.0,5.23,69.5
2026-08-20 19:56:56,9000,38.9,32.21,24.78,4.26,75.0
2026-08-20 19:56:56,9001,38.87,13.55,0.0,4.4,79.5
2026-08-20 19:56:56,9002,38.51,9.96,0.0,4.82,72.5
2026-08-20 19:56:57,9003,36.29,55.12,24.33,4.99,73.8
2026-08-20 19:56:57,9004,38.14,9.87,0.0,6.33,78.9
2026-08-20 19:56:57,9005,38.17,19.86,0.0,7.39,65.2
2026-08-20 19:56:57,9006,36.64,31.0,23.24,4.54,72.9
2026-08-20 19:56:57,9007,36.96,8.11,0.0,4.97,75.0
2026-08-20 19:56:57,9008,39.86,7.32,0.0,4.07,75.0
2026-08-20 19:56:57,9009,37.58,49.98,21.25,4.01,70.5
2026-08-20 19:56:57,9010,41.79,8.47,0.0,5.55,0.0
2026-08-20 19:56:57,9011,39.65,34.08,0.0,4.58,65.7
2026-08-20 19:56:57,9012,37.92,30.76,22.72,4.36,70.6
2026-08-20 19:56:57,9013,40.11,8.84,0.0,4.39,70.0
2026-08-20 19:56:57,9014,39.85,9.73,0.0,5.86,80.0
2026-08-20 19:56:57,9015,37.48,57.67,23.42,5.15,77.8
2026-08-20 19:56:57,9016,40.53,9.71,0.0,6.34,65.0
2026-08-20 19:56:57,9017,40.1,19.24,0.0,6.03,75.0
2026-08-20 19:56:57,9018,37.92,42.12,23.89,14.71,72.1
2026-08-20 19:56:57,9019,37.99,7.56,0.0,4.39,85.0
2026-08-20 19:56:57,9020,35.09,14.91,0.0,8.76,72.9
2026-08-20 19:56:57,9021,32.61,47.01,33.3,7.85,84.3
2026-08-20 19:56:57,9022,34.65,10.23,0.0,4.66,88.6
2026-08-20 19:56:57,9023,34.41,12.78,0.0,7.43,67.7
2026-08-20 19:56:57,9024,32.64,40.81,31.82,5.76,74.0
2026-08-20 19:56:57,9025,36.83,8.93,0.0,5.57,80.0
2026-08-20 19:56:57,9026,39.89,8.83,0.0,5.2,70.0
2026-08-20 19:56:57,9027,38.24,37.08,26.01,5.02,73.3
2026-08-20 19:56:57,9028,40.07,11.34,0.0,6.74,81.0
2026-08-20 19:56:57,9029,40.22,12.32,0.0,7.32,82.5
2026-08-20 19:56:58,9030,38.13,44.58,28.91,6.89,76.7
2026-08-20 19:56:58,9031,38.5,9.26,0.0,5.43,65.0
2026-08-20 19:56:58,9032,38.18,21.73,0.0,10.06,80.0
2026-08-20 19:56:58,9033,36.63,34.42,23.75,6.73,73.3
2026-08-20 19:56:58,9034,37.26,9.74,0.0,5.68,77.1
2026-08-20 19:56:58,9035,39.37,11.85,0.0,6.36,64.0
2026-08-20 19:56:58,9036,37.07,56.87,27.26,4.87,73.4
2026-08-20 19:56:58,9037,38.81,11.67,0.0,6.72,70.0
2026-08-20 19:56:58,9038,38.05,11.66,0.0,7.53,85.7
2026-08-20 19:56:58,9039,36.94,33.24,24.81,5.72,77.5
2026-08-20 19:56:58,9040,37.17,11.73,0.0,6.42,73.2
2026-08-20 19:56:58,9041,36.77,10.87,0.0,5.68,72.5
2026-08-20 19:56:58,9042,35.0,47.61,26.59,6.69,87.1
2026-08-20 19:56:58,9043,39.51,8.61,0.0,5.25,90.0
2026-08-20 19:56:58,9044,37.92,22.94,0.0,5.51,85.5
2026-08-20 19:56:58,9045,36.45,34.39,26.86,4.18,65.2
2026-08-20 19:56:58,9046,37.2,9.23,0.0,5.96,69.2
2026-08-20 19:56:58,9047,38.97,11.48,0.0,7.52,71.4
2026-08-20 19:56:58,9048,36.6,60.52,24.85,6.46,80.2
2026-08-20 19:56:58,9049,39.55,9.34,0.0,6.25,75.0
2026-08-20 19:56:58,9050,38.89,10.83,0.0,5.67,78.0
2026-08-20 19:56:58,9051,37.39,36.76,26.24,6.69,80.7
2026-08-20 19:56:58,9052,39.02,8.78,0.0,5.65,60.9
2026-08-20 19:56:58,9053,41.04,9.75,0.0,4.41,65.0
2026-08-20 19:56:58,9054,38.36,65.16,27.72,4.58,72.5
2026-08-20 19:56:58,9055,38.92,8.34,0.0,4.75,70.0
2026-08-20 19:56:58,9056,37.98,26.34,0.0,6.58,67.5
2026-08-20 19:56:58,9057,36.93,31.62,23.35,5.28,75.6
2026-08-20 19:56:58,9058,37.33,8.52,0.0,4.23,87.8
2026-08-20 19:56:58,9059,41.71,9.58,0.0,5.67,95.0
2026-08-20 19:56:59,9060,38.92,60.91,23.49,4.0,75.6
2026-08-20 19:56:59,9061,37.94,22.94,0.0,12.83,93.3
2026-08-20 19:56:59,9062,36.25,32.75,0.0,14.38,70.0
